# Humanoid Unit-07 - procedurally generated from the reference sheet
# 16064 vertices, 26784 faces
mtllib unit07.mtl
o Unit-07
v 0.00000 1.87500 0.00000
v 0.00000 1.87500 0.00000
v 0.00000 1.87500 0.00000
v 0.00000 1.87500 0.00000
v 0.00000 1.87500 0.00000
v 0.00000 1.87500 0.00000
v 0.00000 1.87500 0.00000
v 0.00000 1.87500 0.00000
v 0.00000 1.87500 0.00000
v 0.00000 1.87500 0.00000
v 0.00000 1.87500 0.00000
v 0.00000 1.87500 0.00000
v 0.00000 1.87500 0.00000
v 0.00000 1.87500 0.00000
v 0.00000 1.87500 0.00000
v 0.00000 1.87500 0.00000
v 0.00000 1.87500 0.00000
v 0.00000 1.87500 0.00000
v 0.00000 1.87500 0.00000
v 0.00000 1.87500 0.00000
v 0.00000 1.87500 0.00000
v 0.03227 1.87162 0.00000
v 0.03069 1.87162 0.01066
v 0.02610 1.87162 0.02027
v 0.01897 1.87162 0.02790
v 0.00997 1.87162 0.03280
v 0.00000 1.87162 0.03449
v -0.00997 1.87162 0.03280
v -0.01897 1.87162 0.02790
v -0.02610 1.87162 0.02027
v -0.03069 1.87162 0.01066
v -0.03227 1.87162 0.00000
v -0.03069 1.87162 -0.01066
v -0.02610 1.87162 -0.02027
v -0.01897 1.87162 -0.02790
v -0.00997 1.87162 -0.03280
v -0.00000 1.87162 -0.03449
v 0.00997 1.87162 -0.03280
v 0.01897 1.87162 -0.02790
v 0.02610 1.87162 -0.02027
v 0.03069 1.87162 -0.01066
v 0.03227 1.87162 -0.00000
v 0.06291 1.86163 0.00000
v 0.05983 1.86163 0.02078
v 0.05090 1.86163 0.03953
v 0.03698 1.86163 0.05441
v 0.01944 1.86163 0.06396
v 0.00000 1.86163 0.06725
v -0.01944 1.86163 0.06396
v -0.03698 1.86163 0.05441
v -0.05090 1.86163 0.03953
v -0.05983 1.86163 0.02078
v -0.06291 1.86163 0.00000
v -0.05983 1.86163 -0.02078
v -0.05090 1.86163 -0.03953
v -0.03698 1.86163 -0.05441
v -0.01944 1.86163 -0.06396
v -0.00000 1.86163 -0.06725
v 0.01944 1.86163 -0.06396
v 0.03698 1.86163 -0.05441
v 0.05090 1.86163 -0.03953
v 0.05983 1.86163 -0.02078
v 0.06291 1.86163 -0.00000
v 0.09041 1.84555 0.00000
v 0.08598 1.84555 0.02986
v 0.07314 1.84555 0.05680
v 0.05314 1.84555 0.07818
v 0.02794 1.84555 0.09191
v 0.00000 1.84555 0.09664
v -0.02794 1.84555 0.09191
v -0.05314 1.84555 0.07818
v -0.07314 1.84555 0.05680
v -0.08598 1.84555 0.02986
v -0.09041 1.84555 0.00000
v -0.08598 1.84555 -0.02986
v -0.07314 1.84555 -0.05680
v -0.05314 1.84555 -0.07818
v -0.02794 1.84555 -0.09191
v -0.00000 1.84555 -0.09664
v 0.02794 1.84555 -0.09191
v 0.05314 1.84555 -0.07818
v 0.07314 1.84555 -0.05680
v 0.08598 1.84555 -0.02986
v 0.09041 1.84555 -0.00000
v 0.11337 1.82417 0.00000
v 0.10782 1.82417 0.03745
v 0.09171 1.82417 0.07123
v 0.06663 1.82417 0.09804
v 0.03503 1.82417 0.11525
v 0.00000 1.82417 0.12118
v -0.03503 1.82417 0.11525
v -0.06663 1.82417 0.09804
v -0.09171 1.82417 0.07123
v -0.10782 1.82417 0.03745
v -0.11337 1.82417 0.00000
v -0.10782 1.82417 -0.03745
v -0.09171 1.82417 -0.07123
v -0.06663 1.82417 -0.09804
v -0.03503 1.82417 -0.11525
v -0.00000 1.82417 -0.12118
v 0.03503 1.82417 -0.11525
v 0.06663 1.82417 -0.09804
v 0.09171 1.82417 -0.07123
v 0.10782 1.82417 -0.03745
v 0.11337 1.82417 -0.00000
v 0.13064 1.79857 0.00000
v 0.12425 1.79857 0.04315
v 0.10569 1.79857 0.08208
v 0.07679 1.79857 0.11298
v 0.04037 1.79857 0.13282
v 0.00000 1.79857 0.13965
v -0.04037 1.79857 0.13282
v -0.07679 1.79857 0.11298
v -0.10569 1.79857 0.08208
v -0.12425 1.79857 0.04315
v -0.13064 1.79857 0.00000
v -0.12425 1.79857 -0.04315
v -0.10569 1.79857 -0.08208
v -0.07679 1.79857 -0.11298
v -0.04037 1.79857 -0.13282
v -0.00000 1.79857 -0.13965
v 0.04037 1.79857 -0.13282
v 0.07679 1.79857 -0.11298
v 0.10569 1.79857 -0.08208
v 0.12425 1.79857 -0.04315
v 0.13064 1.79857 -0.00000
v 0.14136 1.77004 0.00000
v 0.13445 1.77004 0.04670
v 0.11437 1.77004 0.08882
v 0.08309 1.77004 0.12225
v 0.04368 1.77004 0.14372
v 0.00000 1.77004 0.15111
v -0.04368 1.77004 0.14372
v -0.08309 1.77004 0.12225
v -0.11437 1.77004 0.08882
v -0.13445 1.77004 0.04670
v -0.14136 1.77004 0.00000
v -0.13445 1.77004 -0.04670
v -0.11437 1.77004 -0.08882
v -0.08309 1.77004 -0.12225
v -0.04368 1.77004 -0.14372
v -0.00000 1.77004 -0.15111
v 0.04368 1.77004 -0.14372
v 0.08309 1.77004 -0.12225
v 0.11437 1.77004 -0.08882
v 0.13445 1.77004 -0.04670
v 0.14136 1.77004 -0.00000
v 0.14500 1.74000 0.00000
v 0.13790 1.74000 0.04790
v 0.11731 1.74000 0.09111
v 0.08523 1.74000 0.12540
v 0.04481 1.74000 0.14741
v 0.00000 1.74000 0.15500
v -0.04481 1.74000 0.14741
v -0.08523 1.74000 0.12540
v -0.11731 1.74000 0.09111
v -0.13790 1.74000 0.04790
v -0.14500 1.74000 0.00000
v -0.13790 1.74000 -0.04790
v -0.11731 1.74000 -0.09111
v -0.08523 1.74000 -0.12540
v -0.04481 1.74000 -0.14741
v -0.00000 1.74000 -0.15500
v 0.04481 1.74000 -0.14741
v 0.08523 1.74000 -0.12540
v 0.11731 1.74000 -0.09111
v 0.13790 1.74000 -0.04790
v 0.14500 1.74000 -0.00000
v 0.14136 1.70996 0.00000
v 0.13445 1.70996 0.04670
v 0.11437 1.70996 0.08882
v 0.08309 1.70996 0.12225
v 0.04368 1.70996 0.14372
v 0.00000 1.70996 0.15111
v -0.04368 1.70996 0.14372
v -0.08309 1.70996 0.12225
v -0.11437 1.70996 0.08882
v -0.13445 1.70996 0.04670
v -0.14136 1.70996 0.00000
v -0.13445 1.70996 -0.04670
v -0.11437 1.70996 -0.08882
v -0.08309 1.70996 -0.12225
v -0.04368 1.70996 -0.14372
v -0.00000 1.70996 -0.15111
v 0.04368 1.70996 -0.14372
v 0.08309 1.70996 -0.12225
v 0.11437 1.70996 -0.08882
v 0.13445 1.70996 -0.04670
v 0.14136 1.70996 -0.00000
v 0.13064 1.68143 0.00000
v 0.12425 1.68143 0.04315
v 0.10569 1.68143 0.08208
v 0.07679 1.68143 0.11298
v 0.04037 1.68143 0.13282
v 0.00000 1.68143 0.13965
v -0.04037 1.68143 0.13282
v -0.07679 1.68143 0.11298
v -0.10569 1.68143 0.08208
v -0.12425 1.68143 0.04315
v -0.13064 1.68143 0.00000
v -0.12425 1.68143 -0.04315
v -0.10569 1.68143 -0.08208
v -0.07679 1.68143 -0.11298
v -0.04037 1.68143 -0.13282
v -0.00000 1.68143 -0.13965
v 0.04037 1.68143 -0.13282
v 0.07679 1.68143 -0.11298
v 0.10569 1.68143 -0.08208
v 0.12425 1.68143 -0.04315
v 0.13064 1.68143 -0.00000
v 0.11337 1.65583 0.00000
v 0.10782 1.65583 0.03745
v 0.09171 1.65583 0.07123
v 0.06663 1.65583 0.09804
v 0.03503 1.65583 0.11525
v 0.00000 1.65583 0.12118
v -0.03503 1.65583 0.11525
v -0.06663 1.65583 0.09804
v -0.09171 1.65583 0.07123
v -0.10782 1.65583 0.03745
v -0.11337 1.65583 0.00000
v -0.10782 1.65583 -0.03745
v -0.09171 1.65583 -0.07123
v -0.06663 1.65583 -0.09804
v -0.03503 1.65583 -0.11525
v -0.00000 1.65583 -0.12118
v 0.03503 1.65583 -0.11525
v 0.06663 1.65583 -0.09804
v 0.09171 1.65583 -0.07123
v 0.10782 1.65583 -0.03745
v 0.11337 1.65583 -0.00000
v 0.09041 1.63445 0.00000
v 0.08598 1.63445 0.02986
v 0.07314 1.63445 0.05680
v 0.05314 1.63445 0.07818
v 0.02794 1.63445 0.09191
v 0.00000 1.63445 0.09664
v -0.02794 1.63445 0.09191
v -0.05314 1.63445 0.07818
v -0.07314 1.63445 0.05680
v -0.08598 1.63445 0.02986
v -0.09041 1.63445 0.00000
v -0.08598 1.63445 -0.02986
v -0.07314 1.63445 -0.05680
v -0.05314 1.63445 -0.07818
v -0.02794 1.63445 -0.09191
v -0.00000 1.63445 -0.09664
v 0.02794 1.63445 -0.09191
v 0.05314 1.63445 -0.07818
v 0.07314 1.63445 -0.05680
v 0.08598 1.63445 -0.02986
v 0.09041 1.63445 -0.00000
v 0.06291 1.61837 0.00000
v 0.05983 1.61837 0.02078
v 0.05090 1.61837 0.03953
v 0.03698 1.61837 0.05441
v 0.01944 1.61837 0.06396
v 0.00000 1.61837 0.06725
v -0.01944 1.61837 0.06396
v -0.03698 1.61837 0.05441
v -0.05090 1.61837 0.03953
v -0.05983 1.61837 0.02078
v -0.06291 1.61837 0.00000
v -0.05983 1.61837 -0.02078
v -0.05090 1.61837 -0.03953
v -0.03698 1.61837 -0.05441
v -0.01944 1.61837 -0.06396
v -0.00000 1.61837 -0.06725
v 0.01944 1.61837 -0.06396
v 0.03698 1.61837 -0.05441
v 0.05090 1.61837 -0.03953
v 0.05983 1.61837 -0.02078
v 0.06291 1.61837 -0.00000
v 0.03227 1.60838 0.00000
v 0.03069 1.60838 0.01066
v 0.02610 1.60838 0.02027
v 0.01897 1.60838 0.02790
v 0.00997 1.60838 0.03280
v 0.00000 1.60838 0.03449
v -0.00997 1.60838 0.03280
v -0.01897 1.60838 0.02790
v -0.02610 1.60838 0.02027
v -0.03069 1.60838 0.01066
v -0.03227 1.60838 0.00000
v -0.03069 1.60838 -0.01066
v -0.02610 1.60838 -0.02027
v -0.01897 1.60838 -0.02790
v -0.00997 1.60838 -0.03280
v -0.00000 1.60838 -0.03449
v 0.00997 1.60838 -0.03280
v 0.01897 1.60838 -0.02790
v 0.02610 1.60838 -0.02027
v 0.03069 1.60838 -0.01066
v 0.03227 1.60838 -0.00000
v 0.00000 1.60500 0.00000
v 0.00000 1.60500 0.00000
v 0.00000 1.60500 0.00000
v 0.00000 1.60500 0.00000
v 0.00000 1.60500 0.00000
v 0.00000 1.60500 0.00000
v -0.00000 1.60500 0.00000
v -0.00000 1.60500 0.00000
v -0.00000 1.60500 0.00000
v -0.00000 1.60500 0.00000
v -0.00000 1.60500 0.00000
v -0.00000 1.60500 -0.00000
v -0.00000 1.60500 -0.00000
v -0.00000 1.60500 -0.00000
v -0.00000 1.60500 -0.00000
v -0.00000 1.60500 -0.00000
v 0.00000 1.60500 -0.00000
v 0.00000 1.60500 -0.00000
v 0.00000 1.60500 -0.00000
v 0.00000 1.60500 -0.00000
v 0.00000 1.60500 -0.00000
v -0.08250 1.63500 0.11550
v 0.08250 1.63500 0.11550
v 0.08250 1.83500 0.11550
v -0.08250 1.83500 0.11550
v -0.08250 1.63500 0.16050
v 0.08250 1.63500 0.16050
v 0.08250 1.83500 0.16050
v -0.08250 1.83500 0.16050
v -0.04500 1.78020 0.16300
v -0.04500 1.78020 0.16300
v -0.04500 1.78020 0.16300
v -0.04500 1.78020 0.16300
v -0.04500 1.78020 0.16300
v -0.04500 1.78020 0.16300
v -0.04500 1.78020 0.16300
v -0.04500 1.78020 0.16300
v -0.04500 1.78020 0.16300
v -0.04500 1.78020 0.16300
v -0.04500 1.78020 0.16300
v -0.04500 1.78020 0.16300
v -0.04500 1.78020 0.16300
v -0.04500 1.78020 0.16300
v -0.04500 1.78020 0.16300
v -0.04500 1.78020 0.16300
v -0.04500 1.78020 0.16300
v -0.04500 1.78020 0.16300
v -0.04500 1.78020 0.16300
v -0.04500 1.78020 0.16300
v -0.04500 1.78020 0.16300
v -0.04099 1.77957 0.16300
v -0.04119 1.77957 0.16374
v -0.04176 1.77957 0.16441
v -0.04265 1.77957 0.16494
v -0.04376 1.77957 0.16529
v -0.04500 1.77957 0.16540
v -0.04624 1.77957 0.16529
v -0.04735 1.77957 0.16494
v -0.04824 1.77957 0.16441
v -0.04881 1.77957 0.16374
v -0.04901 1.77957 0.16300
v -0.04881 1.77957 0.16226
v -0.04824 1.77957 0.16159
v -0.04735 1.77957 0.16106
v -0.04624 1.77957 0.16071
v -0.04500 1.77957 0.16060
v -0.04376 1.77957 0.16071
v -0.04265 1.77957 0.16106
v -0.04176 1.77957 0.16159
v -0.04119 1.77957 0.16226
v -0.04099 1.77957 0.16300
v -0.03719 1.77770 0.16300
v -0.03757 1.77770 0.16445
v -0.03868 1.77770 0.16575
v -0.04041 1.77770 0.16679
v -0.04259 1.77770 0.16746
v -0.04500 1.77770 0.16769
v -0.04741 1.77770 0.16746
v -0.04959 1.77770 0.16679
v -0.05132 1.77770 0.16575
v -0.05243 1.77770 0.16445
v -0.05281 1.77770 0.16300
v -0.05243 1.77770 0.16155
v -0.05132 1.77770 0.16025
v -0.04959 1.77770 0.15921
v -0.04741 1.77770 0.15854
v -0.04500 1.77770 0.15831
v -0.04259 1.77770 0.15854
v -0.04041 1.77770 0.15921
v -0.03868 1.77770 0.16025
v -0.03757 1.77770 0.16155
v -0.03719 1.77770 0.16300
v -0.03378 1.77470 0.16300
v -0.03433 1.77470 0.16508
v -0.03592 1.77470 0.16696
v -0.03840 1.77470 0.16845
v -0.04153 1.77470 0.16940
v -0.04500 1.77470 0.16973
v -0.04847 1.77470 0.16940
v -0.05160 1.77470 0.16845
v -0.05408 1.77470 0.16696
v -0.05567 1.77470 0.16508
v -0.05622 1.77470 0.16300
v -0.05567 1.77470 0.16092
v -0.05408 1.77470 0.15904
v -0.05160 1.77470 0.15755
v -0.04847 1.77470 0.15660
v -0.04500 1.77470 0.15627
v -0.04153 1.77470 0.15660
v -0.03840 1.77470 0.15755
v -0.03592 1.77470 0.15904
v -0.03433 1.77470 0.16092
v -0.03378 1.77470 0.16300
v -0.03093 1.77071 0.16300
v -0.03162 1.77071 0.16561
v -0.03361 1.77071 0.16796
v -0.03673 1.77071 0.16983
v -0.04065 1.77071 0.17103
v -0.04500 1.77071 0.17144
v -0.04935 1.77071 0.17103
v -0.05327 1.77071 0.16983
v -0.05639 1.77071 0.16796
v -0.05838 1.77071 0.16561
v -0.05907 1.77071 0.16300
v -0.05838 1.77071 0.16039
v -0.05639 1.77071 0.15804
v -0.05327 1.77071 0.15617
v -0.04935 1.77071 0.15497
v -0.04500 1.77071 0.15456
v -0.04065 1.77071 0.15497
v -0.03673 1.77071 0.15617
v -0.03361 1.77071 0.15804
v -0.03162 1.77071 0.16039
v -0.03093 1.77071 0.16300
v -0.02878 1.76593 0.16300
v -0.02958 1.76593 0.16601
v -0.03188 1.76593 0.16872
v -0.03547 1.76593 0.17087
v -0.03999 1.76593 0.17225
v -0.04500 1.76593 0.17273
v -0.05001 1.76593 0.17225
v -0.05453 1.76593 0.17087
v -0.05812 1.76593 0.16872
v -0.06042 1.76593 0.16601
v -0.06122 1.76593 0.16300
v -0.06042 1.76593 0.15999
v -0.05812 1.76593 0.15728
v -0.05453 1.76593 0.15513
v -0.05001 1.76593 0.15375
v -0.04500 1.76593 0.15327
v -0.03999 1.76593 0.15375
v -0.03547 1.76593 0.15513
v -0.03188 1.76593 0.15728
v -0.02958 1.76593 0.15999
v -0.02878 1.76593 0.16300
v -0.02745 1.76061 0.16300
v -0.02831 1.76061 0.16625
v -0.03080 1.76061 0.16919
v -0.03469 1.76061 0.17152
v -0.03958 1.76061 0.17301
v -0.04500 1.76061 0.17353
v -0.05042 1.76061 0.17301
v -0.05531 1.76061 0.17152
v -0.05920 1.76061 0.16919
v -0.06169 1.76061 0.16625
v -0.06255 1.76061 0.16300
v -0.06169 1.76061 0.15975
v -0.05920 1.76061 0.15681
v -0.05531 1.76061 0.15448
v -0.05042 1.76061 0.15299
v -0.04500 1.76061 0.15247
v -0.03958 1.76061 0.15299
v -0.03469 1.76061 0.15448
v -0.03080 1.76061 0.15681
v -0.02831 1.76061 0.15975
v -0.02745 1.76061 0.16300
v -0.02700 1.75500 0.16300
v -0.02788 1.75500 0.16634
v -0.03044 1.75500 0.16935
v -0.03442 1.75500 0.17174
v -0.03944 1.75500 0.17327
v -0.04500 1.75500 0.17380
v -0.05056 1.75500 0.17327
v -0.05558 1.75500 0.17174
v -0.05956 1.75500 0.16935
v -0.06212 1.75500 0.16634
v -0.06300 1.75500 0.16300
v -0.06212 1.75500 0.15966
v -0.05956 1.75500 0.15665
v -0.05558 1.75500 0.15426
v -0.05056 1.75500 0.15273
v -0.04500 1.75500 0.15220
v -0.03944 1.75500 0.15273
v -0.03442 1.75500 0.15426
v -0.03044 1.75500 0.15665
v -0.02788 1.75500 0.15966
v -0.02700 1.75500 0.16300
v -0.02745 1.74939 0.16300
v -0.02831 1.74939 0.16625
v -0.03080 1.74939 0.16919
v -0.03469 1.74939 0.17152
v -0.03958 1.74939 0.17301
v -0.04500 1.74939 0.17353
v -0.05042 1.74939 0.17301
v -0.05531 1.74939 0.17152
v -0.05920 1.74939 0.16919
v -0.06169 1.74939 0.16625
v -0.06255 1.74939 0.16300
v -0.06169 1.74939 0.15975
v -0.05920 1.74939 0.15681
v -0.05531 1.74939 0.15448
v -0.05042 1.74939 0.15299
v -0.04500 1.74939 0.15247
v -0.03958 1.74939 0.15299
v -0.03469 1.74939 0.15448
v -0.03080 1.74939 0.15681
v -0.02831 1.74939 0.15975
v -0.02745 1.74939 0.16300
v -0.02878 1.74407 0.16300
v -0.02958 1.74407 0.16601
v -0.03188 1.74407 0.16872
v -0.03547 1.74407 0.17087
v -0.03999 1.74407 0.17225
v -0.04500 1.74407 0.17273
v -0.05001 1.74407 0.17225
v -0.05453 1.74407 0.17087
v -0.05812 1.74407 0.16872
v -0.06042 1.74407 0.16601
v -0.06122 1.74407 0.16300
v -0.06042 1.74407 0.15999
v -0.05812 1.74407 0.15728
v -0.05453 1.74407 0.15513
v -0.05001 1.74407 0.15375
v -0.04500 1.74407 0.15327
v -0.03999 1.74407 0.15375
v -0.03547 1.74407 0.15513
v -0.03188 1.74407 0.15728
v -0.02958 1.74407 0.15999
v -0.02878 1.74407 0.16300
v -0.03093 1.73929 0.16300
v -0.03162 1.73929 0.16561
v -0.03361 1.73929 0.16796
v -0.03673 1.73929 0.16983
v -0.04065 1.73929 0.17103
v -0.04500 1.73929 0.17144
v -0.04935 1.73929 0.17103
v -0.05327 1.73929 0.16983
v -0.05639 1.73929 0.16796
v -0.05838 1.73929 0.16561
v -0.05907 1.73929 0.16300
v -0.05838 1.73929 0.16039
v -0.05639 1.73929 0.15804
v -0.05327 1.73929 0.15617
v -0.04935 1.73929 0.15497
v -0.04500 1.73929 0.15456
v -0.04065 1.73929 0.15497
v -0.03673 1.73929 0.15617
v -0.03361 1.73929 0.15804
v -0.03162 1.73929 0.16039
v -0.03093 1.73929 0.16300
v -0.03378 1.73530 0.16300
v -0.03433 1.73530 0.16508
v -0.03592 1.73530 0.16696
v -0.03840 1.73530 0.16845
v -0.04153 1.73530 0.16940
v -0.04500 1.73530 0.16973
v -0.04847 1.73530 0.16940
v -0.05160 1.73530 0.16845
v -0.05408 1.73530 0.16696
v -0.05567 1.73530 0.16508
v -0.05622 1.73530 0.16300
v -0.05567 1.73530 0.16092
v -0.05408 1.73530 0.15904
v -0.05160 1.73530 0.15755
v -0.04847 1.73530 0.15660
v -0.04500 1.73530 0.15627
v -0.04153 1.73530 0.15660
v -0.03840 1.73530 0.15755
v -0.03592 1.73530 0.15904
v -0.03433 1.73530 0.16092
v -0.03378 1.73530 0.16300
v -0.03719 1.73230 0.16300
v -0.03757 1.73230 0.16445
v -0.03868 1.73230 0.16575
v -0.04041 1.73230 0.16679
v -0.04259 1.73230 0.16746
v -0.04500 1.73230 0.16769
v -0.04741 1.73230 0.16746
v -0.04959 1.73230 0.16679
v -0.05132 1.73230 0.16575
v -0.05243 1.73230 0.16445
v -0.05281 1.73230 0.16300
v -0.05243 1.73230 0.16155
v -0.05132 1.73230 0.16025
v -0.04959 1.73230 0.15921
v -0.04741 1.73230 0.15854
v -0.04500 1.73230 0.15831
v -0.04259 1.73230 0.15854
v -0.04041 1.73230 0.15921
v -0.03868 1.73230 0.16025
v -0.03757 1.73230 0.16155
v -0.03719 1.73230 0.16300
v -0.04099 1.73043 0.16300
v -0.04119 1.73043 0.16374
v -0.04176 1.73043 0.16441
v -0.04265 1.73043 0.16494
v -0.04376 1.73043 0.16529
v -0.04500 1.73043 0.16540
v -0.04624 1.73043 0.16529
v -0.04735 1.73043 0.16494
v -0.04824 1.73043 0.16441
v -0.04881 1.73043 0.16374
v -0.04901 1.73043 0.16300
v -0.04881 1.73043 0.16226
v -0.04824 1.73043 0.16159
v -0.04735 1.73043 0.16106
v -0.04624 1.73043 0.16071
v -0.04500 1.73043 0.16060
v -0.04376 1.73043 0.16071
v -0.04265 1.73043 0.16106
v -0.04176 1.73043 0.16159
v -0.04119 1.73043 0.16226
v -0.04099 1.73043 0.16300
v -0.04500 1.72980 0.16300
v -0.04500 1.72980 0.16300
v -0.04500 1.72980 0.16300
v -0.04500 1.72980 0.16300
v -0.04500 1.72980 0.16300
v -0.04500 1.72980 0.16300
v -0.04500 1.72980 0.16300
v -0.04500 1.72980 0.16300
v -0.04500 1.72980 0.16300
v -0.04500 1.72980 0.16300
v -0.04500 1.72980 0.16300
v -0.04500 1.72980 0.16300
v -0.04500 1.72980 0.16300
v -0.04500 1.72980 0.16300
v -0.04500 1.72980 0.16300
v -0.04500 1.72980 0.16300
v -0.04500 1.72980 0.16300
v -0.04500 1.72980 0.16300
v -0.04500 1.72980 0.16300
v -0.04500 1.72980 0.16300
v -0.04500 1.72980 0.16300
v 0.04500 1.78020 0.16300
v 0.04500 1.78020 0.16300
v 0.04500 1.78020 0.16300
v 0.04500 1.78020 0.16300
v 0.04500 1.78020 0.16300
v 0.04500 1.78020 0.16300
v 0.04500 1.78020 0.16300
v 0.04500 1.78020 0.16300
v 0.04500 1.78020 0.16300
v 0.04500 1.78020 0.16300
v 0.04500 1.78020 0.16300
v 0.04500 1.78020 0.16300
v 0.04500 1.78020 0.16300
v 0.04500 1.78020 0.16300
v 0.04500 1.78020 0.16300
v 0.04500 1.78020 0.16300
v 0.04500 1.78020 0.16300
v 0.04500 1.78020 0.16300
v 0.04500 1.78020 0.16300
v 0.04500 1.78020 0.16300
v 0.04500 1.78020 0.16300
v 0.04901 1.77957 0.16300
v 0.04881 1.77957 0.16374
v 0.04824 1.77957 0.16441
v 0.04735 1.77957 0.16494
v 0.04624 1.77957 0.16529
v 0.04500 1.77957 0.16540
v 0.04376 1.77957 0.16529
v 0.04265 1.77957 0.16494
v 0.04176 1.77957 0.16441
v 0.04119 1.77957 0.16374
v 0.04099 1.77957 0.16300
v 0.04119 1.77957 0.16226
v 0.04176 1.77957 0.16159
v 0.04265 1.77957 0.16106
v 0.04376 1.77957 0.16071
v 0.04500 1.77957 0.16060
v 0.04624 1.77957 0.16071
v 0.04735 1.77957 0.16106
v 0.04824 1.77957 0.16159
v 0.04881 1.77957 0.16226
v 0.04901 1.77957 0.16300
v 0.05281 1.77770 0.16300
v 0.05243 1.77770 0.16445
v 0.05132 1.77770 0.16575
v 0.04959 1.77770 0.16679
v 0.04741 1.77770 0.16746
v 0.04500 1.77770 0.16769
v 0.04259 1.77770 0.16746
v 0.04041 1.77770 0.16679
v 0.03868 1.77770 0.16575
v 0.03757 1.77770 0.16445
v 0.03719 1.77770 0.16300
v 0.03757 1.77770 0.16155
v 0.03868 1.77770 0.16025
v 0.04041 1.77770 0.15921
v 0.04259 1.77770 0.15854
v 0.04500 1.77770 0.15831
v 0.04741 1.77770 0.15854
v 0.04959 1.77770 0.15921
v 0.05132 1.77770 0.16025
v 0.05243 1.77770 0.16155
v 0.05281 1.77770 0.16300
v 0.05622 1.77470 0.16300
v 0.05567 1.77470 0.16508
v 0.05408 1.77470 0.16696
v 0.05160 1.77470 0.16845
v 0.04847 1.77470 0.16940
v 0.04500 1.77470 0.16973
v 0.04153 1.77470 0.16940
v 0.03840 1.77470 0.16845
v 0.03592 1.77470 0.16696
v 0.03433 1.77470 0.16508
v 0.03378 1.77470 0.16300
v 0.03433 1.77470 0.16092
v 0.03592 1.77470 0.15904
v 0.03840 1.77470 0.15755
v 0.04153 1.77470 0.15660
v 0.04500 1.77470 0.15627
v 0.04847 1.77470 0.15660
v 0.05160 1.77470 0.15755
v 0.05408 1.77470 0.15904
v 0.05567 1.77470 0.16092
v 0.05622 1.77470 0.16300
v 0.05907 1.77071 0.16300
v 0.05838 1.77071 0.16561
v 0.05639 1.77071 0.16796
v 0.05327 1.77071 0.16983
v 0.04935 1.77071 0.17103
v 0.04500 1.77071 0.17144
v 0.04065 1.77071 0.17103
v 0.03673 1.77071 0.16983
v 0.03361 1.77071 0.16796
v 0.03162 1.77071 0.16561
v 0.03093 1.77071 0.16300
v 0.03162 1.77071 0.16039
v 0.03361 1.77071 0.15804
v 0.03673 1.77071 0.15617
v 0.04065 1.77071 0.15497
v 0.04500 1.77071 0.15456
v 0.04935 1.77071 0.15497
v 0.05327 1.77071 0.15617
v 0.05639 1.77071 0.15804
v 0.05838 1.77071 0.16039
v 0.05907 1.77071 0.16300
v 0.06122 1.76593 0.16300
v 0.06042 1.76593 0.16601
v 0.05812 1.76593 0.16872
v 0.05453 1.76593 0.17087
v 0.05001 1.76593 0.17225
v 0.04500 1.76593 0.17273
v 0.03999 1.76593 0.17225
v 0.03547 1.76593 0.17087
v 0.03188 1.76593 0.16872
v 0.02958 1.76593 0.16601
v 0.02878 1.76593 0.16300
v 0.02958 1.76593 0.15999
v 0.03188 1.76593 0.15728
v 0.03547 1.76593 0.15513
v 0.03999 1.76593 0.15375
v 0.04500 1.76593 0.15327
v 0.05001 1.76593 0.15375
v 0.05453 1.76593 0.15513
v 0.05812 1.76593 0.15728
v 0.06042 1.76593 0.15999
v 0.06122 1.76593 0.16300
v 0.06255 1.76061 0.16300
v 0.06169 1.76061 0.16625
v 0.05920 1.76061 0.16919
v 0.05531 1.76061 0.17152
v 0.05042 1.76061 0.17301
v 0.04500 1.76061 0.17353
v 0.03958 1.76061 0.17301
v 0.03469 1.76061 0.17152
v 0.03080 1.76061 0.16919
v 0.02831 1.76061 0.16625
v 0.02745 1.76061 0.16300
v 0.02831 1.76061 0.15975
v 0.03080 1.76061 0.15681
v 0.03469 1.76061 0.15448
v 0.03958 1.76061 0.15299
v 0.04500 1.76061 0.15247
v 0.05042 1.76061 0.15299
v 0.05531 1.76061 0.15448
v 0.05920 1.76061 0.15681
v 0.06169 1.76061 0.15975
v 0.06255 1.76061 0.16300
v 0.06300 1.75500 0.16300
v 0.06212 1.75500 0.16634
v 0.05956 1.75500 0.16935
v 0.05558 1.75500 0.17174
v 0.05056 1.75500 0.17327
v 0.04500 1.75500 0.17380
v 0.03944 1.75500 0.17327
v 0.03442 1.75500 0.17174
v 0.03044 1.75500 0.16935
v 0.02788 1.75500 0.16634
v 0.02700 1.75500 0.16300
v 0.02788 1.75500 0.15966
v 0.03044 1.75500 0.15665
v 0.03442 1.75500 0.15426
v 0.03944 1.75500 0.15273
v 0.04500 1.75500 0.15220
v 0.05056 1.75500 0.15273
v 0.05558 1.75500 0.15426
v 0.05956 1.75500 0.15665
v 0.06212 1.75500 0.15966
v 0.06300 1.75500 0.16300
v 0.06255 1.74939 0.16300
v 0.06169 1.74939 0.16625
v 0.05920 1.74939 0.16919
v 0.05531 1.74939 0.17152
v 0.05042 1.74939 0.17301
v 0.04500 1.74939 0.17353
v 0.03958 1.74939 0.17301
v 0.03469 1.74939 0.17152
v 0.03080 1.74939 0.16919
v 0.02831 1.74939 0.16625
v 0.02745 1.74939 0.16300
v 0.02831 1.74939 0.15975
v 0.03080 1.74939 0.15681
v 0.03469 1.74939 0.15448
v 0.03958 1.74939 0.15299
v 0.04500 1.74939 0.15247
v 0.05042 1.74939 0.15299
v 0.05531 1.74939 0.15448
v 0.05920 1.74939 0.15681
v 0.06169 1.74939 0.15975
v 0.06255 1.74939 0.16300
v 0.06122 1.74407 0.16300
v 0.06042 1.74407 0.16601
v 0.05812 1.74407 0.16872
v 0.05453 1.74407 0.17087
v 0.05001 1.74407 0.17225
v 0.04500 1.74407 0.17273
v 0.03999 1.74407 0.17225
v 0.03547 1.74407 0.17087
v 0.03188 1.74407 0.16872
v 0.02958 1.74407 0.16601
v 0.02878 1.74407 0.16300
v 0.02958 1.74407 0.15999
v 0.03188 1.74407 0.15728
v 0.03547 1.74407 0.15513
v 0.03999 1.74407 0.15375
v 0.04500 1.74407 0.15327
v 0.05001 1.74407 0.15375
v 0.05453 1.74407 0.15513
v 0.05812 1.74407 0.15728
v 0.06042 1.74407 0.15999
v 0.06122 1.74407 0.16300
v 0.05907 1.73929 0.16300
v 0.05838 1.73929 0.16561
v 0.05639 1.73929 0.16796
v 0.05327 1.73929 0.16983
v 0.04935 1.73929 0.17103
v 0.04500 1.73929 0.17144
v 0.04065 1.73929 0.17103
v 0.03673 1.73929 0.16983
v 0.03361 1.73929 0.16796
v 0.03162 1.73929 0.16561
v 0.03093 1.73929 0.16300
v 0.03162 1.73929 0.16039
v 0.03361 1.73929 0.15804
v 0.03673 1.73929 0.15617
v 0.04065 1.73929 0.15497
v 0.04500 1.73929 0.15456
v 0.04935 1.73929 0.15497
v 0.05327 1.73929 0.15617
v 0.05639 1.73929 0.15804
v 0.05838 1.73929 0.16039
v 0.05907 1.73929 0.16300
v 0.05622 1.73530 0.16300
v 0.05567 1.73530 0.16508
v 0.05408 1.73530 0.16696
v 0.05160 1.73530 0.16845
v 0.04847 1.73530 0.16940
v 0.04500 1.73530 0.16973
v 0.04153 1.73530 0.16940
v 0.03840 1.73530 0.16845
v 0.03592 1.73530 0.16696
v 0.03433 1.73530 0.16508
v 0.03378 1.73530 0.16300
v 0.03433 1.73530 0.16092
v 0.03592 1.73530 0.15904
v 0.03840 1.73530 0.15755
v 0.04153 1.73530 0.15660
v 0.04500 1.73530 0.15627
v 0.04847 1.73530 0.15660
v 0.05160 1.73530 0.15755
v 0.05408 1.73530 0.15904
v 0.05567 1.73530 0.16092
v 0.05622 1.73530 0.16300
v 0.05281 1.73230 0.16300
v 0.05243 1.73230 0.16445
v 0.05132 1.73230 0.16575
v 0.04959 1.73230 0.16679
v 0.04741 1.73230 0.16746
v 0.04500 1.73230 0.16769
v 0.04259 1.73230 0.16746
v 0.04041 1.73230 0.16679
v 0.03868 1.73230 0.16575
v 0.03757 1.73230 0.16445
v 0.03719 1.73230 0.16300
v 0.03757 1.73230 0.16155
v 0.03868 1.73230 0.16025
v 0.04041 1.73230 0.15921
v 0.04259 1.73230 0.15854
v 0.04500 1.73230 0.15831
v 0.04741 1.73230 0.15854
v 0.04959 1.73230 0.15921
v 0.05132 1.73230 0.16025
v 0.05243 1.73230 0.16155
v 0.05281 1.73230 0.16300
v 0.04901 1.73043 0.16300
v 0.04881 1.73043 0.16374
v 0.04824 1.73043 0.16441
v 0.04735 1.73043 0.16494
v 0.04624 1.73043 0.16529
v 0.04500 1.73043 0.16540
v 0.04376 1.73043 0.16529
v 0.04265 1.73043 0.16494
v 0.04176 1.73043 0.16441
v 0.04119 1.73043 0.16374
v 0.04099 1.73043 0.16300
v 0.04119 1.73043 0.16226
v 0.04176 1.73043 0.16159
v 0.04265 1.73043 0.16106
v 0.04376 1.73043 0.16071
v 0.04500 1.73043 0.16060
v 0.04624 1.73043 0.16071
v 0.04735 1.73043 0.16106
v 0.04824 1.73043 0.16159
v 0.04881 1.73043 0.16226
v 0.04901 1.73043 0.16300
v 0.04500 1.72980 0.16300
v 0.04500 1.72980 0.16300
v 0.04500 1.72980 0.16300
v 0.04500 1.72980 0.16300
v 0.04500 1.72980 0.16300
v 0.04500 1.72980 0.16300
v 0.04500 1.72980 0.16300
v 0.04500 1.72980 0.16300
v 0.04500 1.72980 0.16300
v 0.04500 1.72980 0.16300
v 0.04500 1.72980 0.16300
v 0.04500 1.72980 0.16300
v 0.04500 1.72980 0.16300
v 0.04500 1.72980 0.16300
v 0.04500 1.72980 0.16300
v 0.04500 1.72980 0.16300
v 0.04500 1.72980 0.16300
v 0.04500 1.72980 0.16300
v 0.04500 1.72980 0.16300
v 0.04500 1.72980 0.16300
v 0.04500 1.72980 0.16300
v -0.13500 1.78700 0.00000
v -0.16500 1.78700 0.00000
v -0.13500 1.78489 0.01465
v -0.16500 1.78489 0.01465
v -0.13500 1.77875 0.02811
v -0.16500 1.77875 0.02811
v -0.13500 1.76905 0.03930
v -0.16500 1.76905 0.03930
v -0.13500 1.75660 0.04730
v -0.16500 1.75660 0.04730
v -0.13500 1.74240 0.05147
v -0.16500 1.74240 0.05147
v -0.13500 1.72760 0.05147
v -0.16500 1.72760 0.05147
v -0.13500 1.71340 0.04730
v -0.16500 1.71340 0.04730
v -0.13500 1.70095 0.03930
v -0.16500 1.70095 0.03930
v -0.13500 1.69125 0.02811
v -0.16500 1.69125 0.02811
v -0.13500 1.68511 0.01465
v -0.16500 1.68511 0.01465
v -0.13500 1.68300 0.00000
v -0.16500 1.68300 0.00000
v -0.13500 1.68511 -0.01465
v -0.16500 1.68511 -0.01465
v -0.13500 1.69125 -0.02811
v -0.16500 1.69125 -0.02811
v -0.13500 1.70095 -0.03930
v -0.16500 1.70095 -0.03930
v -0.13500 1.71340 -0.04730
v -0.16500 1.71340 -0.04730
v -0.13500 1.72760 -0.05147
v -0.16500 1.72760 -0.05147
v -0.13500 1.74240 -0.05147
v -0.16500 1.74240 -0.05147
v -0.13500 1.75660 -0.04730
v -0.16500 1.75660 -0.04730
v -0.13500 1.76905 -0.03930
v -0.16500 1.76905 -0.03930
v -0.13500 1.77875 -0.02811
v -0.16500 1.77875 -0.02811
v -0.13500 1.78489 -0.01465
v -0.16500 1.78489 -0.01465
v -0.13500 1.78700 -0.00000
v -0.16500 1.78700 -0.00000
v -0.13500 1.73500 0.00000
v -0.16500 1.73500 0.00000
v -0.15000 1.79900 0.00000
v -0.15705 1.79671 0.00000
v -0.16141 1.79071 0.00000
v -0.16141 1.78329 0.00000
v -0.15705 1.77729 0.00000
v -0.15000 1.77500 0.00000
v -0.14295 1.77729 0.00000
v -0.13859 1.78329 0.00000
v -0.13859 1.79071 0.00000
v -0.14295 1.79671 0.00000
v -0.15000 1.79682 0.01656
v -0.15705 1.79461 0.01597
v -0.16141 1.78881 0.01442
v -0.16141 1.78165 0.01250
v -0.15705 1.77585 0.01095
v -0.15000 1.77364 0.01035
v -0.14295 1.77585 0.01095
v -0.13859 1.78165 0.01250
v -0.13859 1.78881 0.01442
v -0.14295 1.79461 0.01597
v -0.15000 1.79043 0.03200
v -0.15705 1.78844 0.03085
v -0.16141 1.78324 0.02785
v -0.16141 1.77682 0.02415
v -0.15705 1.77163 0.02115
v -0.15000 1.76964 0.02000
v -0.14295 1.77163 0.02115
v -0.13859 1.77682 0.02415
v -0.13859 1.78324 0.02785
v -0.14295 1.78844 0.03085
v -0.15000 1.78025 0.04525
v -0.15705 1.77863 0.04363
v -0.16141 1.77439 0.03939
v -0.16141 1.76915 0.03415
v -0.15705 1.76490 0.02990
v -0.15000 1.76328 0.02828
v -0.14295 1.76490 0.02990
v -0.13859 1.76915 0.03415
v -0.13859 1.77439 0.03939
v -0.14295 1.77863 0.04363
v -0.15000 1.76700 0.05543
v -0.15705 1.76585 0.05344
v -0.16141 1.76285 0.04824
v -0.16141 1.75915 0.04182
v -0.15705 1.75615 0.03663
v -0.15000 1.75500 0.03464
v -0.14295 1.75615 0.03663
v -0.13859 1.75915 0.04182
v -0.13859 1.76285 0.04824
v -0.14295 1.76585 0.05344
v -0.15000 1.75156 0.06182
v -0.15705 1.75097 0.05961
v -0.16141 1.74942 0.05381
v -0.16141 1.74750 0.04665
v -0.15705 1.74595 0.04085
v -0.15000 1.74535 0.03864
v -0.14295 1.74595 0.04085
v -0.13859 1.74750 0.04665
v -0.13859 1.74942 0.05381
v -0.14295 1.75097 0.05961
v -0.15000 1.73500 0.06400
v -0.15705 1.73500 0.06171
v -0.16141 1.73500 0.05571
v -0.16141 1.73500 0.04829
v -0.15705 1.73500 0.04229
v -0.15000 1.73500 0.04000
v -0.14295 1.73500 0.04229
v -0.13859 1.73500 0.04829
v -0.13859 1.73500 0.05571
v -0.14295 1.73500 0.06171
v -0.15000 1.71844 0.06182
v -0.15705 1.71903 0.05961
v -0.16141 1.72058 0.05381
v -0.16141 1.72250 0.04665
v -0.15705 1.72405 0.04085
v -0.15000 1.72465 0.03864
v -0.14295 1.72405 0.04085
v -0.13859 1.72250 0.04665
v -0.13859 1.72058 0.05381
v -0.14295 1.71903 0.05961
v -0.15000 1.70300 0.05543
v -0.15705 1.70415 0.05344
v -0.16141 1.70715 0.04824
v -0.16141 1.71085 0.04182
v -0.15705 1.71385 0.03663
v -0.15000 1.71500 0.03464
v -0.14295 1.71385 0.03663
v -0.13859 1.71085 0.04182
v -0.13859 1.70715 0.04824
v -0.14295 1.70415 0.05344
v -0.15000 1.68975 0.04525
v -0.15705 1.69137 0.04363
v -0.16141 1.69561 0.03939
v -0.16141 1.70085 0.03415
v -0.15705 1.70510 0.02990
v -0.15000 1.70672 0.02828
v -0.14295 1.70510 0.02990
v -0.13859 1.70085 0.03415
v -0.13859 1.69561 0.03939
v -0.14295 1.69137 0.04363
v -0.15000 1.67957 0.03200
v -0.15705 1.68156 0.03085
v -0.16141 1.68676 0.02785
v -0.16141 1.69318 0.02415
v -0.15705 1.69837 0.02115
v -0.15000 1.70036 0.02000
v -0.14295 1.69837 0.02115
v -0.13859 1.69318 0.02415
v -0.13859 1.68676 0.02785
v -0.14295 1.68156 0.03085
v -0.15000 1.67318 0.01656
v -0.15705 1.67539 0.01597
v -0.16141 1.68119 0.01442
v -0.16141 1.68835 0.01250
v -0.15705 1.69415 0.01095
v -0.15000 1.69636 0.01035
v -0.14295 1.69415 0.01095
v -0.13859 1.68835 0.01250
v -0.13859 1.68119 0.01442
v -0.14295 1.67539 0.01597
v -0.15000 1.67100 0.00000
v -0.15705 1.67329 0.00000
v -0.16141 1.67929 0.00000
v -0.16141 1.68671 0.00000
v -0.15705 1.69271 0.00000
v -0.15000 1.69500 0.00000
v -0.14295 1.69271 0.00000
v -0.13859 1.68671 0.00000
v -0.13859 1.67929 0.00000
v -0.14295 1.67329 0.00000
v -0.15000 1.67318 -0.01656
v -0.15705 1.67539 -0.01597
v -0.16141 1.68119 -0.01442
v -0.16141 1.68835 -0.01250
v -0.15705 1.69415 -0.01095
v -0.15000 1.69636 -0.01035
v -0.14295 1.69415 -0.01095
v -0.13859 1.68835 -0.01250
v -0.13859 1.68119 -0.01442
v -0.14295 1.67539 -0.01597
v -0.15000 1.67957 -0.03200
v -0.15705 1.68156 -0.03085
v -0.16141 1.68676 -0.02785
v -0.16141 1.69318 -0.02415
v -0.15705 1.69837 -0.02115
v -0.15000 1.70036 -0.02000
v -0.14295 1.69837 -0.02115
v -0.13859 1.69318 -0.02415
v -0.13859 1.68676 -0.02785
v -0.14295 1.68156 -0.03085
v -0.15000 1.68975 -0.04525
v -0.15705 1.69137 -0.04363
v -0.16141 1.69561 -0.03939
v -0.16141 1.70085 -0.03415
v -0.15705 1.70510 -0.02990
v -0.15000 1.70672 -0.02828
v -0.14295 1.70510 -0.02990
v -0.13859 1.70085 -0.03415
v -0.13859 1.69561 -0.03939
v -0.14295 1.69137 -0.04363
v -0.15000 1.70300 -0.05543
v -0.15705 1.70415 -0.05344
v -0.16141 1.70715 -0.04824
v -0.16141 1.71085 -0.04182
v -0.15705 1.71385 -0.03663
v -0.15000 1.71500 -0.03464
v -0.14295 1.71385 -0.03663
v -0.13859 1.71085 -0.04182
v -0.13859 1.70715 -0.04824
v -0.14295 1.70415 -0.05344
v -0.15000 1.71844 -0.06182
v -0.15705 1.71903 -0.05961
v -0.16141 1.72058 -0.05381
v -0.16141 1.72250 -0.04665
v -0.15705 1.72405 -0.04085
v -0.15000 1.72465 -0.03864
v -0.14295 1.72405 -0.04085
v -0.13859 1.72250 -0.04665
v -0.13859 1.72058 -0.05381
v -0.14295 1.71903 -0.05961
v -0.15000 1.73500 -0.06400
v -0.15705 1.73500 -0.06171
v -0.16141 1.73500 -0.05571
v -0.16141 1.73500 -0.04829
v -0.15705 1.73500 -0.04229
v -0.15000 1.73500 -0.04000
v -0.14295 1.73500 -0.04229
v -0.13859 1.73500 -0.04829
v -0.13859 1.73500 -0.05571
v -0.14295 1.73500 -0.06171
v -0.15000 1.75156 -0.06182
v -0.15705 1.75097 -0.05961
v -0.16141 1.74942 -0.05381
v -0.16141 1.74750 -0.04665
v -0.15705 1.74595 -0.04085
v -0.15000 1.74535 -0.03864
v -0.14295 1.74595 -0.04085
v -0.13859 1.74750 -0.04665
v -0.13859 1.74942 -0.05381
v -0.14295 1.75097 -0.05961
v -0.15000 1.76700 -0.05543
v -0.15705 1.76585 -0.05344
v -0.16141 1.76285 -0.04824
v -0.16141 1.75915 -0.04182
v -0.15705 1.75615 -0.03663
v -0.15000 1.75500 -0.03464
v -0.14295 1.75615 -0.03663
v -0.13859 1.75915 -0.04182
v -0.13859 1.76285 -0.04824
v -0.14295 1.76585 -0.05344
v -0.15000 1.78025 -0.04525
v -0.15705 1.77863 -0.04363
v -0.16141 1.77439 -0.03939
v -0.16141 1.76915 -0.03415
v -0.15705 1.76490 -0.02990
v -0.15000 1.76328 -0.02828
v -0.14295 1.76490 -0.02990
v -0.13859 1.76915 -0.03415
v -0.13859 1.77439 -0.03939
v -0.14295 1.77863 -0.04363
v -0.15000 1.79043 -0.03200
v -0.15705 1.78844 -0.03085
v -0.16141 1.78324 -0.02785
v -0.16141 1.77682 -0.02415
v -0.15705 1.77163 -0.02115
v -0.15000 1.76964 -0.02000
v -0.14295 1.77163 -0.02115
v -0.13859 1.77682 -0.02415
v -0.13859 1.78324 -0.02785
v -0.14295 1.78844 -0.03085
v -0.15000 1.79682 -0.01656
v -0.15705 1.79461 -0.01597
v -0.16141 1.78881 -0.01442
v -0.16141 1.78165 -0.01250
v -0.15705 1.77585 -0.01095
v -0.15000 1.77364 -0.01035
v -0.14295 1.77585 -0.01095
v -0.13859 1.78165 -0.01250
v -0.13859 1.78881 -0.01442
v -0.14295 1.79461 -0.01597
v -0.15000 1.75900 0.00000
v -0.15000 1.75900 0.00000
v -0.15000 1.75900 0.00000
v -0.15000 1.75900 0.00000
v -0.15000 1.75900 0.00000
v -0.15000 1.75900 0.00000
v -0.15000 1.75900 0.00000
v -0.15000 1.75900 0.00000
v -0.15000 1.75900 0.00000
v -0.15000 1.75900 0.00000
v -0.15000 1.75900 0.00000
v -0.15000 1.75900 0.00000
v -0.15000 1.75900 0.00000
v -0.15000 1.75900 0.00000
v -0.15000 1.75900 0.00000
v -0.15000 1.75900 0.00000
v -0.15000 1.75900 0.00000
v -0.15000 1.75900 0.00000
v -0.15000 1.75900 0.00000
v -0.15000 1.75900 0.00000
v -0.15000 1.75900 0.00000
v -0.14466 1.75840 0.00000
v -0.14492 1.75840 0.00165
v -0.14568 1.75840 0.00314
v -0.14686 1.75840 0.00432
v -0.14835 1.75840 0.00508
v -0.15000 1.75840 0.00534
v -0.15165 1.75840 0.00508
v -0.15314 1.75840 0.00432
v -0.15432 1.75840 0.00314
v -0.15508 1.75840 0.00165
v -0.15534 1.75840 0.00000
v -0.15508 1.75840 -0.00165
v -0.15432 1.75840 -0.00314
v -0.15314 1.75840 -0.00432
v -0.15165 1.75840 -0.00508
v -0.15000 1.75840 -0.00534
v -0.14835 1.75840 -0.00508
v -0.14686 1.75840 -0.00432
v -0.14568 1.75840 -0.00314
v -0.14492 1.75840 -0.00165
v -0.14466 1.75840 -0.00000
v -0.13959 1.75662 0.00000
v -0.14010 1.75662 0.00322
v -0.14158 1.75662 0.00612
v -0.14388 1.75662 0.00842
v -0.14678 1.75662 0.00990
v -0.15000 1.75662 0.01041
v -0.15322 1.75662 0.00990
v -0.15612 1.75662 0.00842
v -0.15842 1.75662 0.00612
v -0.15990 1.75662 0.00322
v -0.16041 1.75662 0.00000
v -0.15990 1.75662 -0.00322
v -0.15842 1.75662 -0.00612
v -0.15612 1.75662 -0.00842
v -0.15322 1.75662 -0.00990
v -0.15000 1.75662 -0.01041
v -0.14678 1.75662 -0.00990
v -0.14388 1.75662 -0.00842
v -0.14158 1.75662 -0.00612
v -0.14010 1.75662 -0.00322
v -0.13959 1.75662 -0.00000
v -0.13504 1.75376 0.00000
v -0.13577 1.75376 0.00462
v -0.13789 1.75376 0.00880
v -0.14120 1.75376 0.01211
v -0.14538 1.75376 0.01423
v -0.15000 1.75376 0.01496
v -0.15462 1.75376 0.01423
v -0.15880 1.75376 0.01211
v -0.16211 1.75376 0.00880
v -0.16423 1.75376 0.00462
v -0.16496 1.75376 0.00000
v -0.16423 1.75376 -0.00462
v -0.16211 1.75376 -0.00880
v -0.15880 1.75376 -0.01211
v -0.15462 1.75376 -0.01423
v -0.15000 1.75376 -0.01496
v -0.14538 1.75376 -0.01423
v -0.14120 1.75376 -0.01211
v -0.13789 1.75376 -0.00880
v -0.13577 1.75376 -0.00462
v -0.13504 1.75376 -0.00000
v -0.13124 1.74996 0.00000
v -0.13215 1.74996 0.00580
v -0.13482 1.74996 0.01103
v -0.13897 1.74996 0.01518
v -0.14420 1.74996 0.01785
v -0.15000 1.74996 0.01876
v -0.15580 1.74996 0.01785
v -0.16103 1.74996 0.01518
v -0.16518 1.74996 0.01103
v -0.16785 1.74996 0.00580
v -0.16876 1.74996 0.00000
v -0.16785 1.74996 -0.00580
v -0.16518 1.74996 -0.01103
v -0.16103 1.74996 -0.01518
v -0.15580 1.74996 -0.01785
v -0.15000 1.74996 -0.01876
v -0.14420 1.74996 -0.01785
v -0.13897 1.74996 -0.01518
v -0.13482 1.74996 -0.01103
v -0.13215 1.74996 -0.00580
v -0.13124 1.74996 -0.00000
v -0.12838 1.74541 0.00000
v -0.12944 1.74541 0.00668
v -0.13251 1.74541 0.01271
v -0.13729 1.74541 0.01749
v -0.14332 1.74541 0.02056
v -0.15000 1.74541 0.02162
v -0.15668 1.74541 0.02056
v -0.16271 1.74541 0.01749
v -0.16749 1.74541 0.01271
v -0.17056 1.74541 0.00668
v -0.17162 1.74541 0.00000
v -0.17056 1.74541 -0.00668
v -0.16749 1.74541 -0.01271
v -0.16271 1.74541 -0.01749
v -0.15668 1.74541 -0.02056
v -0.15000 1.74541 -0.02162
v -0.14332 1.74541 -0.02056
v -0.13729 1.74541 -0.01749
v -0.13251 1.74541 -0.01271
v -0.12944 1.74541 -0.00668
v -0.12838 1.74541 -0.00000
v -0.12660 1.74034 0.00000
v -0.12775 1.74034 0.00723
v -0.13107 1.74034 0.01375
v -0.13625 1.74034 0.01893
v -0.14277 1.74034 0.02225
v -0.15000 1.74034 0.02340
v -0.15723 1.74034 0.02225
v -0.16375 1.74034 0.01893
v -0.16893 1.74034 0.01375
v -0.17225 1.74034 0.00723
v -0.17340 1.74034 0.00000
v -0.17225 1.74034 -0.00723
v -0.16893 1.74034 -0.01375
v -0.16375 1.74034 -0.01893
v -0.15723 1.74034 -0.02225
v -0.15000 1.74034 -0.02340
v -0.14277 1.74034 -0.02225
v -0.13625 1.74034 -0.01893
v -0.13107 1.74034 -0.01375
v -0.12775 1.74034 -0.00723
v -0.12660 1.74034 -0.00000
v -0.12600 1.73500 0.00000
v -0.12717 1.73500 0.00742
v -0.13058 1.73500 0.01411
v -0.13589 1.73500 0.01942
v -0.14258 1.73500 0.02283
v -0.15000 1.73500 0.02400
v -0.15742 1.73500 0.02283
v -0.16411 1.73500 0.01942
v -0.16942 1.73500 0.01411
v -0.17283 1.73500 0.00742
v -0.17400 1.73500 0.00000
v -0.17283 1.73500 -0.00742
v -0.16942 1.73500 -0.01411
v -0.16411 1.73500 -0.01942
v -0.15742 1.73500 -0.02283
v -0.15000 1.73500 -0.02400
v -0.14258 1.73500 -0.02283
v -0.13589 1.73500 -0.01942
v -0.13058 1.73500 -0.01411
v -0.12717 1.73500 -0.00742
v -0.12600 1.73500 -0.00000
v -0.12660 1.72966 0.00000
v -0.12775 1.72966 0.00723
v -0.13107 1.72966 0.01375
v -0.13625 1.72966 0.01893
v -0.14277 1.72966 0.02225
v -0.15000 1.72966 0.02340
v -0.15723 1.72966 0.02225
v -0.16375 1.72966 0.01893
v -0.16893 1.72966 0.01375
v -0.17225 1.72966 0.00723
v -0.17340 1.72966 0.00000
v -0.17225 1.72966 -0.00723
v -0.16893 1.72966 -0.01375
v -0.16375 1.72966 -0.01893
v -0.15723 1.72966 -0.02225
v -0.15000 1.72966 -0.02340
v -0.14277 1.72966 -0.02225
v -0.13625 1.72966 -0.01893
v -0.13107 1.72966 -0.01375
v -0.12775 1.72966 -0.00723
v -0.12660 1.72966 -0.00000
v -0.12838 1.72459 0.00000
v -0.12944 1.72459 0.00668
v -0.13251 1.72459 0.01271
v -0.13729 1.72459 0.01749
v -0.14332 1.72459 0.02056
v -0.15000 1.72459 0.02162
v -0.15668 1.72459 0.02056
v -0.16271 1.72459 0.01749
v -0.16749 1.72459 0.01271
v -0.17056 1.72459 0.00668
v -0.17162 1.72459 0.00000
v -0.17056 1.72459 -0.00668
v -0.16749 1.72459 -0.01271
v -0.16271 1.72459 -0.01749
v -0.15668 1.72459 -0.02056
v -0.15000 1.72459 -0.02162
v -0.14332 1.72459 -0.02056
v -0.13729 1.72459 -0.01749
v -0.13251 1.72459 -0.01271
v -0.12944 1.72459 -0.00668
v -0.12838 1.72459 -0.00000
v -0.13124 1.72004 0.00000
v -0.13215 1.72004 0.00580
v -0.13482 1.72004 0.01103
v -0.13897 1.72004 0.01518
v -0.14420 1.72004 0.01785
v -0.15000 1.72004 0.01876
v -0.15580 1.72004 0.01785
v -0.16103 1.72004 0.01518
v -0.16518 1.72004 0.01103
v -0.16785 1.72004 0.00580
v -0.16876 1.72004 0.00000
v -0.16785 1.72004 -0.00580
v -0.16518 1.72004 -0.01103
v -0.16103 1.72004 -0.01518
v -0.15580 1.72004 -0.01785
v -0.15000 1.72004 -0.01876
v -0.14420 1.72004 -0.01785
v -0.13897 1.72004 -0.01518
v -0.13482 1.72004 -0.01103
v -0.13215 1.72004 -0.00580
v -0.13124 1.72004 -0.00000
v -0.13504 1.71624 0.00000
v -0.13577 1.71624 0.00462
v -0.13789 1.71624 0.00880
v -0.14120 1.71624 0.01211
v -0.14538 1.71624 0.01423
v -0.15000 1.71624 0.01496
v -0.15462 1.71624 0.01423
v -0.15880 1.71624 0.01211
v -0.16211 1.71624 0.00880
v -0.16423 1.71624 0.00462
v -0.16496 1.71624 0.00000
v -0.16423 1.71624 -0.00462
v -0.16211 1.71624 -0.00880
v -0.15880 1.71624 -0.01211
v -0.15462 1.71624 -0.01423
v -0.15000 1.71624 -0.01496
v -0.14538 1.71624 -0.01423
v -0.14120 1.71624 -0.01211
v -0.13789 1.71624 -0.00880
v -0.13577 1.71624 -0.00462
v -0.13504 1.71624 -0.00000
v -0.13959 1.71338 0.00000
v -0.14010 1.71338 0.00322
v -0.14158 1.71338 0.00612
v -0.14388 1.71338 0.00842
v -0.14678 1.71338 0.00990
v -0.15000 1.71338 0.01041
v -0.15322 1.71338 0.00990
v -0.15612 1.71338 0.00842
v -0.15842 1.71338 0.00612
v -0.15990 1.71338 0.00322
v -0.16041 1.71338 0.00000
v -0.15990 1.71338 -0.00322
v -0.15842 1.71338 -0.00612
v -0.15612 1.71338 -0.00842
v -0.15322 1.71338 -0.00990
v -0.15000 1.71338 -0.01041
v -0.14678 1.71338 -0.00990
v -0.14388 1.71338 -0.00842
v -0.14158 1.71338 -0.00612
v -0.14010 1.71338 -0.00322
v -0.13959 1.71338 -0.00000
v -0.14466 1.71160 0.00000
v -0.14492 1.71160 0.00165
v -0.14568 1.71160 0.00314
v -0.14686 1.71160 0.00432
v -0.14835 1.71160 0.00508
v -0.15000 1.71160 0.00534
v -0.15165 1.71160 0.00508
v -0.15314 1.71160 0.00432
v -0.15432 1.71160 0.00314
v -0.15508 1.71160 0.00165
v -0.15534 1.71160 0.00000
v -0.15508 1.71160 -0.00165
v -0.15432 1.71160 -0.00314
v -0.15314 1.71160 -0.00432
v -0.15165 1.71160 -0.00508
v -0.15000 1.71160 -0.00534
v -0.14835 1.71160 -0.00508
v -0.14686 1.71160 -0.00432
v -0.14568 1.71160 -0.00314
v -0.14492 1.71160 -0.00165
v -0.14466 1.71160 -0.00000
v -0.15000 1.71100 0.00000
v -0.15000 1.71100 0.00000
v -0.15000 1.71100 0.00000
v -0.15000 1.71100 0.00000
v -0.15000 1.71100 0.00000
v -0.15000 1.71100 0.00000
v -0.15000 1.71100 0.00000
v -0.15000 1.71100 0.00000
v -0.15000 1.71100 0.00000
v -0.15000 1.71100 0.00000
v -0.15000 1.71100 0.00000
v -0.15000 1.71100 -0.00000
v -0.15000 1.71100 -0.00000
v -0.15000 1.71100 -0.00000
v -0.15000 1.71100 -0.00000
v -0.15000 1.71100 -0.00000
v -0.15000 1.71100 -0.00000
v -0.15000 1.71100 -0.00000
v -0.15000 1.71100 -0.00000
v -0.15000 1.71100 -0.00000
v -0.15000 1.71100 -0.00000
v 0.13500 1.68300 0.00000
v 0.16500 1.68300 0.00000
v 0.13500 1.68511 0.01465
v 0.16500 1.68511 0.01465
v 0.13500 1.69125 0.02811
v 0.16500 1.69125 0.02811
v 0.13500 1.70095 0.03930
v 0.16500 1.70095 0.03930
v 0.13500 1.71340 0.04730
v 0.16500 1.71340 0.04730
v 0.13500 1.72760 0.05147
v 0.16500 1.72760 0.05147
v 0.13500 1.74240 0.05147
v 0.16500 1.74240 0.05147
v 0.13500 1.75660 0.04730
v 0.16500 1.75660 0.04730
v 0.13500 1.76905 0.03930
v 0.16500 1.76905 0.03930
v 0.13500 1.77875 0.02811
v 0.16500 1.77875 0.02811
v 0.13500 1.78489 0.01465
v 0.16500 1.78489 0.01465
v 0.13500 1.78700 0.00000
v 0.16500 1.78700 0.00000
v 0.13500 1.78489 -0.01465
v 0.16500 1.78489 -0.01465
v 0.13500 1.77875 -0.02811
v 0.16500 1.77875 -0.02811
v 0.13500 1.76905 -0.03930
v 0.16500 1.76905 -0.03930
v 0.13500 1.75660 -0.04730
v 0.16500 1.75660 -0.04730
v 0.13500 1.74240 -0.05147
v 0.16500 1.74240 -0.05147
v 0.13500 1.72760 -0.05147
v 0.16500 1.72760 -0.05147
v 0.13500 1.71340 -0.04730
v 0.16500 1.71340 -0.04730
v 0.13500 1.70095 -0.03930
v 0.16500 1.70095 -0.03930
v 0.13500 1.69125 -0.02811
v 0.16500 1.69125 -0.02811
v 0.13500 1.68511 -0.01465
v 0.16500 1.68511 -0.01465
v 0.13500 1.68300 -0.00000
v 0.16500 1.68300 -0.00000
v 0.13500 1.73500 0.00000
v 0.16500 1.73500 0.00000
v 0.15000 1.67100 0.00000
v 0.15705 1.67329 0.00000
v 0.16141 1.67929 0.00000
v 0.16141 1.68671 0.00000
v 0.15705 1.69271 0.00000
v 0.15000 1.69500 0.00000
v 0.14295 1.69271 0.00000
v 0.13859 1.68671 0.00000
v 0.13859 1.67929 0.00000
v 0.14295 1.67329 0.00000
v 0.15000 1.67318 0.01656
v 0.15705 1.67539 0.01597
v 0.16141 1.68119 0.01442
v 0.16141 1.68835 0.01250
v 0.15705 1.69415 0.01095
v 0.15000 1.69636 0.01035
v 0.14295 1.69415 0.01095
v 0.13859 1.68835 0.01250
v 0.13859 1.68119 0.01442
v 0.14295 1.67539 0.01597
v 0.15000 1.67957 0.03200
v 0.15705 1.68156 0.03085
v 0.16141 1.68676 0.02785
v 0.16141 1.69318 0.02415
v 0.15705 1.69837 0.02115
v 0.15000 1.70036 0.02000
v 0.14295 1.69837 0.02115
v 0.13859 1.69318 0.02415
v 0.13859 1.68676 0.02785
v 0.14295 1.68156 0.03085
v 0.15000 1.68975 0.04525
v 0.15705 1.69137 0.04363
v 0.16141 1.69561 0.03939
v 0.16141 1.70085 0.03415
v 0.15705 1.70510 0.02990
v 0.15000 1.70672 0.02828
v 0.14295 1.70510 0.02990
v 0.13859 1.70085 0.03415
v 0.13859 1.69561 0.03939
v 0.14295 1.69137 0.04363
v 0.15000 1.70300 0.05543
v 0.15705 1.70415 0.05344
v 0.16141 1.70715 0.04824
v 0.16141 1.71085 0.04182
v 0.15705 1.71385 0.03663
v 0.15000 1.71500 0.03464
v 0.14295 1.71385 0.03663
v 0.13859 1.71085 0.04182
v 0.13859 1.70715 0.04824
v 0.14295 1.70415 0.05344
v 0.15000 1.71844 0.06182
v 0.15705 1.71903 0.05961
v 0.16141 1.72058 0.05381
v 0.16141 1.72250 0.04665
v 0.15705 1.72405 0.04085
v 0.15000 1.72465 0.03864
v 0.14295 1.72405 0.04085
v 0.13859 1.72250 0.04665
v 0.13859 1.72058 0.05381
v 0.14295 1.71903 0.05961
v 0.15000 1.73500 0.06400
v 0.15705 1.73500 0.06171
v 0.16141 1.73500 0.05571
v 0.16141 1.73500 0.04829
v 0.15705 1.73500 0.04229
v 0.15000 1.73500 0.04000
v 0.14295 1.73500 0.04229
v 0.13859 1.73500 0.04829
v 0.13859 1.73500 0.05571
v 0.14295 1.73500 0.06171
v 0.15000 1.75156 0.06182
v 0.15705 1.75097 0.05961
v 0.16141 1.74942 0.05381
v 0.16141 1.74750 0.04665
v 0.15705 1.74595 0.04085
v 0.15000 1.74535 0.03864
v 0.14295 1.74595 0.04085
v 0.13859 1.74750 0.04665
v 0.13859 1.74942 0.05381
v 0.14295 1.75097 0.05961
v 0.15000 1.76700 0.05543
v 0.15705 1.76585 0.05344
v 0.16141 1.76285 0.04824
v 0.16141 1.75915 0.04182
v 0.15705 1.75615 0.03663
v 0.15000 1.75500 0.03464
v 0.14295 1.75615 0.03663
v 0.13859 1.75915 0.04182
v 0.13859 1.76285 0.04824
v 0.14295 1.76585 0.05344
v 0.15000 1.78025 0.04525
v 0.15705 1.77863 0.04363
v 0.16141 1.77439 0.03939
v 0.16141 1.76915 0.03415
v 0.15705 1.76490 0.02990
v 0.15000 1.76328 0.02828
v 0.14295 1.76490 0.02990
v 0.13859 1.76915 0.03415
v 0.13859 1.77439 0.03939
v 0.14295 1.77863 0.04363
v 0.15000 1.79043 0.03200
v 0.15705 1.78844 0.03085
v 0.16141 1.78324 0.02785
v 0.16141 1.77682 0.02415
v 0.15705 1.77163 0.02115
v 0.15000 1.76964 0.02000
v 0.14295 1.77163 0.02115
v 0.13859 1.77682 0.02415
v 0.13859 1.78324 0.02785
v 0.14295 1.78844 0.03085
v 0.15000 1.79682 0.01656
v 0.15705 1.79461 0.01597
v 0.16141 1.78881 0.01442
v 0.16141 1.78165 0.01250
v 0.15705 1.77585 0.01095
v 0.15000 1.77364 0.01035
v 0.14295 1.77585 0.01095
v 0.13859 1.78165 0.01250
v 0.13859 1.78881 0.01442
v 0.14295 1.79461 0.01597
v 0.15000 1.79900 0.00000
v 0.15705 1.79671 0.00000
v 0.16141 1.79071 0.00000
v 0.16141 1.78329 0.00000
v 0.15705 1.77729 0.00000
v 0.15000 1.77500 0.00000
v 0.14295 1.77729 0.00000
v 0.13859 1.78329 0.00000
v 0.13859 1.79071 0.00000
v 0.14295 1.79671 0.00000
v 0.15000 1.79682 -0.01656
v 0.15705 1.79461 -0.01597
v 0.16141 1.78881 -0.01442
v 0.16141 1.78165 -0.01250
v 0.15705 1.77585 -0.01095
v 0.15000 1.77364 -0.01035
v 0.14295 1.77585 -0.01095
v 0.13859 1.78165 -0.01250
v 0.13859 1.78881 -0.01442
v 0.14295 1.79461 -0.01597
v 0.15000 1.79043 -0.03200
v 0.15705 1.78844 -0.03085
v 0.16141 1.78324 -0.02785
v 0.16141 1.77682 -0.02415
v 0.15705 1.77163 -0.02115
v 0.15000 1.76964 -0.02000
v 0.14295 1.77163 -0.02115
v 0.13859 1.77682 -0.02415
v 0.13859 1.78324 -0.02785
v 0.14295 1.78844 -0.03085
v 0.15000 1.78025 -0.04525
v 0.15705 1.77863 -0.04363
v 0.16141 1.77439 -0.03939
v 0.16141 1.76915 -0.03415
v 0.15705 1.76490 -0.02990
v 0.15000 1.76328 -0.02828
v 0.14295 1.76490 -0.02990
v 0.13859 1.76915 -0.03415
v 0.13859 1.77439 -0.03939
v 0.14295 1.77863 -0.04363
v 0.15000 1.76700 -0.05543
v 0.15705 1.76585 -0.05344
v 0.16141 1.76285 -0.04824
v 0.16141 1.75915 -0.04182
v 0.15705 1.75615 -0.03663
v 0.15000 1.75500 -0.03464
v 0.14295 1.75615 -0.03663
v 0.13859 1.75915 -0.04182
v 0.13859 1.76285 -0.04824
v 0.14295 1.76585 -0.05344
v 0.15000 1.75156 -0.06182
v 0.15705 1.75097 -0.05961
v 0.16141 1.74942 -0.05381
v 0.16141 1.74750 -0.04665
v 0.15705 1.74595 -0.04085
v 0.15000 1.74535 -0.03864
v 0.14295 1.74595 -0.04085
v 0.13859 1.74750 -0.04665
v 0.13859 1.74942 -0.05381
v 0.14295 1.75097 -0.05961
v 0.15000 1.73500 -0.06400
v 0.15705 1.73500 -0.06171
v 0.16141 1.73500 -0.05571
v 0.16141 1.73500 -0.04829
v 0.15705 1.73500 -0.04229
v 0.15000 1.73500 -0.04000
v 0.14295 1.73500 -0.04229
v 0.13859 1.73500 -0.04829
v 0.13859 1.73500 -0.05571
v 0.14295 1.73500 -0.06171
v 0.15000 1.71844 -0.06182
v 0.15705 1.71903 -0.05961
v 0.16141 1.72058 -0.05381
v 0.16141 1.72250 -0.04665
v 0.15705 1.72405 -0.04085
v 0.15000 1.72465 -0.03864
v 0.14295 1.72405 -0.04085
v 0.13859 1.72250 -0.04665
v 0.13859 1.72058 -0.05381
v 0.14295 1.71903 -0.05961
v 0.15000 1.70300 -0.05543
v 0.15705 1.70415 -0.05344
v 0.16141 1.70715 -0.04824
v 0.16141 1.71085 -0.04182
v 0.15705 1.71385 -0.03663
v 0.15000 1.71500 -0.03464
v 0.14295 1.71385 -0.03663
v 0.13859 1.71085 -0.04182
v 0.13859 1.70715 -0.04824
v 0.14295 1.70415 -0.05344
v 0.15000 1.68975 -0.04525
v 0.15705 1.69137 -0.04363
v 0.16141 1.69561 -0.03939
v 0.16141 1.70085 -0.03415
v 0.15705 1.70510 -0.02990
v 0.15000 1.70672 -0.02828
v 0.14295 1.70510 -0.02990
v 0.13859 1.70085 -0.03415
v 0.13859 1.69561 -0.03939
v 0.14295 1.69137 -0.04363
v 0.15000 1.67957 -0.03200
v 0.15705 1.68156 -0.03085
v 0.16141 1.68676 -0.02785
v 0.16141 1.69318 -0.02415
v 0.15705 1.69837 -0.02115
v 0.15000 1.70036 -0.02000
v 0.14295 1.69837 -0.02115
v 0.13859 1.69318 -0.02415
v 0.13859 1.68676 -0.02785
v 0.14295 1.68156 -0.03085
v 0.15000 1.67318 -0.01656
v 0.15705 1.67539 -0.01597
v 0.16141 1.68119 -0.01442
v 0.16141 1.68835 -0.01250
v 0.15705 1.69415 -0.01095
v 0.15000 1.69636 -0.01035
v 0.14295 1.69415 -0.01095
v 0.13859 1.68835 -0.01250
v 0.13859 1.68119 -0.01442
v 0.14295 1.67539 -0.01597
v 0.15000 1.75900 0.00000
v 0.15000 1.75900 0.00000
v 0.15000 1.75900 0.00000
v 0.15000 1.75900 0.00000
v 0.15000 1.75900 0.00000
v 0.15000 1.75900 0.00000
v 0.15000 1.75900 0.00000
v 0.15000 1.75900 0.00000
v 0.15000 1.75900 0.00000
v 0.15000 1.75900 0.00000
v 0.15000 1.75900 0.00000
v 0.15000 1.75900 0.00000
v 0.15000 1.75900 0.00000
v 0.15000 1.75900 0.00000
v 0.15000 1.75900 0.00000
v 0.15000 1.75900 0.00000
v 0.15000 1.75900 0.00000
v 0.15000 1.75900 0.00000
v 0.15000 1.75900 0.00000
v 0.15000 1.75900 0.00000
v 0.15000 1.75900 0.00000
v 0.15534 1.75840 0.00000
v 0.15508 1.75840 0.00165
v 0.15432 1.75840 0.00314
v 0.15314 1.75840 0.00432
v 0.15165 1.75840 0.00508
v 0.15000 1.75840 0.00534
v 0.14835 1.75840 0.00508
v 0.14686 1.75840 0.00432
v 0.14568 1.75840 0.00314
v 0.14492 1.75840 0.00165
v 0.14466 1.75840 0.00000
v 0.14492 1.75840 -0.00165
v 0.14568 1.75840 -0.00314
v 0.14686 1.75840 -0.00432
v 0.14835 1.75840 -0.00508
v 0.15000 1.75840 -0.00534
v 0.15165 1.75840 -0.00508
v 0.15314 1.75840 -0.00432
v 0.15432 1.75840 -0.00314
v 0.15508 1.75840 -0.00165
v 0.15534 1.75840 -0.00000
v 0.16041 1.75662 0.00000
v 0.15990 1.75662 0.00322
v 0.15842 1.75662 0.00612
v 0.15612 1.75662 0.00842
v 0.15322 1.75662 0.00990
v 0.15000 1.75662 0.01041
v 0.14678 1.75662 0.00990
v 0.14388 1.75662 0.00842
v 0.14158 1.75662 0.00612
v 0.14010 1.75662 0.00322
v 0.13959 1.75662 0.00000
v 0.14010 1.75662 -0.00322
v 0.14158 1.75662 -0.00612
v 0.14388 1.75662 -0.00842
v 0.14678 1.75662 -0.00990
v 0.15000 1.75662 -0.01041
v 0.15322 1.75662 -0.00990
v 0.15612 1.75662 -0.00842
v 0.15842 1.75662 -0.00612
v 0.15990 1.75662 -0.00322
v 0.16041 1.75662 -0.00000
v 0.16496 1.75376 0.00000
v 0.16423 1.75376 0.00462
v 0.16211 1.75376 0.00880
v 0.15880 1.75376 0.01211
v 0.15462 1.75376 0.01423
v 0.15000 1.75376 0.01496
v 0.14538 1.75376 0.01423
v 0.14120 1.75376 0.01211
v 0.13789 1.75376 0.00880
v 0.13577 1.75376 0.00462
v 0.13504 1.75376 0.00000
v 0.13577 1.75376 -0.00462
v 0.13789 1.75376 -0.00880
v 0.14120 1.75376 -0.01211
v 0.14538 1.75376 -0.01423
v 0.15000 1.75376 -0.01496
v 0.15462 1.75376 -0.01423
v 0.15880 1.75376 -0.01211
v 0.16211 1.75376 -0.00880
v 0.16423 1.75376 -0.00462
v 0.16496 1.75376 -0.00000
v 0.16876 1.74996 0.00000
v 0.16785 1.74996 0.00580
v 0.16518 1.74996 0.01103
v 0.16103 1.74996 0.01518
v 0.15580 1.74996 0.01785
v 0.15000 1.74996 0.01876
v 0.14420 1.74996 0.01785
v 0.13897 1.74996 0.01518
v 0.13482 1.74996 0.01103
v 0.13215 1.74996 0.00580
v 0.13124 1.74996 0.00000
v 0.13215 1.74996 -0.00580
v 0.13482 1.74996 -0.01103
v 0.13897 1.74996 -0.01518
v 0.14420 1.74996 -0.01785
v 0.15000 1.74996 -0.01876
v 0.15580 1.74996 -0.01785
v 0.16103 1.74996 -0.01518
v 0.16518 1.74996 -0.01103
v 0.16785 1.74996 -0.00580
v 0.16876 1.74996 -0.00000
v 0.17162 1.74541 0.00000
v 0.17056 1.74541 0.00668
v 0.16749 1.74541 0.01271
v 0.16271 1.74541 0.01749
v 0.15668 1.74541 0.02056
v 0.15000 1.74541 0.02162
v 0.14332 1.74541 0.02056
v 0.13729 1.74541 0.01749
v 0.13251 1.74541 0.01271
v 0.12944 1.74541 0.00668
v 0.12838 1.74541 0.00000
v 0.12944 1.74541 -0.00668
v 0.13251 1.74541 -0.01271
v 0.13729 1.74541 -0.01749
v 0.14332 1.74541 -0.02056
v 0.15000 1.74541 -0.02162
v 0.15668 1.74541 -0.02056
v 0.16271 1.74541 -0.01749
v 0.16749 1.74541 -0.01271
v 0.17056 1.74541 -0.00668
v 0.17162 1.74541 -0.00000
v 0.17340 1.74034 0.00000
v 0.17225 1.74034 0.00723
v 0.16893 1.74034 0.01375
v 0.16375 1.74034 0.01893
v 0.15723 1.74034 0.02225
v 0.15000 1.74034 0.02340
v 0.14277 1.74034 0.02225
v 0.13625 1.74034 0.01893
v 0.13107 1.74034 0.01375
v 0.12775 1.74034 0.00723
v 0.12660 1.74034 0.00000
v 0.12775 1.74034 -0.00723
v 0.13107 1.74034 -0.01375
v 0.13625 1.74034 -0.01893
v 0.14277 1.74034 -0.02225
v 0.15000 1.74034 -0.02340
v 0.15723 1.74034 -0.02225
v 0.16375 1.74034 -0.01893
v 0.16893 1.74034 -0.01375
v 0.17225 1.74034 -0.00723
v 0.17340 1.74034 -0.00000
v 0.17400 1.73500 0.00000
v 0.17283 1.73500 0.00742
v 0.16942 1.73500 0.01411
v 0.16411 1.73500 0.01942
v 0.15742 1.73500 0.02283
v 0.15000 1.73500 0.02400
v 0.14258 1.73500 0.02283
v 0.13589 1.73500 0.01942
v 0.13058 1.73500 0.01411
v 0.12717 1.73500 0.00742
v 0.12600 1.73500 0.00000
v 0.12717 1.73500 -0.00742
v 0.13058 1.73500 -0.01411
v 0.13589 1.73500 -0.01942
v 0.14258 1.73500 -0.02283
v 0.15000 1.73500 -0.02400
v 0.15742 1.73500 -0.02283
v 0.16411 1.73500 -0.01942
v 0.16942 1.73500 -0.01411
v 0.17283 1.73500 -0.00742
v 0.17400 1.73500 -0.00000
v 0.17340 1.72966 0.00000
v 0.17225 1.72966 0.00723
v 0.16893 1.72966 0.01375
v 0.16375 1.72966 0.01893
v 0.15723 1.72966 0.02225
v 0.15000 1.72966 0.02340
v 0.14277 1.72966 0.02225
v 0.13625 1.72966 0.01893
v 0.13107 1.72966 0.01375
v 0.12775 1.72966 0.00723
v 0.12660 1.72966 0.00000
v 0.12775 1.72966 -0.00723
v 0.13107 1.72966 -0.01375
v 0.13625 1.72966 -0.01893
v 0.14277 1.72966 -0.02225
v 0.15000 1.72966 -0.02340
v 0.15723 1.72966 -0.02225
v 0.16375 1.72966 -0.01893
v 0.16893 1.72966 -0.01375
v 0.17225 1.72966 -0.00723
v 0.17340 1.72966 -0.00000
v 0.17162 1.72459 0.00000
v 0.17056 1.72459 0.00668
v 0.16749 1.72459 0.01271
v 0.16271 1.72459 0.01749
v 0.15668 1.72459 0.02056
v 0.15000 1.72459 0.02162
v 0.14332 1.72459 0.02056
v 0.13729 1.72459 0.01749
v 0.13251 1.72459 0.01271
v 0.12944 1.72459 0.00668
v 0.12838 1.72459 0.00000
v 0.12944 1.72459 -0.00668
v 0.13251 1.72459 -0.01271
v 0.13729 1.72459 -0.01749
v 0.14332 1.72459 -0.02056
v 0.15000 1.72459 -0.02162
v 0.15668 1.72459 -0.02056
v 0.16271 1.72459 -0.01749
v 0.16749 1.72459 -0.01271
v 0.17056 1.72459 -0.00668
v 0.17162 1.72459 -0.00000
v 0.16876 1.72004 0.00000
v 0.16785 1.72004 0.00580
v 0.16518 1.72004 0.01103
v 0.16103 1.72004 0.01518
v 0.15580 1.72004 0.01785
v 0.15000 1.72004 0.01876
v 0.14420 1.72004 0.01785
v 0.13897 1.72004 0.01518
v 0.13482 1.72004 0.01103
v 0.13215 1.72004 0.00580
v 0.13124 1.72004 0.00000
v 0.13215 1.72004 -0.00580
v 0.13482 1.72004 -0.01103
v 0.13897 1.72004 -0.01518
v 0.14420 1.72004 -0.01785
v 0.15000 1.72004 -0.01876
v 0.15580 1.72004 -0.01785
v 0.16103 1.72004 -0.01518
v 0.16518 1.72004 -0.01103
v 0.16785 1.72004 -0.00580
v 0.16876 1.72004 -0.00000
v 0.16496 1.71624 0.00000
v 0.16423 1.71624 0.00462
v 0.16211 1.71624 0.00880
v 0.15880 1.71624 0.01211
v 0.15462 1.71624 0.01423
v 0.15000 1.71624 0.01496
v 0.14538 1.71624 0.01423
v 0.14120 1.71624 0.01211
v 0.13789 1.71624 0.00880
v 0.13577 1.71624 0.00462
v 0.13504 1.71624 0.00000
v 0.13577 1.71624 -0.00462
v 0.13789 1.71624 -0.00880
v 0.14120 1.71624 -0.01211
v 0.14538 1.71624 -0.01423
v 0.15000 1.71624 -0.01496
v 0.15462 1.71624 -0.01423
v 0.15880 1.71624 -0.01211
v 0.16211 1.71624 -0.00880
v 0.16423 1.71624 -0.00462
v 0.16496 1.71624 -0.00000
v 0.16041 1.71338 0.00000
v 0.15990 1.71338 0.00322
v 0.15842 1.71338 0.00612
v 0.15612 1.71338 0.00842
v 0.15322 1.71338 0.00990
v 0.15000 1.71338 0.01041
v 0.14678 1.71338 0.00990
v 0.14388 1.71338 0.00842
v 0.14158 1.71338 0.00612
v 0.14010 1.71338 0.00322
v 0.13959 1.71338 0.00000
v 0.14010 1.71338 -0.00322
v 0.14158 1.71338 -0.00612
v 0.14388 1.71338 -0.00842
v 0.14678 1.71338 -0.00990
v 0.15000 1.71338 -0.01041
v 0.15322 1.71338 -0.00990
v 0.15612 1.71338 -0.00842
v 0.15842 1.71338 -0.00612
v 0.15990 1.71338 -0.00322
v 0.16041 1.71338 -0.00000
v 0.15534 1.71160 0.00000
v 0.15508 1.71160 0.00165
v 0.15432 1.71160 0.00314
v 0.15314 1.71160 0.00432
v 0.15165 1.71160 0.00508
v 0.15000 1.71160 0.00534
v 0.14835 1.71160 0.00508
v 0.14686 1.71160 0.00432
v 0.14568 1.71160 0.00314
v 0.14492 1.71160 0.00165
v 0.14466 1.71160 0.00000
v 0.14492 1.71160 -0.00165
v 0.14568 1.71160 -0.00314
v 0.14686 1.71160 -0.00432
v 0.14835 1.71160 -0.00508
v 0.15000 1.71160 -0.00534
v 0.15165 1.71160 -0.00508
v 0.15314 1.71160 -0.00432
v 0.15432 1.71160 -0.00314
v 0.15508 1.71160 -0.00165
v 0.15534 1.71160 -0.00000
v 0.15000 1.71100 0.00000
v 0.15000 1.71100 0.00000
v 0.15000 1.71100 0.00000
v 0.15000 1.71100 0.00000
v 0.15000 1.71100 0.00000
v 0.15000 1.71100 0.00000
v 0.15000 1.71100 0.00000
v 0.15000 1.71100 0.00000
v 0.15000 1.71100 0.00000
v 0.15000 1.71100 0.00000
v 0.15000 1.71100 0.00000
v 0.15000 1.71100 -0.00000
v 0.15000 1.71100 -0.00000
v 0.15000 1.71100 -0.00000
v 0.15000 1.71100 -0.00000
v 0.15000 1.71100 -0.00000
v 0.15000 1.71100 -0.00000
v 0.15000 1.71100 -0.00000
v 0.15000 1.71100 -0.00000
v 0.15000 1.71100 -0.00000
v 0.15000 1.71100 -0.00000
v 0.05200 1.51500 0.00000
v 0.04600 1.58500 0.00000
v 0.04886 1.51500 0.01779
v 0.04323 1.58500 0.01573
v 0.03983 1.51500 0.03342
v 0.03524 1.58500 0.02957
v 0.02600 1.51500 0.04503
v 0.02300 1.58500 0.03984
v 0.00903 1.51500 0.05121
v 0.00799 1.58500 0.04530
v -0.00903 1.51500 0.05121
v -0.00799 1.58500 0.04530
v -0.02600 1.51500 0.04503
v -0.02300 1.58500 0.03984
v -0.03983 1.51500 0.03342
v -0.03524 1.58500 0.02957
v -0.04886 1.51500 0.01779
v -0.04323 1.58500 0.01573
v -0.05200 1.51500 0.00000
v -0.04600 1.58500 0.00000
v -0.04886 1.51500 -0.01779
v -0.04323 1.58500 -0.01573
v -0.03983 1.51500 -0.03342
v -0.03524 1.58500 -0.02957
v -0.02600 1.51500 -0.04503
v -0.02300 1.58500 -0.03984
v -0.00903 1.51500 -0.05121
v -0.00799 1.58500 -0.04530
v 0.00903 1.51500 -0.05121
v 0.00799 1.58500 -0.04530
v 0.02600 1.51500 -0.04503
v 0.02300 1.58500 -0.03984
v 0.03983 1.51500 -0.03342
v 0.03524 1.58500 -0.02957
v 0.04886 1.51500 -0.01779
v 0.04323 1.58500 -0.01573
v 0.05200 1.51500 -0.00000
v 0.04600 1.58500 -0.00000
v 0.00000 1.51500 0.00000
v 0.00000 1.58500 0.00000
v -0.02932 1.60685 -0.03105
v -0.04332 1.55185 -0.06105
v -0.03526 1.60912 -0.03243
v -0.04926 1.55412 -0.06243
v -0.04105 1.60897 -0.02946
v -0.05505 1.55397 -0.05946
v -0.04329 1.60650 -0.02388
v -0.05729 1.55150 -0.05388
v -0.04068 1.60315 -0.01895
v -0.05468 1.54815 -0.04895
v -0.03474 1.60088 -0.01757
v -0.04874 1.54588 -0.04757
v -0.02895 1.60103 -0.02054
v -0.04295 1.54603 -0.05054
v -0.02671 1.60350 -0.02612
v -0.04071 1.54850 -0.05612
v -0.02932 1.60685 -0.03105
v -0.04332 1.55185 -0.06105
v -0.03500 1.60500 -0.02500
v -0.04900 1.55000 -0.05500
v -0.04168 1.54902 -0.05920
v -0.03468 1.49402 -0.03420
v -0.04679 1.54684 -0.06258
v -0.03979 1.49184 -0.03758
v -0.05320 1.54651 -0.06151
v -0.04620 1.49151 -0.03651
v -0.05715 1.54822 -0.05663
v -0.05015 1.49322 -0.03163
v -0.05632 1.55098 -0.05080
v -0.04932 1.49598 -0.02580
v -0.05121 1.55316 -0.04742
v -0.04421 1.49816 -0.02242
v -0.04480 1.55349 -0.04849
v -0.03780 1.49849 -0.02349
v -0.04085 1.55178 -0.05337
v -0.03385 1.49678 -0.02837
v -0.04168 1.54902 -0.05920
v -0.03468 1.49402 -0.03420
v -0.04900 1.55000 -0.05500
v -0.04200 1.49500 -0.03000
v 0.00850 1.60500 -0.01500
v 0.00850 1.55000 -0.04500
v 0.00601 1.60788 -0.02028
v 0.00601 1.55288 -0.05028
v 0.00000 1.60907 -0.02246
v 0.00000 1.55407 -0.05246
v -0.00601 1.60788 -0.02028
v -0.00601 1.55288 -0.05028
v -0.00850 1.60500 -0.01500
v -0.00850 1.55000 -0.04500
v -0.00601 1.60212 -0.00972
v -0.00601 1.54712 -0.03972
v -0.00000 1.60093 -0.00754
v -0.00000 1.54593 -0.03754
v 0.00601 1.60212 -0.00972
v 0.00601 1.54712 -0.03972
v 0.00850 1.60500 -0.01500
v 0.00850 1.55000 -0.04500
v 0.00000 1.60500 -0.01500
v 0.00000 1.55000 -0.04500
v 0.00850 1.55000 -0.04500
v 0.00850 1.49500 -0.02000
v 0.00601 1.54751 -0.05047
v 0.00601 1.49251 -0.02547
v 0.00000 1.54648 -0.05274
v 0.00000 1.49148 -0.02774
v -0.00601 1.54751 -0.05047
v -0.00601 1.49251 -0.02547
v -0.00850 1.55000 -0.04500
v -0.00850 1.49500 -0.02000
v -0.00601 1.55249 -0.03953
v -0.00601 1.49749 -0.01453
v -0.00000 1.55352 -0.03726
v -0.00000 1.49852 -0.01226
v 0.00601 1.55249 -0.03953
v 0.00601 1.49749 -0.01453
v 0.00850 1.55000 -0.04500
v 0.00850 1.49500 -0.02000
v 0.00000 1.55000 -0.04500
v 0.00000 1.49500 -0.02000
v 0.04068 1.60315 -0.01895
v 0.05468 1.54815 -0.04895
v 0.04329 1.60650 -0.02388
v 0.05729 1.55150 -0.05388
v 0.04105 1.60897 -0.02946
v 0.05505 1.55397 -0.05946
v 0.03526 1.60912 -0.03243
v 0.04926 1.55412 -0.06243
v 0.02932 1.60685 -0.03105
v 0.04332 1.55185 -0.06105
v 0.02671 1.60350 -0.02612
v 0.04071 1.54850 -0.05612
v 0.02895 1.60103 -0.02054
v 0.04295 1.54603 -0.05054
v 0.03474 1.60088 -0.01757
v 0.04874 1.54588 -0.04757
v 0.04068 1.60315 -0.01895
v 0.05468 1.54815 -0.04895
v 0.03500 1.60500 -0.02500
v 0.04900 1.55000 -0.05500
v 0.05632 1.55098 -0.05080
v 0.04932 1.49598 -0.02580
v 0.05715 1.54822 -0.05663
v 0.05015 1.49322 -0.03163
v 0.05320 1.54651 -0.06151
v 0.04620 1.49151 -0.03651
v 0.04679 1.54684 -0.06258
v 0.03979 1.49184 -0.03758
v 0.04168 1.54902 -0.05920
v 0.03468 1.49402 -0.03420
v 0.04085 1.55178 -0.05337
v 0.03385 1.49678 -0.02837
v 0.04480 1.55349 -0.04849
v 0.03780 1.49849 -0.02349
v 0.05121 1.55316 -0.04742
v 0.04421 1.49816 -0.02242
v 0.05632 1.55098 -0.05080
v 0.04932 1.49598 -0.02580
v 0.04900 1.55000 -0.05500
v 0.04200 1.49500 -0.03000
v -0.01256 1.60608 -0.07396
v -0.02056 1.55108 -0.10396
v -0.01754 1.60862 -0.07729
v -0.02554 1.55362 -0.10729
v -0.02396 1.60904 -0.07635
v -0.03196 1.55404 -0.10635
v -0.02806 1.60709 -0.07169
v -0.03606 1.55209 -0.10169
v -0.02744 1.60392 -0.06604
v -0.03544 1.54892 -0.09604
v -0.02246 1.60138 -0.06271
v -0.03046 1.54638 -0.09271
v -0.01604 1.60096 -0.06365
v -0.02404 1.54596 -0.09365
v -0.01194 1.60291 -0.06831
v -0.01994 1.54791 -0.09831
v -0.01256 1.60608 -0.07396
v -0.02056 1.55108 -0.10396
v -0.02000 1.60500 -0.07000
v -0.02800 1.55000 -0.10000
v -0.01990 1.54944 -0.10253
v -0.01590 1.49444 -0.07753
v -0.02407 1.54712 -0.10696
v -0.02007 1.49212 -0.08196
v -0.03053 1.54649 -0.10732
v -0.02653 1.49149 -0.08232
v -0.03551 1.54792 -0.10338
v -0.03151 1.49292 -0.07838
v -0.03610 1.55056 -0.09747
v -0.03210 1.49556 -0.07247
v -0.03193 1.55288 -0.09304
v -0.02793 1.49788 -0.06804
v -0.02547 1.55351 -0.09268
v -0.02147 1.49851 -0.06768
v -0.02049 1.55208 -0.09662
v -0.01649 1.49708 -0.07162
v -0.01990 1.54944 -0.10253
v -0.01590 1.49444 -0.07753
v -0.02800 1.55000 -0.10000
v -0.02400 1.49500 -0.07500
v 0.02744 1.60392 -0.06604
v 0.03544 1.54892 -0.09604
v 0.02806 1.60709 -0.07169
v 0.03606 1.55209 -0.10169
v 0.02396 1.60904 -0.07635
v 0.03196 1.55404 -0.10635
v 0.01754 1.60862 -0.07729
v 0.02554 1.55362 -0.10729
v 0.01256 1.60608 -0.07396
v 0.02056 1.55108 -0.10396
v 0.01194 1.60291 -0.06831
v 0.01994 1.54791 -0.09831
v 0.01604 1.60096 -0.06365
v 0.02404 1.54596 -0.09365
v 0.02246 1.60138 -0.06271
v 0.03046 1.54638 -0.09271
v 0.02744 1.60392 -0.06604
v 0.03544 1.54892 -0.09604
v 0.02000 1.60500 -0.07000
v 0.02800 1.55000 -0.10000
v 0.03610 1.55056 -0.09747
v 0.03210 1.49556 -0.07247
v 0.03551 1.54792 -0.10338
v 0.03151 1.49292 -0.07838
v 0.03053 1.54649 -0.10732
v 0.02653 1.49149 -0.08232
v 0.02407 1.54712 -0.10696
v 0.02007 1.49212 -0.08196
v 0.01990 1.54944 -0.10253
v 0.01590 1.49444 -0.07753
v 0.02049 1.55208 -0.09662
v 0.01649 1.49708 -0.07162
v 0.02547 1.55351 -0.09268
v 0.02147 1.49851 -0.06768
v 0.03193 1.55288 -0.09304
v 0.02793 1.49788 -0.06804
v 0.03610 1.55056 -0.09747
v 0.03210 1.49556 -0.07247
v 0.02800 1.55000 -0.10000
v 0.02400 1.49500 -0.07500
v -0.17000 1.32000 -0.09000
v 0.17000 1.32000 -0.09000
v 0.17000 1.52000 -0.09000
v -0.17000 1.52000 -0.09000
v -0.17000 1.32000 0.09000
v 0.17000 1.32000 0.09000
v 0.17000 1.52000 0.09000
v -0.17000 1.52000 0.09000
v -0.14422 1.54484 0.00000
v -0.20883 1.53485 0.00000
v -0.14380 1.53941 0.02386
v -0.20846 1.52992 0.02169
v -0.14263 1.52419 0.04300
v -0.20739 1.51608 0.03909
v -0.14094 1.50220 0.05362
v -0.20585 1.49609 0.04875
v -0.13906 1.47780 0.05362
v -0.20415 1.47391 0.04875
v -0.13737 1.45581 0.04300
v -0.20261 1.45392 0.03909
v -0.13620 1.44059 0.02386
v -0.20154 1.44008 0.02169
v -0.13578 1.43516 0.00000
v -0.20117 1.43515 0.00000
v -0.13620 1.44059 -0.02386
v -0.20154 1.44008 -0.02169
v -0.13737 1.45581 -0.04300
v -0.20261 1.45392 -0.03909
v -0.13906 1.47780 -0.05362
v -0.20415 1.47391 -0.04875
v -0.14094 1.50220 -0.05362
v -0.20585 1.49609 -0.04875
v -0.14263 1.52419 -0.04300
v -0.20739 1.51608 -0.03909
v -0.14380 1.53941 -0.02386
v -0.20846 1.52992 -0.02169
v -0.14422 1.54484 -0.00000
v -0.20883 1.53485 -0.00000
v -0.14000 1.49000 0.00000
v -0.20500 1.48500 0.00000
v 0.13578 1.43516 0.00000
v 0.20117 1.43515 0.00000
v 0.13620 1.44059 0.02386
v 0.20154 1.44008 0.02169
v 0.13737 1.45581 0.04300
v 0.20261 1.45392 0.03909
v 0.13906 1.47780 0.05362
v 0.20415 1.47391 0.04875
v 0.14094 1.50220 0.05362
v 0.20585 1.49609 0.04875
v 0.14263 1.52419 0.04300
v 0.20739 1.51608 0.03909
v 0.14380 1.53941 0.02386
v 0.20846 1.52992 0.02169
v 0.14422 1.54484 0.00000
v 0.20883 1.53485 0.00000
v 0.14380 1.53941 -0.02386
v 0.20846 1.52992 -0.02169
v 0.14263 1.52419 -0.04300
v 0.20739 1.51608 -0.03909
v 0.14094 1.50220 -0.05362
v 0.20585 1.49609 -0.04875
v 0.13906 1.47780 -0.05362
v 0.20415 1.47391 -0.04875
v 0.13737 1.45581 -0.04300
v 0.20261 1.45392 -0.03909
v 0.13620 1.44059 -0.02386
v 0.20154 1.44008 -0.02169
v 0.13578 1.43516 -0.00000
v 0.20117 1.43515 -0.00000
v 0.14000 1.49000 0.00000
v 0.20500 1.48500 0.00000
v 0.00000 1.46500 0.10000
v 0.00000 1.46500 0.10000
v 0.00000 1.46500 0.10000
v 0.00000 1.46500 0.10000
v 0.00000 1.46500 0.10000
v 0.00000 1.46500 0.10000
v 0.00000 1.46500 0.10000
v 0.00000 1.46500 0.10000
v 0.00000 1.46500 0.10000
v 0.00000 1.46500 0.10000
v 0.00000 1.46500 0.10000
v 0.00000 1.46500 0.10000
v 0.00000 1.46500 0.10000
v 0.00000 1.46500 0.10000
v 0.00000 1.46500 0.10000
v 0.00000 1.46500 0.10000
v 0.00000 1.46500 0.10000
v 0.00000 1.46500 0.10000
v 0.00000 1.46500 0.10000
v 0.00000 1.46500 0.10000
v 0.00000 1.46500 0.10000
v 0.00779 1.46412 0.10000
v 0.00741 1.46412 0.10168
v 0.00630 1.46412 0.10320
v 0.00458 1.46412 0.10441
v 0.00241 1.46412 0.10518
v 0.00000 1.46412 0.10545
v -0.00241 1.46412 0.10518
v -0.00458 1.46412 0.10441
v -0.00630 1.46412 0.10320
v -0.00741 1.46412 0.10168
v -0.00779 1.46412 0.10000
v -0.00741 1.46412 0.09832
v -0.00630 1.46412 0.09680
v -0.00458 1.46412 0.09559
v -0.00241 1.46412 0.09482
v -0.00000 1.46412 0.09455
v 0.00241 1.46412 0.09482
v 0.00458 1.46412 0.09559
v 0.00630 1.46412 0.09680
v 0.00741 1.46412 0.09832
v 0.00779 1.46412 0.10000
v 0.01519 1.46153 0.10000
v 0.01444 1.46153 0.10328
v 0.01229 1.46153 0.10625
v 0.00893 1.46153 0.10860
v 0.00469 1.46153 0.11011
v 0.00000 1.46153 0.11063
v -0.00469 1.46153 0.11011
v -0.00893 1.46153 0.10860
v -0.01229 1.46153 0.10625
v -0.01444 1.46153 0.10328
v -0.01519 1.46153 0.10000
v -0.01444 1.46153 0.09672
v -0.01229 1.46153 0.09375
v -0.00893 1.46153 0.09140
v -0.00469 1.46153 0.08989
v -0.00000 1.46153 0.08937
v 0.00469 1.46153 0.08989
v 0.00893 1.46153 0.09140
v 0.01229 1.46153 0.09375
v 0.01444 1.46153 0.09672
v 0.01519 1.46153 0.10000
v 0.02182 1.45736 0.10000
v 0.02075 1.45736 0.10472
v 0.01765 1.45736 0.10898
v 0.01283 1.45736 0.11236
v 0.00674 1.45736 0.11453
v 0.00000 1.45736 0.11528
v -0.00674 1.45736 0.11453
v -0.01283 1.45736 0.11236
v -0.01765 1.45736 0.10898
v -0.02075 1.45736 0.10472
v -0.02182 1.45736 0.10000
v -0.02075 1.45736 0.09528
v -0.01765 1.45736 0.09102
v -0.01283 1.45736 0.08764
v -0.00674 1.45736 0.08547
v -0.00000 1.45736 0.08472
v 0.00674 1.45736 0.08547
v 0.01283 1.45736 0.08764
v 0.01765 1.45736 0.09102
v 0.02075 1.45736 0.09528
v 0.02182 1.45736 0.10000
v 0.02736 1.45182 0.10000
v 0.02602 1.45182 0.10592
v 0.02214 1.45182 0.11126
v 0.01608 1.45182 0.11550
v 0.00846 1.45182 0.11822
v 0.00000 1.45182 0.11915
v -0.00846 1.45182 0.11822
v -0.01608 1.45182 0.11550
v -0.02214 1.45182 0.11126
v -0.02602 1.45182 0.10592
v -0.02736 1.45182 0.10000
v -0.02602 1.45182 0.09408
v -0.02214 1.45182 0.08874
v -0.01608 1.45182 0.08450
v -0.00846 1.45182 0.08178
v -0.00000 1.45182 0.08085
v 0.00846 1.45182 0.08178
v 0.01608 1.45182 0.08450
v 0.02214 1.45182 0.08874
v 0.02602 1.45182 0.09408
v 0.02736 1.45182 0.10000
v 0.03153 1.44519 0.10000
v 0.02999 1.44519 0.10682
v 0.02551 1.44519 0.11297
v 0.01854 1.44519 0.11786
v 0.00974 1.44519 0.12099
v 0.00000 1.44519 0.12207
v -0.00974 1.44519 0.12099
v -0.01854 1.44519 0.11786
v -0.02551 1.44519 0.11297
v -0.02999 1.44519 0.10682
v -0.03153 1.44519 0.10000
v -0.02999 1.44519 0.09318
v -0.02551 1.44519 0.08703
v -0.01854 1.44519 0.08214
v -0.00974 1.44519 0.07901
v -0.00000 1.44519 0.07793
v 0.00974 1.44519 0.07901
v 0.01854 1.44519 0.08214
v 0.02551 1.44519 0.08703
v 0.02999 1.44519 0.09318
v 0.03153 1.44519 0.10000
v 0.03412 1.43779 0.10000
v 0.03245 1.43779 0.10738
v 0.02761 1.43779 0.11404
v 0.02006 1.43779 0.11932
v 0.01054 1.43779 0.12272
v 0.00000 1.43779 0.12389
v -0.01054 1.43779 0.12272
v -0.02006 1.43779 0.11932
v -0.02761 1.43779 0.11404
v -0.03245 1.43779 0.10738
v -0.03412 1.43779 0.10000
v -0.03245 1.43779 0.09262
v -0.02761 1.43779 0.08596
v -0.02006 1.43779 0.08068
v -0.01054 1.43779 0.07728
v -0.00000 1.43779 0.07611
v 0.01054 1.43779 0.07728
v 0.02006 1.43779 0.08068
v 0.02761 1.43779 0.08596
v 0.03245 1.43779 0.09262
v 0.03412 1.43779 0.10000
v 0.03500 1.43000 0.10000
v 0.03329 1.43000 0.10757
v 0.02832 1.43000 0.11440
v 0.02057 1.43000 0.11982
v 0.01082 1.43000 0.12330
v 0.00000 1.43000 0.12450
v -0.01082 1.43000 0.12330
v -0.02057 1.43000 0.11982
v -0.02832 1.43000 0.11440
v -0.03329 1.43000 0.10757
v -0.03500 1.43000 0.10000
v -0.03329 1.43000 0.09243
v -0.02832 1.43000 0.08560
v -0.02057 1.43000 0.08018
v -0.01082 1.43000 0.07670
v -0.00000 1.43000 0.07550
v 0.01082 1.43000 0.07670
v 0.02057 1.43000 0.08018
v 0.02832 1.43000 0.08560
v 0.03329 1.43000 0.09243
v 0.03500 1.43000 0.10000
v 0.03412 1.42221 0.10000
v 0.03245 1.42221 0.10738
v 0.02761 1.42221 0.11404
v 0.02006 1.42221 0.11932
v 0.01054 1.42221 0.12272
v 0.00000 1.42221 0.12389
v -0.01054 1.42221 0.12272
v -0.02006 1.42221 0.11932
v -0.02761 1.42221 0.11404
v -0.03245 1.42221 0.10738
v -0.03412 1.42221 0.10000
v -0.03245 1.42221 0.09262
v -0.02761 1.42221 0.08596
v -0.02006 1.42221 0.08068
v -0.01054 1.42221 0.07728
v -0.00000 1.42221 0.07611
v 0.01054 1.42221 0.07728
v 0.02006 1.42221 0.08068
v 0.02761 1.42221 0.08596
v 0.03245 1.42221 0.09262
v 0.03412 1.42221 0.10000
v 0.03153 1.41481 0.10000
v 0.02999 1.41481 0.10682
v 0.02551 1.41481 0.11297
v 0.01854 1.41481 0.11786
v 0.00974 1.41481 0.12099
v 0.00000 1.41481 0.12207
v -0.00974 1.41481 0.12099
v -0.01854 1.41481 0.11786
v -0.02551 1.41481 0.11297
v -0.02999 1.41481 0.10682
v -0.03153 1.41481 0.10000
v -0.02999 1.41481 0.09318
v -0.02551 1.41481 0.08703
v -0.01854 1.41481 0.08214
v -0.00974 1.41481 0.07901
v -0.00000 1.41481 0.07793
v 0.00974 1.41481 0.07901
v 0.01854 1.41481 0.08214
v 0.02551 1.41481 0.08703
v 0.02999 1.41481 0.09318
v 0.03153 1.41481 0.10000
v 0.02736 1.40818 0.10000
v 0.02602 1.40818 0.10592
v 0.02214 1.40818 0.11126
v 0.01608 1.40818 0.11550
v 0.00846 1.40818 0.11822
v 0.00000 1.40818 0.11915
v -0.00846 1.40818 0.11822
v -0.01608 1.40818 0.11550
v -0.02214 1.40818 0.11126
v -0.02602 1.40818 0.10592
v -0.02736 1.40818 0.10000
v -0.02602 1.40818 0.09408
v -0.02214 1.40818 0.08874
v -0.01608 1.40818 0.08450
v -0.00846 1.40818 0.08178
v -0.00000 1.40818 0.08085
v 0.00846 1.40818 0.08178
v 0.01608 1.40818 0.08450
v 0.02214 1.40818 0.08874
v 0.02602 1.40818 0.09408
v 0.02736 1.40818 0.10000
v 0.02182 1.40264 0.10000
v 0.02075 1.40264 0.10472
v 0.01765 1.40264 0.10898
v 0.01283 1.40264 0.11236
v 0.00674 1.40264 0.11453
v 0.00000 1.40264 0.11528
v -0.00674 1.40264 0.11453
v -0.01283 1.40264 0.11236
v -0.01765 1.40264 0.10898
v -0.02075 1.40264 0.10472
v -0.02182 1.40264 0.10000
v -0.02075 1.40264 0.09528
v -0.01765 1.40264 0.09102
v -0.01283 1.40264 0.08764
v -0.00674 1.40264 0.08547
v -0.00000 1.40264 0.08472
v 0.00674 1.40264 0.08547
v 0.01283 1.40264 0.08764
v 0.01765 1.40264 0.09102
v 0.02075 1.40264 0.09528
v 0.02182 1.40264 0.10000
v 0.01519 1.39847 0.10000
v 0.01444 1.39847 0.10328
v 0.01229 1.39847 0.10625
v 0.00893 1.39847 0.10860
v 0.00469 1.39847 0.11011
v 0.00000 1.39847 0.11063
v -0.00469 1.39847 0.11011
v -0.00893 1.39847 0.10860
v -0.01229 1.39847 0.10625
v -0.01444 1.39847 0.10328
v -0.01519 1.39847 0.10000
v -0.01444 1.39847 0.09672
v -0.01229 1.39847 0.09375
v -0.00893 1.39847 0.09140
v -0.00469 1.39847 0.08989
v -0.00000 1.39847 0.08937
v 0.00469 1.39847 0.08989
v 0.00893 1.39847 0.09140
v 0.01229 1.39847 0.09375
v 0.01444 1.39847 0.09672
v 0.01519 1.39847 0.10000
v 0.00779 1.39588 0.10000
v 0.00741 1.39588 0.10168
v 0.00630 1.39588 0.10320
v 0.00458 1.39588 0.10441
v 0.00241 1.39588 0.10518
v 0.00000 1.39588 0.10545
v -0.00241 1.39588 0.10518
v -0.00458 1.39588 0.10441
v -0.00630 1.39588 0.10320
v -0.00741 1.39588 0.10168
v -0.00779 1.39588 0.10000
v -0.00741 1.39588 0.09832
v -0.00630 1.39588 0.09680
v -0.00458 1.39588 0.09559
v -0.00241 1.39588 0.09482
v -0.00000 1.39588 0.09455
v 0.00241 1.39588 0.09482
v 0.00458 1.39588 0.09559
v 0.00630 1.39588 0.09680
v 0.00741 1.39588 0.09832
v 0.00779 1.39588 0.10000
v 0.00000 1.39500 0.10000
v 0.00000 1.39500 0.10000
v 0.00000 1.39500 0.10000
v 0.00000 1.39500 0.10000
v 0.00000 1.39500 0.10000
v 0.00000 1.39500 0.10000
v -0.00000 1.39500 0.10000
v -0.00000 1.39500 0.10000
v -0.00000 1.39500 0.10000
v -0.00000 1.39500 0.10000
v -0.00000 1.39500 0.10000
v -0.00000 1.39500 0.10000
v -0.00000 1.39500 0.10000
v -0.00000 1.39500 0.10000
v -0.00000 1.39500 0.10000
v -0.00000 1.39500 0.10000
v 0.00000 1.39500 0.10000
v 0.00000 1.39500 0.10000
v 0.00000 1.39500 0.10000
v 0.00000 1.39500 0.10000
v 0.00000 1.39500 0.10000
v 0.06200 1.43000 0.09500
v 0.05971 1.43000 0.10205
v 0.05371 1.43000 0.10641
v 0.04629 1.43000 0.10641
v 0.04029 1.43000 0.10205
v 0.03800 1.43000 0.09500
v 0.04029 1.43000 0.08795
v 0.04629 1.43000 0.08359
v 0.05371 1.43000 0.08359
v 0.05971 1.43000 0.08795
v 0.05989 1.41395 0.09500
v 0.05767 1.41455 0.10205
v 0.05188 1.41610 0.10641
v 0.04471 1.41802 0.10641
v 0.03892 1.41957 0.10205
v 0.03671 1.42016 0.09500
v 0.03892 1.41957 0.08795
v 0.04471 1.41802 0.08359
v 0.05188 1.41610 0.08359
v 0.05767 1.41455 0.08795
v 0.05369 1.39900 0.09500
v 0.05171 1.40015 0.10205
v 0.04651 1.40315 0.10641
v 0.04009 1.40685 0.10641
v 0.03489 1.40985 0.10205
v 0.03291 1.41100 0.09500
v 0.03489 1.40985 0.08795
v 0.04009 1.40685 0.08359
v 0.04651 1.40315 0.08359
v 0.05171 1.40015 0.08795
v 0.04384 1.38616 0.09500
v 0.04222 1.38778 0.10205
v 0.03798 1.39202 0.10641
v 0.03273 1.39727 0.10641
v 0.02849 1.40151 0.10205
v 0.02687 1.40313 0.09500
v 0.02849 1.40151 0.08795
v 0.03273 1.39727 0.08359
v 0.03798 1.39202 0.08359
v 0.04222 1.38778 0.08795
v 0.03100 1.37631 0.09500
v 0.02985 1.37829 0.10205
v 0.02685 1.38349 0.10641
v 0.02315 1.38991 0.10641
v 0.02015 1.39511 0.10205
v 0.01900 1.39709 0.09500
v 0.02015 1.39511 0.08795
v 0.02315 1.38991 0.08359
v 0.02685 1.38349 0.08359
v 0.02985 1.37829 0.08795
v 0.01605 1.37011 0.09500
v 0.01545 1.37233 0.10205
v 0.01390 1.37812 0.10641
v 0.01198 1.38529 0.10641
v 0.01043 1.39108 0.10205
v 0.00984 1.39329 0.09500
v 0.01043 1.39108 0.08795
v 0.01198 1.38529 0.08359
v 0.01390 1.37812 0.08359
v 0.01545 1.37233 0.08795
v 0.00000 1.36800 0.09500
v 0.00000 1.37029 0.10205
v 0.00000 1.37629 0.10641
v 0.00000 1.38371 0.10641
v 0.00000 1.38971 0.10205
v 0.00000 1.39200 0.09500
v 0.00000 1.38971 0.08795
v 0.00000 1.38371 0.08359
v 0.00000 1.37629 0.08359
v 0.00000 1.37029 0.08795
v -0.01605 1.37011 0.09500
v -0.01545 1.37233 0.10205
v -0.01390 1.37812 0.10641
v -0.01198 1.38529 0.10641
v -0.01043 1.39108 0.10205
v -0.00984 1.39329 0.09500
v -0.01043 1.39108 0.08795
v -0.01198 1.38529 0.08359
v -0.01390 1.37812 0.08359
v -0.01545 1.37233 0.08795
v -0.03100 1.37631 0.09500
v -0.02985 1.37829 0.10205
v -0.02685 1.38349 0.10641
v -0.02315 1.38991 0.10641
v -0.02015 1.39511 0.10205
v -0.01900 1.39709 0.09500
v -0.02015 1.39511 0.08795
v -0.02315 1.38991 0.08359
v -0.02685 1.38349 0.08359
v -0.02985 1.37829 0.08795
v -0.04384 1.38616 0.09500
v -0.04222 1.38778 0.10205
v -0.03798 1.39202 0.10641
v -0.03273 1.39727 0.10641
v -0.02849 1.40151 0.10205
v -0.02687 1.40313 0.09500
v -0.02849 1.40151 0.08795
v -0.03273 1.39727 0.08359
v -0.03798 1.39202 0.08359
v -0.04222 1.38778 0.08795
v -0.05369 1.39900 0.09500
v -0.05171 1.40015 0.10205
v -0.04651 1.40315 0.10641
v -0.04009 1.40685 0.10641
v -0.03489 1.40985 0.10205
v -0.03291 1.41100 0.09500
v -0.03489 1.40985 0.08795
v -0.04009 1.40685 0.08359
v -0.04651 1.40315 0.08359
v -0.05171 1.40015 0.08795
v -0.05989 1.41395 0.09500
v -0.05767 1.41455 0.10205
v -0.05188 1.41610 0.10641
v -0.04471 1.41802 0.10641
v -0.03892 1.41957 0.10205
v -0.03671 1.42016 0.09500
v -0.03892 1.41957 0.08795
v -0.04471 1.41802 0.08359
v -0.05188 1.41610 0.08359
v -0.05767 1.41455 0.08795
v -0.06200 1.43000 0.09500
v -0.05971 1.43000 0.10205
v -0.05371 1.43000 0.10641
v -0.04629 1.43000 0.10641
v -0.04029 1.43000 0.10205
v -0.03800 1.43000 0.09500
v -0.04029 1.43000 0.08795
v -0.04629 1.43000 0.08359
v -0.05371 1.43000 0.08359
v -0.05971 1.43000 0.08795
v -0.05989 1.44605 0.09500
v -0.05767 1.44545 0.10205
v -0.05188 1.44390 0.10641
v -0.04471 1.44198 0.10641
v -0.03892 1.44043 0.10205
v -0.03671 1.43984 0.09500
v -0.03892 1.44043 0.08795
v -0.04471 1.44198 0.08359
v -0.05188 1.44390 0.08359
v -0.05767 1.44545 0.08795
v -0.05369 1.46100 0.09500
v -0.05171 1.45985 0.10205
v -0.04651 1.45685 0.10641
v -0.04009 1.45315 0.10641
v -0.03489 1.45015 0.10205
v -0.03291 1.44900 0.09500
v -0.03489 1.45015 0.08795
v -0.04009 1.45315 0.08359
v -0.04651 1.45685 0.08359
v -0.05171 1.45985 0.08795
v -0.04384 1.47384 0.09500
v -0.04222 1.47222 0.10205
v -0.03798 1.46798 0.10641
v -0.03273 1.46273 0.10641
v -0.02849 1.45849 0.10205
v -0.02687 1.45687 0.09500
v -0.02849 1.45849 0.08795
v -0.03273 1.46273 0.08359
v -0.03798 1.46798 0.08359
v -0.04222 1.47222 0.08795
v -0.03100 1.48369 0.09500
v -0.02985 1.48171 0.10205
v -0.02685 1.47651 0.10641
v -0.02315 1.47009 0.10641
v -0.02015 1.46489 0.10205
v -0.01900 1.46291 0.09500
v -0.02015 1.46489 0.08795
v -0.02315 1.47009 0.08359
v -0.02685 1.47651 0.08359
v -0.02985 1.48171 0.08795
v -0.01605 1.48989 0.09500
v -0.01545 1.48767 0.10205
v -0.01390 1.48188 0.10641
v -0.01198 1.47471 0.10641
v -0.01043 1.46892 0.10205
v -0.00984 1.46671 0.09500
v -0.01043 1.46892 0.08795
v -0.01198 1.47471 0.08359
v -0.01390 1.48188 0.08359
v -0.01545 1.48767 0.08795
v -0.00000 1.49200 0.09500
v -0.00000 1.48971 0.10205
v -0.00000 1.48371 0.10641
v -0.00000 1.47629 0.10641
v -0.00000 1.47029 0.10205
v -0.00000 1.46800 0.09500
v -0.00000 1.47029 0.08795
v -0.00000 1.47629 0.08359
v -0.00000 1.48371 0.08359
v -0.00000 1.48971 0.08795
v 0.01605 1.48989 0.09500
v 0.01545 1.48767 0.10205
v 0.01390 1.48188 0.10641
v 0.01198 1.47471 0.10641
v 0.01043 1.46892 0.10205
v 0.00984 1.46671 0.09500
v 0.01043 1.46892 0.08795
v 0.01198 1.47471 0.08359
v 0.01390 1.48188 0.08359
v 0.01545 1.48767 0.08795
v 0.03100 1.48369 0.09500
v 0.02985 1.48171 0.10205
v 0.02685 1.47651 0.10641
v 0.02315 1.47009 0.10641
v 0.02015 1.46489 0.10205
v 0.01900 1.46291 0.09500
v 0.02015 1.46489 0.08795
v 0.02315 1.47009 0.08359
v 0.02685 1.47651 0.08359
v 0.02985 1.48171 0.08795
v 0.04384 1.47384 0.09500
v 0.04222 1.47222 0.10205
v 0.03798 1.46798 0.10641
v 0.03273 1.46273 0.10641
v 0.02849 1.45849 0.10205
v 0.02687 1.45687 0.09500
v 0.02849 1.45849 0.08795
v 0.03273 1.46273 0.08359
v 0.03798 1.46798 0.08359
v 0.04222 1.47222 0.08795
v 0.05369 1.46100 0.09500
v 0.05171 1.45985 0.10205
v 0.04651 1.45685 0.10641
v 0.04009 1.45315 0.10641
v 0.03489 1.45015 0.10205
v 0.03291 1.44900 0.09500
v 0.03489 1.45015 0.08795
v 0.04009 1.45315 0.08359
v 0.04651 1.45685 0.08359
v 0.05171 1.45985 0.08795
v 0.05989 1.44605 0.09500
v 0.05767 1.44545 0.10205
v 0.05188 1.44390 0.10641
v 0.04471 1.44198 0.10641
v 0.03892 1.44043 0.10205
v 0.03671 1.43984 0.09500
v 0.03892 1.44043 0.08795
v 0.04471 1.44198 0.08359
v 0.05188 1.44390 0.08359
v 0.05767 1.44545 0.08795
v -0.13500 1.32000 -0.07500
v 0.13500 1.32000 -0.07500
v 0.13500 1.37000 -0.07500
v -0.13500 1.37000 -0.07500
v -0.13500 1.32000 0.07500
v 0.13500 1.32000 0.07500
v 0.13500 1.37000 0.07500
v -0.13500 1.37000 0.07500
v -0.10800 1.30900 -0.06500
v 0.10800 1.30900 -0.06500
v 0.10800 1.32100 -0.06500
v -0.10800 1.32100 -0.06500
v -0.10800 1.30900 0.06500
v 0.10800 1.30900 0.06500
v 0.10800 1.32100 0.06500
v -0.10800 1.32100 0.06500
v -0.12250 1.26000 -0.07500
v 0.12250 1.26000 -0.07500
v 0.12250 1.31000 -0.07500
v -0.12250 1.31000 -0.07500
v -0.12250 1.26000 0.07500
v 0.12250 1.26000 0.07500
v 0.12250 1.31000 0.07500
v -0.12250 1.31000 0.07500
v -0.09800 1.24900 -0.06500
v 0.09800 1.24900 -0.06500
v 0.09800 1.26100 -0.06500
v -0.09800 1.26100 -0.06500
v -0.09800 1.24900 0.06500
v 0.09800 1.24900 0.06500
v 0.09800 1.26100 0.06500
v -0.09800 1.26100 0.06500
v -0.11250 1.20000 -0.07500
v 0.11250 1.20000 -0.07500
v 0.11250 1.25000 -0.07500
v -0.11250 1.25000 -0.07500
v -0.11250 1.20000 0.07500
v 0.11250 1.20000 0.07500
v 0.11250 1.25000 0.07500
v -0.11250 1.25000 0.07500
v -0.09000 1.18900 -0.06500
v 0.09000 1.18900 -0.06500
v 0.09000 1.20100 -0.06500
v -0.09000 1.20100 -0.06500
v -0.09000 1.18900 0.06500
v 0.09000 1.18900 0.06500
v 0.09000 1.20100 0.06500
v -0.09000 1.20100 0.06500
v 0.01000 1.37000 0.07500
v 0.01000 1.20000 0.07000
v 0.00707 1.37021 0.06793
v 0.00707 1.20021 0.06293
v 0.00000 1.37029 0.06500
v 0.00000 1.20029 0.06000
v -0.00707 1.37021 0.06793
v -0.00707 1.20021 0.06293
v -0.01000 1.37000 0.07500
v -0.01000 1.20000 0.07000
v -0.00707 1.36979 0.08207
v -0.00707 1.19979 0.07707
v -0.00000 1.36971 0.08500
v -0.00000 1.19971 0.08000
v 0.00707 1.36979 0.08207
v 0.00707 1.19979 0.07707
v 0.01000 1.37000 0.07500
v 0.01000 1.20000 0.07000
v 0.00000 1.37000 0.07500
v 0.00000 1.20000 0.07000
v -0.13000 0.98000 -0.08500
v 0.13000 0.98000 -0.08500
v 0.13000 1.11000 -0.08500
v -0.13000 1.11000 -0.08500
v -0.13000 0.98000 0.08500
v 0.13000 0.98000 0.08500
v 0.13000 1.11000 0.08500
v -0.13000 1.11000 0.08500
v -0.10000 0.99500 -0.07000
v 0.10000 0.99500 -0.07000
v 0.10000 1.05500 -0.07000
v -0.10000 1.05500 -0.07000
v -0.10000 0.99500 0.07000
v 0.10000 0.99500 0.07000
v 0.10000 1.05500 0.07000
v -0.10000 1.05500 0.07000
v -0.20500 1.54700 0.00000
v -0.20500 1.54700 0.00000
v -0.20500 1.54700 0.00000
v -0.20500 1.54700 0.00000
v -0.20500 1.54700 0.00000
v -0.20500 1.54700 0.00000
v -0.20500 1.54700 0.00000
v -0.20500 1.54700 0.00000
v -0.20500 1.54700 0.00000
v -0.20500 1.54700 0.00000
v -0.20500 1.54700 0.00000
v -0.20500 1.54700 0.00000
v -0.20500 1.54700 0.00000
v -0.20500 1.54700 0.00000
v -0.20500 1.54700 0.00000
v -0.20500 1.54700 0.00000
v -0.20500 1.54700 0.00000
v -0.20500 1.54700 0.00000
v -0.20500 1.54700 0.00000
v -0.20500 1.54700 0.00000
v -0.20500 1.54700 0.00000
v -0.19120 1.54545 0.00000
v -0.19188 1.54545 0.00426
v -0.19384 1.54545 0.00811
v -0.19689 1.54545 0.01116
v -0.20074 1.54545 0.01312
v -0.20500 1.54545 0.01380
v -0.20926 1.54545 0.01312
v -0.21311 1.54545 0.01116
v -0.21616 1.54545 0.00811
v -0.21812 1.54545 0.00426
v -0.21880 1.54545 0.00000
v -0.21812 1.54545 -0.00426
v -0.21616 1.54545 -0.00811
v -0.21311 1.54545 -0.01116
v -0.20926 1.54545 -0.01312
v -0.20500 1.54545 -0.01380
v -0.20074 1.54545 -0.01312
v -0.19689 1.54545 -0.01116
v -0.19384 1.54545 -0.00811
v -0.19188 1.54545 -0.00426
v -0.19120 1.54545 -0.00000
v -0.17810 1.54086 0.00000
v -0.17942 1.54086 0.00831
v -0.18324 1.54086 0.01581
v -0.18919 1.54086 0.02176
v -0.19669 1.54086 0.02558
v -0.20500 1.54086 0.02690
v -0.21331 1.54086 0.02558
v -0.22081 1.54086 0.02176
v -0.22676 1.54086 0.01581
v -0.23058 1.54086 0.00831
v -0.23190 1.54086 0.00000
v -0.23058 1.54086 -0.00831
v -0.22676 1.54086 -0.01581
v -0.22081 1.54086 -0.02176
v -0.21331 1.54086 -0.02558
v -0.20500 1.54086 -0.02690
v -0.19669 1.54086 -0.02558
v -0.18919 1.54086 -0.02176
v -0.18324 1.54086 -0.01581
v -0.17942 1.54086 -0.00831
v -0.17810 1.54086 -0.00000
v -0.16634 1.53347 0.00000
v -0.16824 1.53347 0.01195
v -0.17373 1.53347 0.02272
v -0.18228 1.53347 0.03127
v -0.19305 1.53347 0.03676
v -0.20500 1.53347 0.03866
v -0.21695 1.53347 0.03676
v -0.22772 1.53347 0.03127
v -0.23627 1.53347 0.02272
v -0.24176 1.53347 0.01195
v -0.24366 1.53347 0.00000
v -0.24176 1.53347 -0.01195
v -0.23627 1.53347 -0.02272
v -0.22772 1.53347 -0.03127
v -0.21695 1.53347 -0.03676
v -0.20500 1.53347 -0.03866
v -0.19305 1.53347 -0.03676
v -0.18228 1.53347 -0.03127
v -0.17373 1.53347 -0.02272
v -0.16824 1.53347 -0.01195
v -0.16634 1.53347 -0.00000
v -0.15653 1.52366 0.00000
v -0.15890 1.52366 0.01498
v -0.16578 1.52366 0.02849
v -0.17651 1.52366 0.03922
v -0.19002 1.52366 0.04610
v -0.20500 1.52366 0.04847
v -0.21998 1.52366 0.04610
v -0.23349 1.52366 0.03922
v -0.24422 1.52366 0.02849
v -0.25110 1.52366 0.01498
v -0.25347 1.52366 0.00000
v -0.25110 1.52366 -0.01498
v -0.24422 1.52366 -0.02849
v -0.23349 1.52366 -0.03922
v -0.21998 1.52366 -0.04610
v -0.20500 1.52366 -0.04847
v -0.19002 1.52366 -0.04610
v -0.17651 1.52366 -0.03922
v -0.16578 1.52366 -0.02849
v -0.15890 1.52366 -0.01498
v -0.15653 1.52366 -0.00000
v -0.14914 1.51190 0.00000
v -0.15187 1.51190 0.01726
v -0.15981 1.51190 0.03283
v -0.17217 1.51190 0.04519
v -0.18774 1.51190 0.05313
v -0.20500 1.51190 0.05586
v -0.22226 1.51190 0.05313
v -0.23783 1.51190 0.04519
v -0.25019 1.51190 0.03283
v -0.25813 1.51190 0.01726
v -0.26086 1.51190 0.00000
v -0.25813 1.51190 -0.01726
v -0.25019 1.51190 -0.03283
v -0.23783 1.51190 -0.04519
v -0.22226 1.51190 -0.05313
v -0.20500 1.51190 -0.05586
v -0.18774 1.51190 -0.05313
v -0.17217 1.51190 -0.04519
v -0.15981 1.51190 -0.03283
v -0.15187 1.51190 -0.01726
v -0.14914 1.51190 -0.00000
v -0.14455 1.49880 0.00000
v -0.14751 1.49880 0.01868
v -0.15610 1.49880 0.03553
v -0.16947 1.49880 0.04890
v -0.18632 1.49880 0.05749
v -0.20500 1.49880 0.06045
v -0.22368 1.49880 0.05749
v -0.24053 1.49880 0.04890
v -0.25390 1.49880 0.03553
v -0.26249 1.49880 0.01868
v -0.26545 1.49880 0.00000
v -0.26249 1.49880 -0.01868
v -0.25390 1.49880 -0.03553
v -0.24053 1.49880 -0.04890
v -0.22368 1.49880 -0.05749
v -0.20500 1.49880 -0.06045
v -0.18632 1.49880 -0.05749
v -0.16947 1.49880 -0.04890
v -0.15610 1.49880 -0.03553
v -0.14751 1.49880 -0.01868
v -0.14455 1.49880 -0.00000
v -0.14300 1.48500 0.00000
v -0.14603 1.48500 0.01916
v -0.15484 1.48500 0.03644
v -0.16856 1.48500 0.05016
v -0.18584 1.48500 0.05897
v -0.20500 1.48500 0.06200
v -0.22416 1.48500 0.05897
v -0.24144 1.48500 0.05016
v -0.25516 1.48500 0.03644
v -0.26397 1.48500 0.01916
v -0.26700 1.48500 0.00000
v -0.26397 1.48500 -0.01916
v -0.25516 1.48500 -0.03644
v -0.24144 1.48500 -0.05016
v -0.22416 1.48500 -0.05897
v -0.20500 1.48500 -0.06200
v -0.18584 1.48500 -0.05897
v -0.16856 1.48500 -0.05016
v -0.15484 1.48500 -0.03644
v -0.14603 1.48500 -0.01916
v -0.14300 1.48500 -0.00000
v -0.14455 1.47120 0.00000
v -0.14751 1.47120 0.01868
v -0.15610 1.47120 0.03553
v -0.16947 1.47120 0.04890
v -0.18632 1.47120 0.05749
v -0.20500 1.47120 0.06045
v -0.22368 1.47120 0.05749
v -0.24053 1.47120 0.04890
v -0.25390 1.47120 0.03553
v -0.26249 1.47120 0.01868
v -0.26545 1.47120 0.00000
v -0.26249 1.47120 -0.01868
v -0.25390 1.47120 -0.03553
v -0.24053 1.47120 -0.04890
v -0.22368 1.47120 -0.05749
v -0.20500 1.47120 -0.06045
v -0.18632 1.47120 -0.05749
v -0.16947 1.47120 -0.04890
v -0.15610 1.47120 -0.03553
v -0.14751 1.47120 -0.01868
v -0.14455 1.47120 -0.00000
v -0.14914 1.45810 0.00000
v -0.15187 1.45810 0.01726
v -0.15981 1.45810 0.03283
v -0.17217 1.45810 0.04519
v -0.18774 1.45810 0.05313
v -0.20500 1.45810 0.05586
v -0.22226 1.45810 0.05313
v -0.23783 1.45810 0.04519
v -0.25019 1.45810 0.03283
v -0.25813 1.45810 0.01726
v -0.26086 1.45810 0.00000
v -0.25813 1.45810 -0.01726
v -0.25019 1.45810 -0.03283
v -0.23783 1.45810 -0.04519
v -0.22226 1.45810 -0.05313
v -0.20500 1.45810 -0.05586
v -0.18774 1.45810 -0.05313
v -0.17217 1.45810 -0.04519
v -0.15981 1.45810 -0.03283
v -0.15187 1.45810 -0.01726
v -0.14914 1.45810 -0.00000
v -0.15653 1.44634 0.00000
v -0.15890 1.44634 0.01498
v -0.16578 1.44634 0.02849
v -0.17651 1.44634 0.03922
v -0.19002 1.44634 0.04610
v -0.20500 1.44634 0.04847
v -0.21998 1.44634 0.04610
v -0.23349 1.44634 0.03922
v -0.24422 1.44634 0.02849
v -0.25110 1.44634 0.01498
v -0.25347 1.44634 0.00000
v -0.25110 1.44634 -0.01498
v -0.24422 1.44634 -0.02849
v -0.23349 1.44634 -0.03922
v -0.21998 1.44634 -0.04610
v -0.20500 1.44634 -0.04847
v -0.19002 1.44634 -0.04610
v -0.17651 1.44634 -0.03922
v -0.16578 1.44634 -0.02849
v -0.15890 1.44634 -0.01498
v -0.15653 1.44634 -0.00000
v -0.16634 1.43653 0.00000
v -0.16824 1.43653 0.01195
v -0.17373 1.43653 0.02272
v -0.18228 1.43653 0.03127
v -0.19305 1.43653 0.03676
v -0.20500 1.43653 0.03866
v -0.21695 1.43653 0.03676
v -0.22772 1.43653 0.03127
v -0.23627 1.43653 0.02272
v -0.24176 1.43653 0.01195
v -0.24366 1.43653 0.00000
v -0.24176 1.43653 -0.01195
v -0.23627 1.43653 -0.02272
v -0.22772 1.43653 -0.03127
v -0.21695 1.43653 -0.03676
v -0.20500 1.43653 -0.03866
v -0.19305 1.43653 -0.03676
v -0.18228 1.43653 -0.03127
v -0.17373 1.43653 -0.02272
v -0.16824 1.43653 -0.01195
v -0.16634 1.43653 -0.00000
v -0.17810 1.42914 0.00000
v -0.17942 1.42914 0.00831
v -0.18324 1.42914 0.01581
v -0.18919 1.42914 0.02176
v -0.19669 1.42914 0.02558
v -0.20500 1.42914 0.02690
v -0.21331 1.42914 0.02558
v -0.22081 1.42914 0.02176
v -0.22676 1.42914 0.01581
v -0.23058 1.42914 0.00831
v -0.23190 1.42914 0.00000
v -0.23058 1.42914 -0.00831
v -0.22676 1.42914 -0.01581
v -0.22081 1.42914 -0.02176
v -0.21331 1.42914 -0.02558
v -0.20500 1.42914 -0.02690
v -0.19669 1.42914 -0.02558
v -0.18919 1.42914 -0.02176
v -0.18324 1.42914 -0.01581
v -0.17942 1.42914 -0.00831
v -0.17810 1.42914 -0.00000
v -0.19120 1.42455 0.00000
v -0.19188 1.42455 0.00426
v -0.19384 1.42455 0.00811
v -0.19689 1.42455 0.01116
v -0.20074 1.42455 0.01312
v -0.20500 1.42455 0.01380
v -0.20926 1.42455 0.01312
v -0.21311 1.42455 0.01116
v -0.21616 1.42455 0.00811
v -0.21812 1.42455 0.00426
v -0.21880 1.42455 0.00000
v -0.21812 1.42455 -0.00426
v -0.21616 1.42455 -0.00811
v -0.21311 1.42455 -0.01116
v -0.20926 1.42455 -0.01312
v -0.20500 1.42455 -0.01380
v -0.20074 1.42455 -0.01312
v -0.19689 1.42455 -0.01116
v -0.19384 1.42455 -0.00811
v -0.19188 1.42455 -0.00426
v -0.19120 1.42455 -0.00000
v -0.20500 1.42300 0.00000
v -0.20500 1.42300 0.00000
v -0.20500 1.42300 0.00000
v -0.20500 1.42300 0.00000
v -0.20500 1.42300 0.00000
v -0.20500 1.42300 0.00000
v -0.20500 1.42300 0.00000
v -0.20500 1.42300 0.00000
v -0.20500 1.42300 0.00000
v -0.20500 1.42300 0.00000
v -0.20500 1.42300 0.00000
v -0.20500 1.42300 -0.00000
v -0.20500 1.42300 -0.00000
v -0.20500 1.42300 -0.00000
v -0.20500 1.42300 -0.00000
v -0.20500 1.42300 -0.00000
v -0.20500 1.42300 -0.00000
v -0.20500 1.42300 -0.00000
v -0.20500 1.42300 -0.00000
v -0.20500 1.42300 -0.00000
v -0.20500 1.42300 -0.00000
v -0.24966 1.49293 0.02104
v -0.28752 1.21166 0.02767
v -0.23977 1.49185 0.03527
v -0.27921 1.21075 0.03963
v -0.22569 1.48994 0.04525
v -0.26738 1.20915 0.04801
v -0.20911 1.48744 0.04977
v -0.25345 1.20705 0.05181
v -0.19204 1.48464 0.04829
v -0.23911 1.20470 0.05056
v -0.17653 1.48189 0.04098
v -0.22608 1.20239 0.04443
v -0.16445 1.47951 0.02874
v -0.21594 1.20039 0.03414
v -0.15727 1.47779 0.01302
v -0.20990 1.19895 0.02094
v -0.15584 1.47695 -0.00427
v -0.20870 1.19824 0.00642
v -0.16034 1.47707 -0.02104
v -0.21248 1.19834 -0.00767
v -0.17023 1.47815 -0.03527
v -0.22079 1.19925 -0.01963
v -0.18431 1.48006 -0.04525
v -0.23262 1.20085 -0.02801
v -0.20089 1.48256 -0.04977
v -0.24655 1.20295 -0.03181
v -0.21796 1.48536 -0.04829
v -0.26089 1.20530 -0.03056
v -0.23347 1.48811 -0.04098
v -0.27392 1.20761 -0.02443
v -0.24555 1.49049 -0.02874
v -0.28406 1.20961 -0.01414
v -0.25273 1.49221 -0.01302
v -0.29010 1.21105 -0.00094
v -0.25416 1.49305 0.00427
v -0.29130 1.21176 0.01358
v -0.24966 1.49293 0.02104
v -0.28752 1.21166 0.02767
v -0.20500 1.48500 0.00000
v -0.25000 1.20500 0.01000
v -0.25000 1.25500 0.01000
v -0.25000 1.25500 0.01000
v -0.25000 1.25500 0.01000
v -0.25000 1.25500 0.01000
v -0.25000 1.25500 0.01000
v -0.25000 1.25500 0.01000
v -0.25000 1.25500 0.01000
v -0.25000 1.25500 0.01000
v -0.25000 1.25500 0.01000
v -0.25000 1.25500 0.01000
v -0.25000 1.25500 0.01000
v -0.25000 1.25500 0.01000
v -0.25000 1.25500 0.01000
v -0.25000 1.25500 0.01000
v -0.25000 1.25500 0.01000
v -0.25000 1.25500 0.01000
v -0.25000 1.25500 0.01000
v -0.25000 1.25500 0.01000
v -0.25000 1.25500 0.01000
v -0.25000 1.25500 0.01000
v -0.25000 1.25500 0.01000
v -0.23887 1.25375 0.01000
v -0.23942 1.25375 0.01344
v -0.24100 1.25375 0.01654
v -0.24346 1.25375 0.01900
v -0.24656 1.25375 0.02058
v -0.25000 1.25375 0.02113
v -0.25344 1.25375 0.02058
v -0.25654 1.25375 0.01900
v -0.25900 1.25375 0.01654
v -0.26058 1.25375 0.01344
v -0.26113 1.25375 0.01000
v -0.26058 1.25375 0.00656
v -0.25900 1.25375 0.00346
v -0.25654 1.25375 0.00100
v -0.25344 1.25375 -0.00058
v -0.25000 1.25375 -0.00113
v -0.24656 1.25375 -0.00058
v -0.24346 1.25375 0.00100
v -0.24100 1.25375 0.00346
v -0.23942 1.25375 0.00656
v -0.23887 1.25375 0.01000
v -0.22831 1.25005 0.01000
v -0.22937 1.25005 0.01670
v -0.23245 1.25005 0.02275
v -0.23725 1.25005 0.02755
v -0.24330 1.25005 0.03063
v -0.25000 1.25005 0.03169
v -0.25670 1.25005 0.03063
v -0.26275 1.25005 0.02755
v -0.26755 1.25005 0.02275
v -0.27063 1.25005 0.01670
v -0.27169 1.25005 0.01000
v -0.27063 1.25005 0.00330
v -0.26755 1.25005 -0.00275
v -0.26275 1.25005 -0.00755
v -0.25670 1.25005 -0.01063
v -0.25000 1.25005 -0.01169
v -0.24330 1.25005 -0.01063
v -0.23725 1.25005 -0.00755
v -0.23245 1.25005 -0.00275
v -0.22937 1.25005 0.00330
v -0.22831 1.25005 0.01000
v -0.21883 1.24409 0.01000
v -0.22035 1.24409 0.01963
v -0.22478 1.24409 0.02832
v -0.23168 1.24409 0.03522
v -0.24037 1.24409 0.03965
v -0.25000 1.24409 0.04117
v -0.25963 1.24409 0.03965
v -0.26832 1.24409 0.03522
v -0.27522 1.24409 0.02832
v -0.27965 1.24409 0.01963
v -0.28117 1.24409 0.01000
v -0.27965 1.24409 0.00037
v -0.27522 1.24409 -0.00832
v -0.26832 1.24409 -0.01522
v -0.25963 1.24409 -0.01965
v -0.25000 1.24409 -0.02117
v -0.24037 1.24409 -0.01965
v -0.23168 1.24409 -0.01522
v -0.22478 1.24409 -0.00832
v -0.22035 1.24409 0.00037
v -0.21883 1.24409 0.01000
v -0.21091 1.23617 0.01000
v -0.21282 1.23617 0.02208
v -0.21837 1.23617 0.03298
v -0.22702 1.23617 0.04163
v -0.23792 1.23617 0.04718
v -0.25000 1.23617 0.04909
v -0.26208 1.23617 0.04718
v -0.27298 1.23617 0.04163
v -0.28163 1.23617 0.03298
v -0.28718 1.23617 0.02208
v -0.28909 1.23617 0.01000
v -0.28718 1.23617 -0.00208
v -0.28163 1.23617 -0.01298
v -0.27298 1.23617 -0.02163
v -0.26208 1.23617 -0.02718
v -0.25000 1.23617 -0.02909
v -0.23792 1.23617 -0.02718
v -0.22702 1.23617 -0.02163
v -0.21837 1.23617 -0.01298
v -0.21282 1.23617 -0.00208
v -0.21091 1.23617 0.01000
v -0.20495 1.22669 0.01000
v -0.20716 1.22669 0.02392
v -0.21356 1.22669 0.03648
v -0.22352 1.22669 0.04644
v -0.23608 1.22669 0.05284
v -0.25000 1.22669 0.05505
v -0.26392 1.22669 0.05284
v -0.27648 1.22669 0.04644
v -0.28644 1.22669 0.03648
v -0.29284 1.22669 0.02392
v -0.29505 1.22669 0.01000
v -0.29284 1.22669 -0.00392
v -0.28644 1.22669 -0.01648
v -0.27648 1.22669 -0.02644
v -0.26392 1.22669 -0.03284
v -0.25000 1.22669 -0.03505
v -0.23608 1.22669 -0.03284
v -0.22352 1.22669 -0.02644
v -0.21356 1.22669 -0.01648
v -0.20716 1.22669 -0.00392
v -0.20495 1.22669 0.01000
v -0.20125 1.21613 0.01000
v -0.20364 1.21613 0.02506
v -0.21056 1.21613 0.03865
v -0.22135 1.21613 0.04944
v -0.23494 1.21613 0.05636
v -0.25000 1.21613 0.05875
v -0.26506 1.21613 0.05636
v -0.27865 1.21613 0.04944
v -0.28944 1.21613 0.03865
v -0.29636 1.21613 0.02506
v -0.29875 1.21613 0.01000
v -0.29636 1.21613 -0.00506
v -0.28944 1.21613 -0.01865
v -0.27865 1.21613 -0.02944
v -0.26506 1.21613 -0.03636
v -0.25000 1.21613 -0.03875
v -0.23494 1.21613 -0.03636
v -0.22135 1.21613 -0.02944
v -0.21056 1.21613 -0.01865
v -0.20364 1.21613 -0.00506
v -0.20125 1.21613 0.01000
v -0.20000 1.20500 0.01000
v -0.20245 1.20500 0.02545
v -0.20955 1.20500 0.03939
v -0.22061 1.20500 0.05045
v -0.23455 1.20500 0.05755
v -0.25000 1.20500 0.06000
v -0.26545 1.20500 0.05755
v -0.27939 1.20500 0.05045
v -0.29045 1.20500 0.03939
v -0.29755 1.20500 0.02545
v -0.30000 1.20500 0.01000
v -0.29755 1.20500 -0.00545
v -0.29045 1.20500 -0.01939
v -0.27939 1.20500 -0.03045
v -0.26545 1.20500 -0.03755
v -0.25000 1.20500 -0.04000
v -0.23455 1.20500 -0.03755
v -0.22061 1.20500 -0.03045
v -0.20955 1.20500 -0.01939
v -0.20245 1.20500 -0.00545
v -0.20000 1.20500 0.01000
v -0.20125 1.19387 0.01000
v -0.20364 1.19387 0.02506
v -0.21056 1.19387 0.03865
v -0.22135 1.19387 0.04944
v -0.23494 1.19387 0.05636
v -0.25000 1.19387 0.05875
v -0.26506 1.19387 0.05636
v -0.27865 1.19387 0.04944
v -0.28944 1.19387 0.03865
v -0.29636 1.19387 0.02506
v -0.29875 1.19387 0.01000
v -0.29636 1.19387 -0.00506
v -0.28944 1.19387 -0.01865
v -0.27865 1.19387 -0.02944
v -0.26506 1.19387 -0.03636
v -0.25000 1.19387 -0.03875
v -0.23494 1.19387 -0.03636
v -0.22135 1.19387 -0.02944
v -0.21056 1.19387 -0.01865
v -0.20364 1.19387 -0.00506
v -0.20125 1.19387 0.01000
v -0.20495 1.18331 0.01000
v -0.20716 1.18331 0.02392
v -0.21356 1.18331 0.03648
v -0.22352 1.18331 0.04644
v -0.23608 1.18331 0.05284
v -0.25000 1.18331 0.05505
v -0.26392 1.18331 0.05284
v -0.27648 1.18331 0.04644
v -0.28644 1.18331 0.03648
v -0.29284 1.18331 0.02392
v -0.29505 1.18331 0.01000
v -0.29284 1.18331 -0.00392
v -0.28644 1.18331 -0.01648
v -0.27648 1.18331 -0.02644
v -0.26392 1.18331 -0.03284
v -0.25000 1.18331 -0.03505
v -0.23608 1.18331 -0.03284
v -0.22352 1.18331 -0.02644
v -0.21356 1.18331 -0.01648
v -0.20716 1.18331 -0.00392
v -0.20495 1.18331 0.01000
v -0.21091 1.17383 0.01000
v -0.21282 1.17383 0.02208
v -0.21837 1.17383 0.03298
v -0.22702 1.17383 0.04163
v -0.23792 1.17383 0.04718
v -0.25000 1.17383 0.04909
v -0.26208 1.17383 0.04718
v -0.27298 1.17383 0.04163
v -0.28163 1.17383 0.03298
v -0.28718 1.17383 0.02208
v -0.28909 1.17383 0.01000
v -0.28718 1.17383 -0.00208
v -0.28163 1.17383 -0.01298
v -0.27298 1.17383 -0.02163
v -0.26208 1.17383 -0.02718
v -0.25000 1.17383 -0.02909
v -0.23792 1.17383 -0.02718
v -0.22702 1.17383 -0.02163
v -0.21837 1.17383 -0.01298
v -0.21282 1.17383 -0.00208
v -0.21091 1.17383 0.01000
v -0.21883 1.16591 0.01000
v -0.22035 1.16591 0.01963
v -0.22478 1.16591 0.02832
v -0.23168 1.16591 0.03522
v -0.24037 1.16591 0.03965
v -0.25000 1.16591 0.04117
v -0.25963 1.16591 0.03965
v -0.26832 1.16591 0.03522
v -0.27522 1.16591 0.02832
v -0.27965 1.16591 0.01963
v -0.28117 1.16591 0.01000
v -0.27965 1.16591 0.00037
v -0.27522 1.16591 -0.00832
v -0.26832 1.16591 -0.01522
v -0.25963 1.16591 -0.01965
v -0.25000 1.16591 -0.02117
v -0.24037 1.16591 -0.01965
v -0.23168 1.16591 -0.01522
v -0.22478 1.16591 -0.00832
v -0.22035 1.16591 0.00037
v -0.21883 1.16591 0.01000
v -0.22831 1.15995 0.01000
v -0.22937 1.15995 0.01670
v -0.23245 1.15995 0.02275
v -0.23725 1.15995 0.02755
v -0.24330 1.15995 0.03063
v -0.25000 1.15995 0.03169
v -0.25670 1.15995 0.03063
v -0.26275 1.15995 0.02755
v -0.26755 1.15995 0.02275
v -0.27063 1.15995 0.01670
v -0.27169 1.15995 0.01000
v -0.27063 1.15995 0.00330
v -0.26755 1.15995 -0.00275
v -0.26275 1.15995 -0.00755
v -0.25670 1.15995 -0.01063
v -0.25000 1.15995 -0.01169
v -0.24330 1.15995 -0.01063
v -0.23725 1.15995 -0.00755
v -0.23245 1.15995 -0.00275
v -0.22937 1.15995 0.00330
v -0.22831 1.15995 0.01000
v -0.23887 1.15625 0.01000
v -0.23942 1.15625 0.01344
v -0.24100 1.15625 0.01654
v -0.24346 1.15625 0.01900
v -0.24656 1.15625 0.02058
v -0.25000 1.15625 0.02113
v -0.25344 1.15625 0.02058
v -0.25654 1.15625 0.01900
v -0.25900 1.15625 0.01654
v -0.26058 1.15625 0.01344
v -0.26113 1.15625 0.01000
v -0.26058 1.15625 0.00656
v -0.25900 1.15625 0.00346
v -0.25654 1.15625 0.00100
v -0.25344 1.15625 -0.00058
v -0.25000 1.15625 -0.00113
v -0.24656 1.15625 -0.00058
v -0.24346 1.15625 0.00100
v -0.24100 1.15625 0.00346
v -0.23942 1.15625 0.00656
v -0.23887 1.15625 0.01000
v -0.25000 1.15500 0.01000
v -0.25000 1.15500 0.01000
v -0.25000 1.15500 0.01000
v -0.25000 1.15500 0.01000
v -0.25000 1.15500 0.01000
v -0.25000 1.15500 0.01000
v -0.25000 1.15500 0.01000
v -0.25000 1.15500 0.01000
v -0.25000 1.15500 0.01000
v -0.25000 1.15500 0.01000
v -0.25000 1.15500 0.01000
v -0.25000 1.15500 0.01000
v -0.25000 1.15500 0.01000
v -0.25000 1.15500 0.01000
v -0.25000 1.15500 0.01000
v -0.25000 1.15500 0.01000
v -0.25000 1.15500 0.01000
v -0.25000 1.15500 0.01000
v -0.25000 1.15500 0.01000
v -0.25000 1.15500 0.01000
v -0.25000 1.15500 0.01000
v -0.28334 1.20963 0.03511
v -0.30699 0.93875 0.04033
v -0.27274 1.20883 0.04510
v -0.29841 0.93810 0.04842
v -0.25940 1.20756 0.05085
v -0.28761 0.93707 0.05307
v -0.24492 1.20598 0.05168
v -0.27589 0.93579 0.05374
v -0.23106 1.20428 0.04748
v -0.26467 0.93442 0.05034
v -0.21948 1.20267 0.03876
v -0.25529 0.93312 0.04328
v -0.21158 1.20134 0.02657
v -0.24890 0.93204 0.03341
v -0.20831 1.20046 0.01238
v -0.24625 0.93132 0.02192
v -0.21008 1.20012 -0.00210
v -0.24768 0.93105 0.01021
v -0.21666 1.20037 -0.01511
v -0.25301 0.93125 -0.00033
v -0.22726 1.20117 -0.02510
v -0.26159 0.93190 -0.00842
v -0.24060 1.20244 -0.03085
v -0.27239 0.93293 -0.01307
v -0.25508 1.20402 -0.03168
v -0.28411 0.93421 -0.01374
v -0.26894 1.20572 -0.02748
v -0.29533 0.93558 -0.01034
v -0.28052 1.20733 -0.01876
v -0.30471 0.93688 -0.00328
v -0.28842 1.20866 -0.00657
v -0.31110 0.93796 0.00659
v -0.29169 1.20954 0.00762
v -0.31375 0.93868 0.01808
v -0.28992 1.20988 0.02210
v -0.31232 0.93895 0.02979
v -0.28334 1.20963 0.03511
v -0.30699 0.93875 0.04033
v -0.25000 1.20500 0.01000
v -0.28000 0.93500 0.02000
v -0.28000 0.97500 0.02000
v -0.28000 0.97500 0.02000
v -0.28000 0.97500 0.02000
v -0.28000 0.97500 0.02000
v -0.28000 0.97500 0.02000
v -0.28000 0.97500 0.02000
v -0.28000 0.97500 0.02000
v -0.28000 0.97500 0.02000
v -0.28000 0.97500 0.02000
v -0.28000 0.97500 0.02000
v -0.28000 0.97500 0.02000
v -0.28000 0.97500 0.02000
v -0.28000 0.97500 0.02000
v -0.28000 0.97500 0.02000
v -0.28000 0.97500 0.02000
v -0.28000 0.97500 0.02000
v -0.28000 0.97500 0.02000
v -0.28000 0.97500 0.02000
v -0.28000 0.97500 0.02000
v -0.28000 0.97500 0.02000
v -0.28000 0.97500 0.02000
v -0.27110 0.97400 0.02000
v -0.27153 0.97400 0.02275
v -0.27280 0.97400 0.02523
v -0.27477 0.97400 0.02720
v -0.27725 0.97400 0.02847
v -0.28000 0.97400 0.02890
v -0.28275 0.97400 0.02847
v -0.28523 0.97400 0.02720
v -0.28720 0.97400 0.02523
v -0.28847 0.97400 0.02275
v -0.28890 0.97400 0.02000
v -0.28847 0.97400 0.01725
v -0.28720 0.97400 0.01477
v -0.28523 0.97400 0.01280
v -0.28275 0.97400 0.01153
v -0.28000 0.97400 0.01110
v -0.27725 0.97400 0.01153
v -0.27477 0.97400 0.01280
v -0.27280 0.97400 0.01477
v -0.27153 0.97400 0.01725
v -0.27110 0.97400 0.02000
v -0.26264 0.97104 0.02000
v -0.26349 0.97104 0.02536
v -0.26596 0.97104 0.03020
v -0.26980 0.97104 0.03404
v -0.27464 0.97104 0.03651
v -0.28000 0.97104 0.03736
v -0.28536 0.97104 0.03651
v -0.29020 0.97104 0.03404
v -0.29404 0.97104 0.03020
v -0.29651 0.97104 0.02536
v -0.29736 0.97104 0.02000
v -0.29651 0.97104 0.01464
v -0.29404 0.97104 0.00980
v -0.29020 0.97104 0.00596
v -0.28536 0.97104 0.00349
v -0.28000 0.97104 0.00264
v -0.27464 0.97104 0.00349
v -0.26980 0.97104 0.00596
v -0.26596 0.97104 0.00980
v -0.26349 0.97104 0.01464
v -0.26264 0.97104 0.02000
v -0.25506 0.96627 0.02000
v -0.25628 0.96627 0.02771
v -0.25982 0.96627 0.03466
v -0.26534 0.96627 0.04018
v -0.27229 0.96627 0.04372
v -0.28000 0.96627 0.04494
v -0.28771 0.96627 0.04372
v -0.29466 0.96627 0.04018
v -0.30018 0.96627 0.03466
v -0.30372 0.96627 0.02771
v -0.30494 0.96627 0.02000
v -0.30372 0.96627 0.01229
v -0.30018 0.96627 0.00534
v -0.29466 0.96627 -0.00018
v -0.28771 0.96627 -0.00372
v -0.28000 0.96627 -0.00494
v -0.27229 0.96627 -0.00372
v -0.26534 0.96627 -0.00018
v -0.25982 0.96627 0.00534
v -0.25628 0.96627 0.01229
v -0.25506 0.96627 0.02000
v -0.24873 0.95994 0.02000
v -0.25026 0.95994 0.02966
v -0.25470 0.95994 0.03838
v -0.26162 0.95994 0.04530
v -0.27034 0.95994 0.04974
v -0.28000 0.95994 0.05127
v -0.28966 0.95994 0.04974
v -0.29838 0.95994 0.04530
v -0.30530 0.95994 0.03838
v -0.30974 0.95994 0.02966
v -0.31127 0.95994 0.02000
v -0.30974 0.95994 0.01034
v -0.30530 0.95994 0.00162
v -0.29838 0.95994 -0.00530
v -0.28966 0.95994 -0.00974
v -0.28000 0.95994 -0.01127
v -0.27034 0.95994 -0.00974
v -0.26162 0.95994 -0.00530
v -0.25470 0.95994 0.00162
v -0.25026 0.95994 0.01034
v -0.24873 0.95994 0.02000
v -0.24396 0.95236 0.02000
v -0.24573 0.95236 0.03114
v -0.25084 0.95236 0.04118
v -0.25882 0.95236 0.04916
v -0.26886 0.95236 0.05427
v -0.28000 0.95236 0.05604
v -0.29114 0.95236 0.05427
v -0.30118 0.95236 0.04916
v -0.30916 0.95236 0.04118
v -0.31427 0.95236 0.03114
v -0.31604 0.95236 0.02000
v -0.31427 0.95236 0.00886
v -0.30916 0.95236 -0.00118
v -0.30118 0.95236 -0.00916
v -0.29114 0.95236 -0.01427
v -0.28000 0.95236 -0.01604
v -0.26886 0.95236 -0.01427
v -0.25882 0.95236 -0.00916
v -0.25084 0.95236 -0.00118
v -0.24573 0.95236 0.00886
v -0.24396 0.95236 0.02000
v -0.24100 0.94390 0.02000
v -0.24291 0.94390 0.03205
v -0.24845 0.94390 0.04292
v -0.25708 0.94390 0.05155
v -0.26795 0.94390 0.05709
v -0.28000 0.94390 0.05900
v -0.29205 0.94390 0.05709
v -0.30292 0.94390 0.05155
v -0.31155 0.94390 0.04292
v -0.31709 0.94390 0.03205
v -0.31900 0.94390 0.02000
v -0.31709 0.94390 0.00795
v -0.31155 0.94390 -0.00292
v -0.30292 0.94390 -0.01155
v -0.29205 0.94390 -0.01709
v -0.28000 0.94390 -0.01900
v -0.26795 0.94390 -0.01709
v -0.25708 0.94390 -0.01155
v -0.24845 0.94390 -0.00292
v -0.24291 0.94390 0.00795
v -0.24100 0.94390 0.02000
v -0.24000 0.93500 0.02000
v -0.24196 0.93500 0.03236
v -0.24764 0.93500 0.04351
v -0.25649 0.93500 0.05236
v -0.26764 0.93500 0.05804
v -0.28000 0.93500 0.06000
v -0.29236 0.93500 0.05804
v -0.30351 0.93500 0.05236
v -0.31236 0.93500 0.04351
v -0.31804 0.93500 0.03236
v -0.32000 0.93500 0.02000
v -0.31804 0.93500 0.00764
v -0.31236 0.93500 -0.00351
v -0.30351 0.93500 -0.01236
v -0.29236 0.93500 -0.01804
v -0.28000 0.93500 -0.02000
v -0.26764 0.93500 -0.01804
v -0.25649 0.93500 -0.01236
v -0.24764 0.93500 -0.00351
v -0.24196 0.93500 0.00764
v -0.24000 0.93500 0.02000
v -0.24100 0.92610 0.02000
v -0.24291 0.92610 0.03205
v -0.24845 0.92610 0.04292
v -0.25708 0.92610 0.05155
v -0.26795 0.92610 0.05709
v -0.28000 0.92610 0.05900
v -0.29205 0.92610 0.05709
v -0.30292 0.92610 0.05155
v -0.31155 0.92610 0.04292
v -0.31709 0.92610 0.03205
v -0.31900 0.92610 0.02000
v -0.31709 0.92610 0.00795
v -0.31155 0.92610 -0.00292
v -0.30292 0.92610 -0.01155
v -0.29205 0.92610 -0.01709
v -0.28000 0.92610 -0.01900
v -0.26795 0.92610 -0.01709
v -0.25708 0.92610 -0.01155
v -0.24845 0.92610 -0.00292
v -0.24291 0.92610 0.00795
v -0.24100 0.92610 0.02000
v -0.24396 0.91764 0.02000
v -0.24573 0.91764 0.03114
v -0.25084 0.91764 0.04118
v -0.25882 0.91764 0.04916
v -0.26886 0.91764 0.05427
v -0.28000 0.91764 0.05604
v -0.29114 0.91764 0.05427
v -0.30118 0.91764 0.04916
v -0.30916 0.91764 0.04118
v -0.31427 0.91764 0.03114
v -0.31604 0.91764 0.02000
v -0.31427 0.91764 0.00886
v -0.30916 0.91764 -0.00118
v -0.30118 0.91764 -0.00916
v -0.29114 0.91764 -0.01427
v -0.28000 0.91764 -0.01604
v -0.26886 0.91764 -0.01427
v -0.25882 0.91764 -0.00916
v -0.25084 0.91764 -0.00118
v -0.24573 0.91764 0.00886
v -0.24396 0.91764 0.02000
v -0.24873 0.91006 0.02000
v -0.25026 0.91006 0.02966
v -0.25470 0.91006 0.03838
v -0.26162 0.91006 0.04530
v -0.27034 0.91006 0.04974
v -0.28000 0.91006 0.05127
v -0.28966 0.91006 0.04974
v -0.29838 0.91006 0.04530
v -0.30530 0.91006 0.03838
v -0.30974 0.91006 0.02966
v -0.31127 0.91006 0.02000
v -0.30974 0.91006 0.01034
v -0.30530 0.91006 0.00162
v -0.29838 0.91006 -0.00530
v -0.28966 0.91006 -0.00974
v -0.28000 0.91006 -0.01127
v -0.27034 0.91006 -0.00974
v -0.26162 0.91006 -0.00530
v -0.25470 0.91006 0.00162
v -0.25026 0.91006 0.01034
v -0.24873 0.91006 0.02000
v -0.25506 0.90373 0.02000
v -0.25628 0.90373 0.02771
v -0.25982 0.90373 0.03466
v -0.26534 0.90373 0.04018
v -0.27229 0.90373 0.04372
v -0.28000 0.90373 0.04494
v -0.28771 0.90373 0.04372
v -0.29466 0.90373 0.04018
v -0.30018 0.90373 0.03466
v -0.30372 0.90373 0.02771
v -0.30494 0.90373 0.02000
v -0.30372 0.90373 0.01229
v -0.30018 0.90373 0.00534
v -0.29466 0.90373 -0.00018
v -0.28771 0.90373 -0.00372
v -0.28000 0.90373 -0.00494
v -0.27229 0.90373 -0.00372
v -0.26534 0.90373 -0.00018
v -0.25982 0.90373 0.00534
v -0.25628 0.90373 0.01229
v -0.25506 0.90373 0.02000
v -0.26264 0.89896 0.02000
v -0.26349 0.89896 0.02536
v -0.26596 0.89896 0.03020
v -0.26980 0.89896 0.03404
v -0.27464 0.89896 0.03651
v -0.28000 0.89896 0.03736
v -0.28536 0.89896 0.03651
v -0.29020 0.89896 0.03404
v -0.29404 0.89896 0.03020
v -0.29651 0.89896 0.02536
v -0.29736 0.89896 0.02000
v -0.29651 0.89896 0.01464
v -0.29404 0.89896 0.00980
v -0.29020 0.89896 0.00596
v -0.28536 0.89896 0.00349
v -0.28000 0.89896 0.00264
v -0.27464 0.89896 0.00349
v -0.26980 0.89896 0.00596
v -0.26596 0.89896 0.00980
v -0.26349 0.89896 0.01464
v -0.26264 0.89896 0.02000
v -0.27110 0.89600 0.02000
v -0.27153 0.89600 0.02275
v -0.27280 0.89600 0.02523
v -0.27477 0.89600 0.02720
v -0.27725 0.89600 0.02847
v -0.28000 0.89600 0.02890
v -0.28275 0.89600 0.02847
v -0.28523 0.89600 0.02720
v -0.28720 0.89600 0.02523
v -0.28847 0.89600 0.02275
v -0.28890 0.89600 0.02000
v -0.28847 0.89600 0.01725
v -0.28720 0.89600 0.01477
v -0.28523 0.89600 0.01280
v -0.28275 0.89600 0.01153
v -0.28000 0.89600 0.01110
v -0.27725 0.89600 0.01153
v -0.27477 0.89600 0.01280
v -0.27280 0.89600 0.01477
v -0.27153 0.89600 0.01725
v -0.27110 0.89600 0.02000
v -0.28000 0.89500 0.02000
v -0.28000 0.89500 0.02000
v -0.28000 0.89500 0.02000
v -0.28000 0.89500 0.02000
v -0.28000 0.89500 0.02000
v -0.28000 0.89500 0.02000
v -0.28000 0.89500 0.02000
v -0.28000 0.89500 0.02000
v -0.28000 0.89500 0.02000
v -0.28000 0.89500 0.02000
v -0.28000 0.89500 0.02000
v -0.28000 0.89500 0.02000
v -0.28000 0.89500 0.02000
v -0.28000 0.89500 0.02000
v -0.28000 0.89500 0.02000
v -0.28000 0.89500 0.02000
v -0.28000 0.89500 0.02000
v -0.28000 0.89500 0.02000
v -0.28000 0.89500 0.02000
v -0.28000 0.89500 0.02000
v -0.28000 0.89500 0.02000
v -0.21211 1.46647 -0.02664
v -0.25711 1.22647 -0.01664
v -0.20765 1.46581 -0.02250
v -0.25265 1.22581 -0.01250
v -0.20164 1.46467 -0.02275
v -0.24664 1.22467 -0.01275
v -0.19760 1.46373 -0.02725
v -0.24260 1.22373 -0.01725
v -0.19789 1.46353 -0.03336
v -0.24289 1.22353 -0.02336
v -0.20235 1.46419 -0.03750
v -0.24735 1.22419 -0.02750
v -0.20836 1.46533 -0.03725
v -0.25336 1.22533 -0.02725
v -0.21240 1.46627 -0.03275
v -0.25740 1.22627 -0.02275
v -0.21211 1.46647 -0.02664
v -0.25711 1.22647 -0.01664
v -0.20500 1.46500 -0.03000
v -0.25000 1.22500 -0.02000
v -0.30900 0.84750 0.01100
v -0.25100 0.84750 0.01100
v -0.25100 0.92250 0.01100
v -0.30900 0.92250 0.01100
v -0.30900 0.84750 0.03900
v -0.25100 0.84750 0.03900
v -0.25100 0.92250 0.03900
v -0.30900 0.92250 0.03900
v -0.29150 0.84500 0.03100
v -0.29250 0.82316 0.03300
v -0.29428 0.84439 0.02431
v -0.29499 0.82261 0.02701
v -0.30100 0.84413 0.02154
v -0.30100 0.82238 0.02454
v -0.30772 0.84439 0.02431
v -0.30701 0.82261 0.02701
v -0.31050 0.84500 0.03100
v -0.30950 0.82316 0.03300
v -0.30772 0.84561 0.03769
v -0.30701 0.82371 0.03899
v -0.30100 0.84587 0.04046
v -0.30100 0.82394 0.04146
v -0.29428 0.84561 0.03769
v -0.29499 0.82371 0.03899
v -0.29150 0.84500 0.03100
v -0.29250 0.82316 0.03300
v -0.30100 0.84500 0.03100
v -0.30100 0.82316 0.03300
v -0.30100 0.83166 0.03300
v -0.30100 0.83166 0.03300
v -0.30100 0.83166 0.03300
v -0.30100 0.83166 0.03300
v -0.30100 0.83166 0.03300
v -0.30100 0.83166 0.03300
v -0.30100 0.83166 0.03300
v -0.30100 0.83166 0.03300
v -0.30100 0.83166 0.03300
v -0.30100 0.83166 0.03300
v -0.30100 0.83166 0.03300
v -0.30100 0.83166 0.03300
v -0.30100 0.83166 0.03300
v -0.30100 0.83166 0.03300
v -0.30100 0.83166 0.03300
v -0.30100 0.83166 0.03300
v -0.30100 0.83166 0.03300
v -0.30100 0.83166 0.03300
v -0.30100 0.83166 0.03300
v -0.30100 0.83166 0.03300
v -0.30100 0.83166 0.03300
v -0.29911 0.83145 0.03300
v -0.29920 0.83145 0.03358
v -0.29947 0.83145 0.03411
v -0.29989 0.83145 0.03453
v -0.30042 0.83145 0.03480
v -0.30100 0.83145 0.03489
v -0.30158 0.83145 0.03480
v -0.30211 0.83145 0.03453
v -0.30253 0.83145 0.03411
v -0.30280 0.83145 0.03358
v -0.30289 0.83145 0.03300
v -0.30280 0.83145 0.03242
v -0.30253 0.83145 0.03189
v -0.30211 0.83145 0.03147
v -0.30158 0.83145 0.03120
v -0.30100 0.83145 0.03111
v -0.30042 0.83145 0.03120
v -0.29989 0.83145 0.03147
v -0.29947 0.83145 0.03189
v -0.29920 0.83145 0.03242
v -0.29911 0.83145 0.03300
v -0.29731 0.83082 0.03300
v -0.29749 0.83082 0.03414
v -0.29802 0.83082 0.03517
v -0.29883 0.83082 0.03598
v -0.29986 0.83082 0.03651
v -0.30100 0.83082 0.03669
v -0.30214 0.83082 0.03651
v -0.30317 0.83082 0.03598
v -0.30398 0.83082 0.03517
v -0.30451 0.83082 0.03414
v -0.30469 0.83082 0.03300
v -0.30451 0.83082 0.03186
v -0.30398 0.83082 0.03083
v -0.30317 0.83082 0.03002
v -0.30214 0.83082 0.02949
v -0.30100 0.83082 0.02931
v -0.29986 0.83082 0.02949
v -0.29883 0.83082 0.03002
v -0.29802 0.83082 0.03083
v -0.29749 0.83082 0.03186
v -0.29731 0.83082 0.03300
v -0.29570 0.82981 0.03300
v -0.29596 0.82981 0.03464
v -0.29671 0.82981 0.03612
v -0.29788 0.82981 0.03729
v -0.29936 0.82981 0.03804
v -0.30100 0.82981 0.03830
v -0.30264 0.82981 0.03804
v -0.30412 0.82981 0.03729
v -0.30529 0.82981 0.03612
v -0.30604 0.82981 0.03464
v -0.30630 0.82981 0.03300
v -0.30604 0.82981 0.03136
v -0.30529 0.82981 0.02988
v -0.30412 0.82981 0.02871
v -0.30264 0.82981 0.02796
v -0.30100 0.82981 0.02770
v -0.29936 0.82981 0.02796
v -0.29788 0.82981 0.02871
v -0.29671 0.82981 0.02988
v -0.29596 0.82981 0.03136
v -0.29570 0.82981 0.03300
v -0.29435 0.82846 0.03300
v -0.29468 0.82846 0.03505
v -0.29562 0.82846 0.03691
v -0.29709 0.82846 0.03838
v -0.29895 0.82846 0.03932
v -0.30100 0.82846 0.03965
v -0.30305 0.82846 0.03932
v -0.30491 0.82846 0.03838
v -0.30638 0.82846 0.03691
v -0.30732 0.82846 0.03505
v -0.30765 0.82846 0.03300
v -0.30732 0.82846 0.03095
v -0.30638 0.82846 0.02909
v -0.30491 0.82846 0.02762
v -0.30305 0.82846 0.02668
v -0.30100 0.82846 0.02635
v -0.29895 0.82846 0.02668
v -0.29709 0.82846 0.02762
v -0.29562 0.82846 0.02909
v -0.29468 0.82846 0.03095
v -0.29435 0.82846 0.03300
v -0.29334 0.82685 0.03300
v -0.29372 0.82685 0.03537
v -0.29480 0.82685 0.03750
v -0.29650 0.82685 0.03920
v -0.29863 0.82685 0.04028
v -0.30100 0.82685 0.04066
v -0.30337 0.82685 0.04028
v -0.30550 0.82685 0.03920
v -0.30720 0.82685 0.03750
v -0.30828 0.82685 0.03537
v -0.30866 0.82685 0.03300
v -0.30828 0.82685 0.03063
v -0.30720 0.82685 0.02850
v -0.30550 0.82685 0.02680
v -0.30337 0.82685 0.02572
v -0.30100 0.82685 0.02534
v -0.29863 0.82685 0.02572
v -0.29650 0.82685 0.02680
v -0.29480 0.82685 0.02850
v -0.29372 0.82685 0.03063
v -0.29334 0.82685 0.03300
v -0.29271 0.82505 0.03300
v -0.29312 0.82505 0.03556
v -0.29430 0.82505 0.03787
v -0.29613 0.82505 0.03970
v -0.29844 0.82505 0.04088
v -0.30100 0.82505 0.04129
v -0.30356 0.82505 0.04088
v -0.30587 0.82505 0.03970
v -0.30770 0.82505 0.03787
v -0.30888 0.82505 0.03556
v -0.30929 0.82505 0.03300
v -0.30888 0.82505 0.03044
v -0.30770 0.82505 0.02813
v -0.30587 0.82505 0.02630
v -0.30356 0.82505 0.02512
v -0.30100 0.82505 0.02471
v -0.29844 0.82505 0.02512
v -0.29613 0.82505 0.02630
v -0.29430 0.82505 0.02813
v -0.29312 0.82505 0.03044
v -0.29271 0.82505 0.03300
v -0.29250 0.82316 0.03300
v -0.29292 0.82316 0.03563
v -0.29412 0.82316 0.03800
v -0.29600 0.82316 0.03988
v -0.29837 0.82316 0.04108
v -0.30100 0.82316 0.04150
v -0.30363 0.82316 0.04108
v -0.30600 0.82316 0.03988
v -0.30788 0.82316 0.03800
v -0.30908 0.82316 0.03563
v -0.30950 0.82316 0.03300
v -0.30908 0.82316 0.03037
v -0.30788 0.82316 0.02800
v -0.30600 0.82316 0.02612
v -0.30363 0.82316 0.02492
v -0.30100 0.82316 0.02450
v -0.29837 0.82316 0.02492
v -0.29600 0.82316 0.02612
v -0.29412 0.82316 0.02800
v -0.29292 0.82316 0.03037
v -0.29250 0.82316 0.03300
v -0.29271 0.82127 0.03300
v -0.29312 0.82127 0.03556
v -0.29430 0.82127 0.03787
v -0.29613 0.82127 0.03970
v -0.29844 0.82127 0.04088
v -0.30100 0.82127 0.04129
v -0.30356 0.82127 0.04088
v -0.30587 0.82127 0.03970
v -0.30770 0.82127 0.03787
v -0.30888 0.82127 0.03556
v -0.30929 0.82127 0.03300
v -0.30888 0.82127 0.03044
v -0.30770 0.82127 0.02813
v -0.30587 0.82127 0.02630
v -0.30356 0.82127 0.02512
v -0.30100 0.82127 0.02471
v -0.29844 0.82127 0.02512
v -0.29613 0.82127 0.02630
v -0.29430 0.82127 0.02813
v -0.29312 0.82127 0.03044
v -0.29271 0.82127 0.03300
v -0.29334 0.81947 0.03300
v -0.29372 0.81947 0.03537
v -0.29480 0.81947 0.03750
v -0.29650 0.81947 0.03920
v -0.29863 0.81947 0.04028
v -0.30100 0.81947 0.04066
v -0.30337 0.81947 0.04028
v -0.30550 0.81947 0.03920
v -0.30720 0.81947 0.03750
v -0.30828 0.81947 0.03537
v -0.30866 0.81947 0.03300
v -0.30828 0.81947 0.03063
v -0.30720 0.81947 0.02850
v -0.30550 0.81947 0.02680
v -0.30337 0.81947 0.02572
v -0.30100 0.81947 0.02534
v -0.29863 0.81947 0.02572
v -0.29650 0.81947 0.02680
v -0.29480 0.81947 0.02850
v -0.29372 0.81947 0.03063
v -0.29334 0.81947 0.03300
v -0.29435 0.81786 0.03300
v -0.29468 0.81786 0.03505
v -0.29562 0.81786 0.03691
v -0.29709 0.81786 0.03838
v -0.29895 0.81786 0.03932
v -0.30100 0.81786 0.03965
v -0.30305 0.81786 0.03932
v -0.30491 0.81786 0.03838
v -0.30638 0.81786 0.03691
v -0.30732 0.81786 0.03505
v -0.30765 0.81786 0.03300
v -0.30732 0.81786 0.03095
v -0.30638 0.81786 0.02909
v -0.30491 0.81786 0.02762
v -0.30305 0.81786 0.02668
v -0.30100 0.81786 0.02635
v -0.29895 0.81786 0.02668
v -0.29709 0.81786 0.02762
v -0.29562 0.81786 0.02909
v -0.29468 0.81786 0.03095
v -0.29435 0.81786 0.03300
v -0.29570 0.81651 0.03300
v -0.29596 0.81651 0.03464
v -0.29671 0.81651 0.03612
v -0.29788 0.81651 0.03729
v -0.29936 0.81651 0.03804
v -0.30100 0.81651 0.03830
v -0.30264 0.81651 0.03804
v -0.30412 0.81651 0.03729
v -0.30529 0.81651 0.03612
v -0.30604 0.81651 0.03464
v -0.30630 0.81651 0.03300
v -0.30604 0.81651 0.03136
v -0.30529 0.81651 0.02988
v -0.30412 0.81651 0.02871
v -0.30264 0.81651 0.02796
v -0.30100 0.81651 0.02770
v -0.29936 0.81651 0.02796
v -0.29788 0.81651 0.02871
v -0.29671 0.81651 0.02988
v -0.29596 0.81651 0.03136
v -0.29570 0.81651 0.03300
v -0.29731 0.81550 0.03300
v -0.29749 0.81550 0.03414
v -0.29802 0.81550 0.03517
v -0.29883 0.81550 0.03598
v -0.29986 0.81550 0.03651
v -0.30100 0.81550 0.03669
v -0.30214 0.81550 0.03651
v -0.30317 0.81550 0.03598
v -0.30398 0.81550 0.03517
v -0.30451 0.81550 0.03414
v -0.30469 0.81550 0.03300
v -0.30451 0.81550 0.03186
v -0.30398 0.81550 0.03083
v -0.30317 0.81550 0.03002
v -0.30214 0.81550 0.02949
v -0.30100 0.81550 0.02931
v -0.29986 0.81550 0.02949
v -0.29883 0.81550 0.03002
v -0.29802 0.81550 0.03083
v -0.29749 0.81550 0.03186
v -0.29731 0.81550 0.03300
v -0.29911 0.81487 0.03300
v -0.29920 0.81487 0.03358
v -0.29947 0.81487 0.03411
v -0.29989 0.81487 0.03453
v -0.30042 0.81487 0.03480
v -0.30100 0.81487 0.03489
v -0.30158 0.81487 0.03480
v -0.30211 0.81487 0.03453
v -0.30253 0.81487 0.03411
v -0.30280 0.81487 0.03358
v -0.30289 0.81487 0.03300
v -0.30280 0.81487 0.03242
v -0.30253 0.81487 0.03189
v -0.30211 0.81487 0.03147
v -0.30158 0.81487 0.03120
v -0.30100 0.81487 0.03111
v -0.30042 0.81487 0.03120
v -0.29989 0.81487 0.03147
v -0.29947 0.81487 0.03189
v -0.29920 0.81487 0.03242
v -0.29911 0.81487 0.03300
v -0.30100 0.81466 0.03300
v -0.30100 0.81466 0.03300
v -0.30100 0.81466 0.03300
v -0.30100 0.81466 0.03300
v -0.30100 0.81466 0.03300
v -0.30100 0.81466 0.03300
v -0.30100 0.81466 0.03300
v -0.30100 0.81466 0.03300
v -0.30100 0.81466 0.03300
v -0.30100 0.81466 0.03300
v -0.30100 0.81466 0.03300
v -0.30100 0.81466 0.03300
v -0.30100 0.81466 0.03300
v -0.30100 0.81466 0.03300
v -0.30100 0.81466 0.03300
v -0.30100 0.81466 0.03300
v -0.30100 0.81466 0.03300
v -0.30100 0.81466 0.03300
v -0.30100 0.81466 0.03300
v -0.30100 0.81466 0.03300
v -0.30100 0.81466 0.03300
v -0.29300 0.82316 0.03300
v -0.29400 0.80652 0.03500
v -0.29534 0.82248 0.02738
v -0.29605 0.80593 0.03009
v -0.30100 0.82221 0.02506
v -0.30100 0.80568 0.02805
v -0.30666 0.82248 0.02738
v -0.30595 0.80593 0.03009
v -0.30900 0.82316 0.03300
v -0.30800 0.80652 0.03500
v -0.30666 0.82384 0.03862
v -0.30595 0.80711 0.03991
v -0.30100 0.82411 0.04094
v -0.30100 0.80736 0.04195
v -0.29534 0.82384 0.03862
v -0.29605 0.80711 0.03991
v -0.29300 0.82316 0.03300
v -0.29400 0.80652 0.03500
v -0.30100 0.82316 0.03300
v -0.30100 0.80652 0.03500
v -0.30100 0.81352 0.03500
v -0.30100 0.81352 0.03500
v -0.30100 0.81352 0.03500
v -0.30100 0.81352 0.03500
v -0.30100 0.81352 0.03500
v -0.30100 0.81352 0.03500
v -0.30100 0.81352 0.03500
v -0.30100 0.81352 0.03500
v -0.30100 0.81352 0.03500
v -0.30100 0.81352 0.03500
v -0.30100 0.81352 0.03500
v -0.30100 0.81352 0.03500
v -0.30100 0.81352 0.03500
v -0.30100 0.81352 0.03500
v -0.30100 0.81352 0.03500
v -0.30100 0.81352 0.03500
v -0.30100 0.81352 0.03500
v -0.30100 0.81352 0.03500
v -0.30100 0.81352 0.03500
v -0.30100 0.81352 0.03500
v -0.30100 0.81352 0.03500
v -0.29944 0.81334 0.03500
v -0.29952 0.81334 0.03548
v -0.29974 0.81334 0.03592
v -0.30008 0.81334 0.03626
v -0.30052 0.81334 0.03648
v -0.30100 0.81334 0.03656
v -0.30148 0.81334 0.03648
v -0.30192 0.81334 0.03626
v -0.30226 0.81334 0.03592
v -0.30248 0.81334 0.03548
v -0.30256 0.81334 0.03500
v -0.30248 0.81334 0.03452
v -0.30226 0.81334 0.03408
v -0.30192 0.81334 0.03374
v -0.30148 0.81334 0.03352
v -0.30100 0.81334 0.03344
v -0.30052 0.81334 0.03352
v -0.30008 0.81334 0.03374
v -0.29974 0.81334 0.03408
v -0.29952 0.81334 0.03452
v -0.29944 0.81334 0.03500
v -0.29796 0.81283 0.03500
v -0.29811 0.81283 0.03594
v -0.29854 0.81283 0.03679
v -0.29921 0.81283 0.03746
v -0.30006 0.81283 0.03789
v -0.30100 0.81283 0.03804
v -0.30194 0.81283 0.03789
v -0.30279 0.81283 0.03746
v -0.30346 0.81283 0.03679
v -0.30389 0.81283 0.03594
v -0.30404 0.81283 0.03500
v -0.30389 0.81283 0.03406
v -0.30346 0.81283 0.03321
v -0.30279 0.81283 0.03254
v -0.30194 0.81283 0.03211
v -0.30100 0.81283 0.03196
v -0.30006 0.81283 0.03211
v -0.29921 0.81283 0.03254
v -0.29854 0.81283 0.03321
v -0.29811 0.81283 0.03406
v -0.29796 0.81283 0.03500
v -0.29664 0.81199 0.03500
v -0.29685 0.81199 0.03635
v -0.29747 0.81199 0.03757
v -0.29843 0.81199 0.03853
v -0.29965 0.81199 0.03915
v -0.30100 0.81199 0.03936
v -0.30235 0.81199 0.03915
v -0.30357 0.81199 0.03853
v -0.30453 0.81199 0.03757
v -0.30515 0.81199 0.03635
v -0.30536 0.81199 0.03500
v -0.30515 0.81199 0.03365
v -0.30453 0.81199 0.03243
v -0.30357 0.81199 0.03147
v -0.30235 0.81199 0.03085
v -0.30100 0.81199 0.03064
v -0.29965 0.81199 0.03085
v -0.29843 0.81199 0.03147
v -0.29747 0.81199 0.03243
v -0.29685 0.81199 0.03365
v -0.29664 0.81199 0.03500
v -0.29553 0.81088 0.03500
v -0.29580 0.81088 0.03669
v -0.29657 0.81088 0.03822
v -0.29778 0.81088 0.03943
v -0.29931 0.81088 0.04020
v -0.30100 0.81088 0.04047
v -0.30269 0.81088 0.04020
v -0.30422 0.81088 0.03943
v -0.30543 0.81088 0.03822
v -0.30620 0.81088 0.03669
v -0.30647 0.81088 0.03500
v -0.30620 0.81088 0.03331
v -0.30543 0.81088 0.03178
v -0.30422 0.81088 0.03057
v -0.30269 0.81088 0.02980
v -0.30100 0.81088 0.02953
v -0.29931 0.81088 0.02980
v -0.29778 0.81088 0.03057
v -0.29657 0.81088 0.03178
v -0.29580 0.81088 0.03331
v -0.29553 0.81088 0.03500
v -0.29469 0.80956 0.03500
v -0.29500 0.80956 0.03695
v -0.29590 0.80956 0.03871
v -0.29729 0.80956 0.04010
v -0.29905 0.80956 0.04100
v -0.30100 0.80956 0.04131
v -0.30295 0.80956 0.04100
v -0.30471 0.80956 0.04010
v -0.30610 0.80956 0.03871
v -0.30700 0.80956 0.03695
v -0.30731 0.80956 0.03500
v -0.30700 0.80956 0.03305
v -0.30610 0.80956 0.03129
v -0.30471 0.80956 0.02990
v -0.30295 0.80956 0.02900
v -0.30100 0.80956 0.02869
v -0.29905 0.80956 0.02900
v -0.29729 0.80956 0.02990
v -0.29590 0.80956 0.03129
v -0.29500 0.80956 0.03305
v -0.29469 0.80956 0.03500
v -0.29418 0.80808 0.03500
v -0.29451 0.80808 0.03711
v -0.29548 0.80808 0.03901
v -0.29699 0.80808 0.04052
v -0.29889 0.80808 0.04149
v -0.30100 0.80808 0.04182
v -0.30311 0.80808 0.04149
v -0.30501 0.80808 0.04052
v -0.30652 0.80808 0.03901
v -0.30749 0.80808 0.03711
v -0.30782 0.80808 0.03500
v -0.30749 0.80808 0.03289
v -0.30652 0.80808 0.03099
v -0.30501 0.80808 0.02948
v -0.30311 0.80808 0.02851
v -0.30100 0.80808 0.02818
v -0.29889 0.80808 0.02851
v -0.29699 0.80808 0.02948
v -0.29548 0.80808 0.03099
v -0.29451 0.80808 0.03289
v -0.29418 0.80808 0.03500
v -0.29400 0.80652 0.03500
v -0.29434 0.80652 0.03716
v -0.29534 0.80652 0.03911
v -0.29689 0.80652 0.04066
v -0.29884 0.80652 0.04166
v -0.30100 0.80652 0.04200
v -0.30316 0.80652 0.04166
v -0.30511 0.80652 0.04066
v -0.30666 0.80652 0.03911
v -0.30766 0.80652 0.03716
v -0.30800 0.80652 0.03500
v -0.30766 0.80652 0.03284
v -0.30666 0.80652 0.03089
v -0.30511 0.80652 0.02934
v -0.30316 0.80652 0.02834
v -0.30100 0.80652 0.02800
v -0.29884 0.80652 0.02834
v -0.29689 0.80652 0.02934
v -0.29534 0.80652 0.03089
v -0.29434 0.80652 0.03284
v -0.29400 0.80652 0.03500
v -0.29418 0.80496 0.03500
v -0.29451 0.80496 0.03711
v -0.29548 0.80496 0.03901
v -0.29699 0.80496 0.04052
v -0.29889 0.80496 0.04149
v -0.30100 0.80496 0.04182
v -0.30311 0.80496 0.04149
v -0.30501 0.80496 0.04052
v -0.30652 0.80496 0.03901
v -0.30749 0.80496 0.03711
v -0.30782 0.80496 0.03500
v -0.30749 0.80496 0.03289
v -0.30652 0.80496 0.03099
v -0.30501 0.80496 0.02948
v -0.30311 0.80496 0.02851
v -0.30100 0.80496 0.02818
v -0.29889 0.80496 0.02851
v -0.29699 0.80496 0.02948
v -0.29548 0.80496 0.03099
v -0.29451 0.80496 0.03289
v -0.29418 0.80496 0.03500
v -0.29469 0.80348 0.03500
v -0.29500 0.80348 0.03695
v -0.29590 0.80348 0.03871
v -0.29729 0.80348 0.04010
v -0.29905 0.80348 0.04100
v -0.30100 0.80348 0.04131
v -0.30295 0.80348 0.04100
v -0.30471 0.80348 0.04010
v -0.30610 0.80348 0.03871
v -0.30700 0.80348 0.03695
v -0.30731 0.80348 0.03500
v -0.30700 0.80348 0.03305
v -0.30610 0.80348 0.03129
v -0.30471 0.80348 0.02990
v -0.30295 0.80348 0.02900
v -0.30100 0.80348 0.02869
v -0.29905 0.80348 0.02900
v -0.29729 0.80348 0.02990
v -0.29590 0.80348 0.03129
v -0.29500 0.80348 0.03305
v -0.29469 0.80348 0.03500
v -0.29553 0.80216 0.03500
v -0.29580 0.80216 0.03669
v -0.29657 0.80216 0.03822
v -0.29778 0.80216 0.03943
v -0.29931 0.80216 0.04020
v -0.30100 0.80216 0.04047
v -0.30269 0.80216 0.04020
v -0.30422 0.80216 0.03943
v -0.30543 0.80216 0.03822
v -0.30620 0.80216 0.03669
v -0.30647 0.80216 0.03500
v -0.30620 0.80216 0.03331
v -0.30543 0.80216 0.03178
v -0.30422 0.80216 0.03057
v -0.30269 0.80216 0.02980
v -0.30100 0.80216 0.02953
v -0.29931 0.80216 0.02980
v -0.29778 0.80216 0.03057
v -0.29657 0.80216 0.03178
v -0.29580 0.80216 0.03331
v -0.29553 0.80216 0.03500
v -0.29664 0.80105 0.03500
v -0.29685 0.80105 0.03635
v -0.29747 0.80105 0.03757
v -0.29843 0.80105 0.03853
v -0.29965 0.80105 0.03915
v -0.30100 0.80105 0.03936
v -0.30235 0.80105 0.03915
v -0.30357 0.80105 0.03853
v -0.30453 0.80105 0.03757
v -0.30515 0.80105 0.03635
v -0.30536 0.80105 0.03500
v -0.30515 0.80105 0.03365
v -0.30453 0.80105 0.03243
v -0.30357 0.80105 0.03147
v -0.30235 0.80105 0.03085
v -0.30100 0.80105 0.03064
v -0.29965 0.80105 0.03085
v -0.29843 0.80105 0.03147
v -0.29747 0.80105 0.03243
v -0.29685 0.80105 0.03365
v -0.29664 0.80105 0.03500
v -0.29796 0.80021 0.03500
v -0.29811 0.80021 0.03594
v -0.29854 0.80021 0.03679
v -0.29921 0.80021 0.03746
v -0.30006 0.80021 0.03789
v -0.30100 0.80021 0.03804
v -0.30194 0.80021 0.03789
v -0.30279 0.80021 0.03746
v -0.30346 0.80021 0.03679
v -0.30389 0.80021 0.03594
v -0.30404 0.80021 0.03500
v -0.30389 0.80021 0.03406
v -0.30346 0.80021 0.03321
v -0.30279 0.80021 0.03254
v -0.30194 0.80021 0.03211
v -0.30100 0.80021 0.03196
v -0.30006 0.80021 0.03211
v -0.29921 0.80021 0.03254
v -0.29854 0.80021 0.03321
v -0.29811 0.80021 0.03406
v -0.29796 0.80021 0.03500
v -0.29944 0.79970 0.03500
v -0.29952 0.79970 0.03548
v -0.29974 0.79970 0.03592
v -0.30008 0.79970 0.03626
v -0.30052 0.79970 0.03648
v -0.30100 0.79970 0.03656
v -0.30148 0.79970 0.03648
v -0.30192 0.79970 0.03626
v -0.30226 0.79970 0.03592
v -0.30248 0.79970 0.03548
v -0.30256 0.79970 0.03500
v -0.30248 0.79970 0.03452
v -0.30226 0.79970 0.03408
v -0.30192 0.79970 0.03374
v -0.30148 0.79970 0.03352
v -0.30100 0.79970 0.03344
v -0.30052 0.79970 0.03352
v -0.30008 0.79970 0.03374
v -0.29974 0.79970 0.03408
v -0.29952 0.79970 0.03452
v -0.29944 0.79970 0.03500
v -0.30100 0.79952 0.03500
v -0.30100 0.79952 0.03500
v -0.30100 0.79952 0.03500
v -0.30100 0.79952 0.03500
v -0.30100 0.79952 0.03500
v -0.30100 0.79952 0.03500
v -0.30100 0.79952 0.03500
v -0.30100 0.79952 0.03500
v -0.30100 0.79952 0.03500
v -0.30100 0.79952 0.03500
v -0.30100 0.79952 0.03500
v -0.30100 0.79952 0.03500
v -0.30100 0.79952 0.03500
v -0.30100 0.79952 0.03500
v -0.30100 0.79952 0.03500
v -0.30100 0.79952 0.03500
v -0.30100 0.79952 0.03500
v -0.30100 0.79952 0.03500
v -0.30100 0.79952 0.03500
v -0.30100 0.79952 0.03500
v -0.30100 0.79952 0.03500
v -0.29450 0.80652 0.03500
v -0.29550 0.79300 0.03700
v -0.29640 0.80585 0.03045
v -0.29711 0.79243 0.03315
v -0.30100 0.80557 0.02857
v -0.30100 0.79220 0.03156
v -0.30560 0.80585 0.03045
v -0.30489 0.79243 0.03315
v -0.30750 0.80652 0.03500
v -0.30650 0.79300 0.03700
v -0.30560 0.80719 0.03955
v -0.30489 0.79357 0.04085
v -0.30100 0.80747 0.04143
v -0.30100 0.79380 0.04244
v -0.29640 0.80719 0.03955
v -0.29711 0.79357 0.04085
v -0.29450 0.80652 0.03500
v -0.29550 0.79300 0.03700
v -0.30100 0.80652 0.03500
v -0.30100 0.79300 0.03700
v -0.30100 0.79850 0.03700
v -0.30100 0.79850 0.03700
v -0.30100 0.79850 0.03700
v -0.30100 0.79850 0.03700
v -0.30100 0.79850 0.03700
v -0.30100 0.79850 0.03700
v -0.30100 0.79850 0.03700
v -0.30100 0.79850 0.03700
v -0.30100 0.79850 0.03700
v -0.30100 0.79850 0.03700
v -0.30100 0.79850 0.03700
v -0.30100 0.79850 0.03700
v -0.30100 0.79850 0.03700
v -0.30100 0.79850 0.03700
v -0.30100 0.79850 0.03700
v -0.30100 0.79850 0.03700
v -0.30100 0.79850 0.03700
v -0.30100 0.79850 0.03700
v -0.30100 0.79850 0.03700
v -0.30100 0.79850 0.03700
v -0.30100 0.79850 0.03700
v -0.29978 0.79836 0.03700
v -0.29984 0.79836 0.03738
v -0.30001 0.79836 0.03772
v -0.30028 0.79836 0.03799
v -0.30062 0.79836 0.03816
v -0.30100 0.79836 0.03822
v -0.30138 0.79836 0.03816
v -0.30172 0.79836 0.03799
v -0.30199 0.79836 0.03772
v -0.30216 0.79836 0.03738
v -0.30222 0.79836 0.03700
v -0.30216 0.79836 0.03662
v -0.30199 0.79836 0.03628
v -0.30172 0.79836 0.03601
v -0.30138 0.79836 0.03584
v -0.30100 0.79836 0.03578
v -0.30062 0.79836 0.03584
v -0.30028 0.79836 0.03601
v -0.30001 0.79836 0.03628
v -0.29984 0.79836 0.03662
v -0.29978 0.79836 0.03700
v -0.29861 0.79796 0.03700
v -0.29873 0.79796 0.03774
v -0.29907 0.79796 0.03840
v -0.29960 0.79796 0.03893
v -0.30026 0.79796 0.03927
v -0.30100 0.79796 0.03939
v -0.30174 0.79796 0.03927
v -0.30240 0.79796 0.03893
v -0.30293 0.79796 0.03840
v -0.30327 0.79796 0.03774
v -0.30339 0.79796 0.03700
v -0.30327 0.79796 0.03626
v -0.30293 0.79796 0.03560
v -0.30240 0.79796 0.03507
v -0.30174 0.79796 0.03473
v -0.30100 0.79796 0.03461
v -0.30026 0.79796 0.03473
v -0.29960 0.79796 0.03507
v -0.29907 0.79796 0.03560
v -0.29873 0.79796 0.03626
v -0.29861 0.79796 0.03700
v -0.29757 0.79730 0.03700
v -0.29774 0.79730 0.03806
v -0.29823 0.79730 0.03902
v -0.29898 0.79730 0.03977
v -0.29994 0.79730 0.04026
v -0.30100 0.79730 0.04043
v -0.30206 0.79730 0.04026
v -0.30302 0.79730 0.03977
v -0.30377 0.79730 0.03902
v -0.30426 0.79730 0.03806
v -0.30443 0.79730 0.03700
v -0.30426 0.79730 0.03594
v -0.30377 0.79730 0.03498
v -0.30302 0.79730 0.03423
v -0.30206 0.79730 0.03374
v -0.30100 0.79730 0.03357
v -0.29994 0.79730 0.03374
v -0.29898 0.79730 0.03423
v -0.29823 0.79730 0.03498
v -0.29774 0.79730 0.03594
v -0.29757 0.79730 0.03700
v -0.29670 0.79643 0.03700
v -0.29691 0.79643 0.03833
v -0.29752 0.79643 0.03953
v -0.29847 0.79643 0.04048
v -0.29967 0.79643 0.04109
v -0.30100 0.79643 0.04130
v -0.30233 0.79643 0.04109
v -0.30353 0.79643 0.04048
v -0.30448 0.79643 0.03953
v -0.30509 0.79643 0.03833
v -0.30530 0.79643 0.03700
v -0.30509 0.79643 0.03567
v -0.30448 0.79643 0.03447
v -0.30353 0.79643 0.03352
v -0.30233 0.79643 0.03291
v -0.30100 0.79643 0.03270
v -0.29967 0.79643 0.03291
v -0.29847 0.79643 0.03352
v -0.29752 0.79643 0.03447
v -0.29691 0.79643 0.03567
v -0.29670 0.79643 0.03700
v -0.29604 0.79539 0.03700
v -0.29629 0.79539 0.03853
v -0.29699 0.79539 0.03991
v -0.29809 0.79539 0.04101
v -0.29947 0.79539 0.04171
v -0.30100 0.79539 0.04196
v -0.30253 0.79539 0.04171
v -0.30391 0.79539 0.04101
v -0.30501 0.79539 0.03991
v -0.30571 0.79539 0.03853
v -0.30596 0.79539 0.03700
v -0.30571 0.79539 0.03547
v -0.30501 0.79539 0.03409
v -0.30391 0.79539 0.03299
v -0.30253 0.79539 0.03229
v -0.30100 0.79539 0.03204
v -0.29947 0.79539 0.03229
v -0.29809 0.79539 0.03299
v -0.29699 0.79539 0.03409
v -0.29629 0.79539 0.03547
v -0.29604 0.79539 0.03700
v -0.29564 0.79422 0.03700
v -0.29590 0.79422 0.03866
v -0.29666 0.79422 0.04015
v -0.29785 0.79422 0.04134
v -0.29934 0.79422 0.04210
v -0.30100 0.79422 0.04236
v -0.30266 0.79422 0.04210
v -0.30415 0.79422 0.04134
v -0.30534 0.79422 0.04015
v -0.30610 0.79422 0.03866
v -0.30636 0.79422 0.03700
v -0.30610 0.79422 0.03534
v -0.30534 0.79422 0.03385
v -0.30415 0.79422 0.03266
v -0.30266 0.79422 0.03190
v -0.30100 0.79422 0.03164
v -0.29934 0.79422 0.03190
v -0.29785 0.79422 0.03266
v -0.29666 0.79422 0.03385
v -0.29590 0.79422 0.03534
v -0.29564 0.79422 0.03700
v -0.29550 0.79300 0.03700
v -0.29577 0.79300 0.03870
v -0.29655 0.79300 0.04023
v -0.29777 0.79300 0.04145
v -0.29930 0.79300 0.04223
v -0.30100 0.79300 0.04250
v -0.30270 0.79300 0.04223
v -0.30423 0.79300 0.04145
v -0.30545 0.79300 0.04023
v -0.30623 0.79300 0.03870
v -0.30650 0.79300 0.03700
v -0.30623 0.79300 0.03530
v -0.30545 0.79300 0.03377
v -0.30423 0.79300 0.03255
v -0.30270 0.79300 0.03177
v -0.30100 0.79300 0.03150
v -0.29930 0.79300 0.03177
v -0.29777 0.79300 0.03255
v -0.29655 0.79300 0.03377
v -0.29577 0.79300 0.03530
v -0.29550 0.79300 0.03700
v -0.29564 0.79178 0.03700
v -0.29590 0.79178 0.03866
v -0.29666 0.79178 0.04015
v -0.29785 0.79178 0.04134
v -0.29934 0.79178 0.04210
v -0.30100 0.79178 0.04236
v -0.30266 0.79178 0.04210
v -0.30415 0.79178 0.04134
v -0.30534 0.79178 0.04015
v -0.30610 0.79178 0.03866
v -0.30636 0.79178 0.03700
v -0.30610 0.79178 0.03534
v -0.30534 0.79178 0.03385
v -0.30415 0.79178 0.03266
v -0.30266 0.79178 0.03190
v -0.30100 0.79178 0.03164
v -0.29934 0.79178 0.03190
v -0.29785 0.79178 0.03266
v -0.29666 0.79178 0.03385
v -0.29590 0.79178 0.03534
v -0.29564 0.79178 0.03700
v -0.29604 0.79061 0.03700
v -0.29629 0.79061 0.03853
v -0.29699 0.79061 0.03991
v -0.29809 0.79061 0.04101
v -0.29947 0.79061 0.04171
v -0.30100 0.79061 0.04196
v -0.30253 0.79061 0.04171
v -0.30391 0.79061 0.04101
v -0.30501 0.79061 0.03991
v -0.30571 0.79061 0.03853
v -0.30596 0.79061 0.03700
v -0.30571 0.79061 0.03547
v -0.30501 0.79061 0.03409
v -0.30391 0.79061 0.03299
v -0.30253 0.79061 0.03229
v -0.30100 0.79061 0.03204
v -0.29947 0.79061 0.03229
v -0.29809 0.79061 0.03299
v -0.29699 0.79061 0.03409
v -0.29629 0.79061 0.03547
v -0.29604 0.79061 0.03700
v -0.29670 0.78957 0.03700
v -0.29691 0.78957 0.03833
v -0.29752 0.78957 0.03953
v -0.29847 0.78957 0.04048
v -0.29967 0.78957 0.04109
v -0.30100 0.78957 0.04130
v -0.30233 0.78957 0.04109
v -0.30353 0.78957 0.04048
v -0.30448 0.78957 0.03953
v -0.30509 0.78957 0.03833
v -0.30530 0.78957 0.03700
v -0.30509 0.78957 0.03567
v -0.30448 0.78957 0.03447
v -0.30353 0.78957 0.03352
v -0.30233 0.78957 0.03291
v -0.30100 0.78957 0.03270
v -0.29967 0.78957 0.03291
v -0.29847 0.78957 0.03352
v -0.29752 0.78957 0.03447
v -0.29691 0.78957 0.03567
v -0.29670 0.78957 0.03700
v -0.29757 0.78870 0.03700
v -0.29774 0.78870 0.03806
v -0.29823 0.78870 0.03902
v -0.29898 0.78870 0.03977
v -0.29994 0.78870 0.04026
v -0.30100 0.78870 0.04043
v -0.30206 0.78870 0.04026
v -0.30302 0.78870 0.03977
v -0.30377 0.78870 0.03902
v -0.30426 0.78870 0.03806
v -0.30443 0.78870 0.03700
v -0.30426 0.78870 0.03594
v -0.30377 0.78870 0.03498
v -0.30302 0.78870 0.03423
v -0.30206 0.78870 0.03374
v -0.30100 0.78870 0.03357
v -0.29994 0.78870 0.03374
v -0.29898 0.78870 0.03423
v -0.29823 0.78870 0.03498
v -0.29774 0.78870 0.03594
v -0.29757 0.78870 0.03700
v -0.29861 0.78804 0.03700
v -0.29873 0.78804 0.03774
v -0.29907 0.78804 0.03840
v -0.29960 0.78804 0.03893
v -0.30026 0.78804 0.03927
v -0.30100 0.78804 0.03939
v -0.30174 0.78804 0.03927
v -0.30240 0.78804 0.03893
v -0.30293 0.78804 0.03840
v -0.30327 0.78804 0.03774
v -0.30339 0.78804 0.03700
v -0.30327 0.78804 0.03626
v -0.30293 0.78804 0.03560
v -0.30240 0.78804 0.03507
v -0.30174 0.78804 0.03473
v -0.30100 0.78804 0.03461
v -0.30026 0.78804 0.03473
v -0.29960 0.78804 0.03507
v -0.29907 0.78804 0.03560
v -0.29873 0.78804 0.03626
v -0.29861 0.78804 0.03700
v -0.29978 0.78764 0.03700
v -0.29984 0.78764 0.03738
v -0.30001 0.78764 0.03772
v -0.30028 0.78764 0.03799
v -0.30062 0.78764 0.03816
v -0.30100 0.78764 0.03822
v -0.30138 0.78764 0.03816
v -0.30172 0.78764 0.03799
v -0.30199 0.78764 0.03772
v -0.30216 0.78764 0.03738
v -0.30222 0.78764 0.03700
v -0.30216 0.78764 0.03662
v -0.30199 0.78764 0.03628
v -0.30172 0.78764 0.03601
v -0.30138 0.78764 0.03584
v -0.30100 0.78764 0.03578
v -0.30062 0.78764 0.03584
v -0.30028 0.78764 0.03601
v -0.30001 0.78764 0.03628
v -0.29984 0.78764 0.03662
v -0.29978 0.78764 0.03700
v -0.30100 0.78750 0.03700
v -0.30100 0.78750 0.03700
v -0.30100 0.78750 0.03700
v -0.30100 0.78750 0.03700
v -0.30100 0.78750 0.03700
v -0.30100 0.78750 0.03700
v -0.30100 0.78750 0.03700
v -0.30100 0.78750 0.03700
v -0.30100 0.78750 0.03700
v -0.30100 0.78750 0.03700
v -0.30100 0.78750 0.03700
v -0.30100 0.78750 0.03700
v -0.30100 0.78750 0.03700
v -0.30100 0.78750 0.03700
v -0.30100 0.78750 0.03700
v -0.30100 0.78750 0.03700
v -0.30100 0.78750 0.03700
v -0.30100 0.78750 0.03700
v -0.30100 0.78750 0.03700
v -0.30100 0.78750 0.03700
v -0.30100 0.78750 0.03700
v -0.27750 0.84500 0.03100
v -0.27850 0.82064 0.03300
v -0.28028 0.84445 0.02431
v -0.28099 0.82015 0.02701
v -0.28700 0.84422 0.02153
v -0.28700 0.81994 0.02453
v -0.29372 0.84445 0.02431
v -0.29301 0.82015 0.02701
v -0.29650 0.84500 0.03100
v -0.29550 0.82064 0.03300
v -0.29372 0.84555 0.03769
v -0.29301 0.82113 0.03899
v -0.28700 0.84578 0.04047
v -0.28700 0.82134 0.04147
v -0.28028 0.84555 0.03769
v -0.28099 0.82113 0.03899
v -0.27750 0.84500 0.03100
v -0.27850 0.82064 0.03300
v -0.28700 0.84500 0.03100
v -0.28700 0.82064 0.03300
v -0.28700 0.82914 0.03300
v -0.28700 0.82914 0.03300
v -0.28700 0.82914 0.03300
v -0.28700 0.82914 0.03300
v -0.28700 0.82914 0.03300
v -0.28700 0.82914 0.03300
v -0.28700 0.82914 0.03300
v -0.28700 0.82914 0.03300
v -0.28700 0.82914 0.03300
v -0.28700 0.82914 0.03300
v -0.28700 0.82914 0.03300
v -0.28700 0.82914 0.03300
v -0.28700 0.82914 0.03300
v -0.28700 0.82914 0.03300
v -0.28700 0.82914 0.03300
v -0.28700 0.82914 0.03300
v -0.28700 0.82914 0.03300
v -0.28700 0.82914 0.03300
v -0.28700 0.82914 0.03300
v -0.28700 0.82914 0.03300
v -0.28700 0.82914 0.03300
v -0.28511 0.82893 0.03300
v -0.28520 0.82893 0.03358
v -0.28547 0.82893 0.03411
v -0.28589 0.82893 0.03453
v -0.28642 0.82893 0.03480
v -0.28700 0.82893 0.03489
v -0.28758 0.82893 0.03480
v -0.28811 0.82893 0.03453
v -0.28853 0.82893 0.03411
v -0.28880 0.82893 0.03358
v -0.28889 0.82893 0.03300
v -0.28880 0.82893 0.03242
v -0.28853 0.82893 0.03189
v -0.28811 0.82893 0.03147
v -0.28758 0.82893 0.03120
v -0.28700 0.82893 0.03111
v -0.28642 0.82893 0.03120
v -0.28589 0.82893 0.03147
v -0.28547 0.82893 0.03189
v -0.28520 0.82893 0.03242
v -0.28511 0.82893 0.03300
v -0.28331 0.82830 0.03300
v -0.28349 0.82830 0.03414
v -0.28402 0.82830 0.03517
v -0.28483 0.82830 0.03598
v -0.28586 0.82830 0.03651
v -0.28700 0.82830 0.03669
v -0.28814 0.82830 0.03651
v -0.28917 0.82830 0.03598
v -0.28998 0.82830 0.03517
v -0.29051 0.82830 0.03414
v -0.29069 0.82830 0.03300
v -0.29051 0.82830 0.03186
v -0.28998 0.82830 0.03083
v -0.28917 0.82830 0.03002
v -0.28814 0.82830 0.02949
v -0.28700 0.82830 0.02931
v -0.28586 0.82830 0.02949
v -0.28483 0.82830 0.03002
v -0.28402 0.82830 0.03083
v -0.28349 0.82830 0.03186
v -0.28331 0.82830 0.03300
v -0.28170 0.82729 0.03300
v -0.28196 0.82729 0.03464
v -0.28271 0.82729 0.03612
v -0.28388 0.82729 0.03729
v -0.28536 0.82729 0.03804
v -0.28700 0.82729 0.03830
v -0.28864 0.82729 0.03804
v -0.29012 0.82729 0.03729
v -0.29129 0.82729 0.03612
v -0.29204 0.82729 0.03464
v -0.29230 0.82729 0.03300
v -0.29204 0.82729 0.03136
v -0.29129 0.82729 0.02988
v -0.29012 0.82729 0.02871
v -0.28864 0.82729 0.02796
v -0.28700 0.82729 0.02770
v -0.28536 0.82729 0.02796
v -0.28388 0.82729 0.02871
v -0.28271 0.82729 0.02988
v -0.28196 0.82729 0.03136
v -0.28170 0.82729 0.03300
v -0.28035 0.82594 0.03300
v -0.28068 0.82594 0.03505
v -0.28162 0.82594 0.03691
v -0.28309 0.82594 0.03838
v -0.28495 0.82594 0.03932
v -0.28700 0.82594 0.03965
v -0.28905 0.82594 0.03932
v -0.29091 0.82594 0.03838
v -0.29238 0.82594 0.03691
v -0.29332 0.82594 0.03505
v -0.29365 0.82594 0.03300
v -0.29332 0.82594 0.03095
v -0.29238 0.82594 0.02909
v -0.29091 0.82594 0.02762
v -0.28905 0.82594 0.02668
v -0.28700 0.82594 0.02635
v -0.28495 0.82594 0.02668
v -0.28309 0.82594 0.02762
v -0.28162 0.82594 0.02909
v -0.28068 0.82594 0.03095
v -0.28035 0.82594 0.03300
v -0.27934 0.82433 0.03300
v -0.27972 0.82433 0.03537
v -0.28080 0.82433 0.03750
v -0.28250 0.82433 0.03920
v -0.28463 0.82433 0.04028
v -0.28700 0.82433 0.04066
v -0.28937 0.82433 0.04028
v -0.29150 0.82433 0.03920
v -0.29320 0.82433 0.03750
v -0.29428 0.82433 0.03537
v -0.29466 0.82433 0.03300
v -0.29428 0.82433 0.03063
v -0.29320 0.82433 0.02850
v -0.29150 0.82433 0.02680
v -0.28937 0.82433 0.02572
v -0.28700 0.82433 0.02534
v -0.28463 0.82433 0.02572
v -0.28250 0.82433 0.02680
v -0.28080 0.82433 0.02850
v -0.27972 0.82433 0.03063
v -0.27934 0.82433 0.03300
v -0.27871 0.82253 0.03300
v -0.27912 0.82253 0.03556
v -0.28030 0.82253 0.03787
v -0.28213 0.82253 0.03970
v -0.28444 0.82253 0.04088
v -0.28700 0.82253 0.04129
v -0.28956 0.82253 0.04088
v -0.29187 0.82253 0.03970
v -0.29370 0.82253 0.03787
v -0.29488 0.82253 0.03556
v -0.29529 0.82253 0.03300
v -0.29488 0.82253 0.03044
v -0.29370 0.82253 0.02813
v -0.29187 0.82253 0.02630
v -0.28956 0.82253 0.02512
v -0.28700 0.82253 0.02471
v -0.28444 0.82253 0.02512
v -0.28213 0.82253 0.02630
v -0.28030 0.82253 0.02813
v -0.27912 0.82253 0.03044
v -0.27871 0.82253 0.03300
v -0.27850 0.82064 0.03300
v -0.27892 0.82064 0.03563
v -0.28012 0.82064 0.03800
v -0.28200 0.82064 0.03988
v -0.28437 0.82064 0.04108
v -0.28700 0.82064 0.04150
v -0.28963 0.82064 0.04108
v -0.29200 0.82064 0.03988
v -0.29388 0.82064 0.03800
v -0.29508 0.82064 0.03563
v -0.29550 0.82064 0.03300
v -0.29508 0.82064 0.03037
v -0.29388 0.82064 0.02800
v -0.29200 0.82064 0.02612
v -0.28963 0.82064 0.02492
v -0.28700 0.82064 0.02450
v -0.28437 0.82064 0.02492
v -0.28200 0.82064 0.02612
v -0.28012 0.82064 0.02800
v -0.27892 0.82064 0.03037
v -0.27850 0.82064 0.03300
v -0.27871 0.81875 0.03300
v -0.27912 0.81875 0.03556
v -0.28030 0.81875 0.03787
v -0.28213 0.81875 0.03970
v -0.28444 0.81875 0.04088
v -0.28700 0.81875 0.04129
v -0.28956 0.81875 0.04088
v -0.29187 0.81875 0.03970
v -0.29370 0.81875 0.03787
v -0.29488 0.81875 0.03556
v -0.29529 0.81875 0.03300
v -0.29488 0.81875 0.03044
v -0.29370 0.81875 0.02813
v -0.29187 0.81875 0.02630
v -0.28956 0.81875 0.02512
v -0.28700 0.81875 0.02471
v -0.28444 0.81875 0.02512
v -0.28213 0.81875 0.02630
v -0.28030 0.81875 0.02813
v -0.27912 0.81875 0.03044
v -0.27871 0.81875 0.03300
v -0.27934 0.81695 0.03300
v -0.27972 0.81695 0.03537
v -0.28080 0.81695 0.03750
v -0.28250 0.81695 0.03920
v -0.28463 0.81695 0.04028
v -0.28700 0.81695 0.04066
v -0.28937 0.81695 0.04028
v -0.29150 0.81695 0.03920
v -0.29320 0.81695 0.03750
v -0.29428 0.81695 0.03537
v -0.29466 0.81695 0.03300
v -0.29428 0.81695 0.03063
v -0.29320 0.81695 0.02850
v -0.29150 0.81695 0.02680
v -0.28937 0.81695 0.02572
v -0.28700 0.81695 0.02534
v -0.28463 0.81695 0.02572
v -0.28250 0.81695 0.02680
v -0.28080 0.81695 0.02850
v -0.27972 0.81695 0.03063
v -0.27934 0.81695 0.03300
v -0.28035 0.81534 0.03300
v -0.28068 0.81534 0.03505
v -0.28162 0.81534 0.03691
v -0.28309 0.81534 0.03838
v -0.28495 0.81534 0.03932
v -0.28700 0.81534 0.03965
v -0.28905 0.81534 0.03932
v -0.29091 0.81534 0.03838
v -0.29238 0.81534 0.03691
v -0.29332 0.81534 0.03505
v -0.29365 0.81534 0.03300
v -0.29332 0.81534 0.03095
v -0.29238 0.81534 0.02909
v -0.29091 0.81534 0.02762
v -0.28905 0.81534 0.02668
v -0.28700 0.81534 0.02635
v -0.28495 0.81534 0.02668
v -0.28309 0.81534 0.02762
v -0.28162 0.81534 0.02909
v -0.28068 0.81534 0.03095
v -0.28035 0.81534 0.03300
v -0.28170 0.81399 0.03300
v -0.28196 0.81399 0.03464
v -0.28271 0.81399 0.03612
v -0.28388 0.81399 0.03729
v -0.28536 0.81399 0.03804
v -0.28700 0.81399 0.03830
v -0.28864 0.81399 0.03804
v -0.29012 0.81399 0.03729
v -0.29129 0.81399 0.03612
v -0.29204 0.81399 0.03464
v -0.29230 0.81399 0.03300
v -0.29204 0.81399 0.03136
v -0.29129 0.81399 0.02988
v -0.29012 0.81399 0.02871
v -0.28864 0.81399 0.02796
v -0.28700 0.81399 0.02770
v -0.28536 0.81399 0.02796
v -0.28388 0.81399 0.02871
v -0.28271 0.81399 0.02988
v -0.28196 0.81399 0.03136
v -0.28170 0.81399 0.03300
v -0.28331 0.81298 0.03300
v -0.28349 0.81298 0.03414
v -0.28402 0.81298 0.03517
v -0.28483 0.81298 0.03598
v -0.28586 0.81298 0.03651
v -0.28700 0.81298 0.03669
v -0.28814 0.81298 0.03651
v -0.28917 0.81298 0.03598
v -0.28998 0.81298 0.03517
v -0.29051 0.81298 0.03414
v -0.29069 0.81298 0.03300
v -0.29051 0.81298 0.03186
v -0.28998 0.81298 0.03083
v -0.28917 0.81298 0.03002
v -0.28814 0.81298 0.02949
v -0.28700 0.81298 0.02931
v -0.28586 0.81298 0.02949
v -0.28483 0.81298 0.03002
v -0.28402 0.81298 0.03083
v -0.28349 0.81298 0.03186
v -0.28331 0.81298 0.03300
v -0.28511 0.81235 0.03300
v -0.28520 0.81235 0.03358
v -0.28547 0.81235 0.03411
v -0.28589 0.81235 0.03453
v -0.28642 0.81235 0.03480
v -0.28700 0.81235 0.03489
v -0.28758 0.81235 0.03480
v -0.28811 0.81235 0.03453
v -0.28853 0.81235 0.03411
v -0.28880 0.81235 0.03358
v -0.28889 0.81235 0.03300
v -0.28880 0.81235 0.03242
v -0.28853 0.81235 0.03189
v -0.28811 0.81235 0.03147
v -0.28758 0.81235 0.03120
v -0.28700 0.81235 0.03111
v -0.28642 0.81235 0.03120
v -0.28589 0.81235 0.03147
v -0.28547 0.81235 0.03189
v -0.28520 0.81235 0.03242
v -0.28511 0.81235 0.03300
v -0.28700 0.81214 0.03300
v -0.28700 0.81214 0.03300
v -0.28700 0.81214 0.03300
v -0.28700 0.81214 0.03300
v -0.28700 0.81214 0.03300
v -0.28700 0.81214 0.03300
v -0.28700 0.81214 0.03300
v -0.28700 0.81214 0.03300
v -0.28700 0.81214 0.03300
v -0.28700 0.81214 0.03300
v -0.28700 0.81214 0.03300
v -0.28700 0.81214 0.03300
v -0.28700 0.81214 0.03300
v -0.28700 0.81214 0.03300
v -0.28700 0.81214 0.03300
v -0.28700 0.81214 0.03300
v -0.28700 0.81214 0.03300
v -0.28700 0.81214 0.03300
v -0.28700 0.81214 0.03300
v -0.28700 0.81214 0.03300
v -0.28700 0.81214 0.03300
v -0.27900 0.82064 0.03300
v -0.28000 0.80208 0.03500
v -0.28134 0.82003 0.02738
v -0.28205 0.80155 0.03008
v -0.28700 0.81978 0.02505
v -0.28700 0.80133 0.02804
v -0.29266 0.82003 0.02738
v -0.29195 0.80155 0.03008
v -0.29500 0.82064 0.03300
v -0.29400 0.80208 0.03500
v -0.29266 0.82125 0.03862
v -0.29195 0.80261 0.03992
v -0.28700 0.82150 0.04095
v -0.28700 0.80283 0.04196
v -0.28134 0.82125 0.03862
v -0.28205 0.80261 0.03992
v -0.27900 0.82064 0.03300
v -0.28000 0.80208 0.03500
v -0.28700 0.82064 0.03300
v -0.28700 0.80208 0.03500
v -0.28700 0.80908 0.03500
v -0.28700 0.80908 0.03500
v -0.28700 0.80908 0.03500
v -0.28700 0.80908 0.03500
v -0.28700 0.80908 0.03500
v -0.28700 0.80908 0.03500
v -0.28700 0.80908 0.03500
v -0.28700 0.80908 0.03500
v -0.28700 0.80908 0.03500
v -0.28700 0.80908 0.03500
v -0.28700 0.80908 0.03500
v -0.28700 0.80908 0.03500
v -0.28700 0.80908 0.03500
v -0.28700 0.80908 0.03500
v -0.28700 0.80908 0.03500
v -0.28700 0.80908 0.03500
v -0.28700 0.80908 0.03500
v -0.28700 0.80908 0.03500
v -0.28700 0.80908 0.03500
v -0.28700 0.80908 0.03500
v -0.28700 0.80908 0.03500
v -0.28544 0.80890 0.03500
v -0.28552 0.80890 0.03548
v -0.28574 0.80890 0.03592
v -0.28608 0.80890 0.03626
v -0.28652 0.80890 0.03648
v -0.28700 0.80890 0.03656
v -0.28748 0.80890 0.03648
v -0.28792 0.80890 0.03626
v -0.28826 0.80890 0.03592
v -0.28848 0.80890 0.03548
v -0.28856 0.80890 0.03500
v -0.28848 0.80890 0.03452
v -0.28826 0.80890 0.03408
v -0.28792 0.80890 0.03374
v -0.28748 0.80890 0.03352
v -0.28700 0.80890 0.03344
v -0.28652 0.80890 0.03352
v -0.28608 0.80890 0.03374
v -0.28574 0.80890 0.03408
v -0.28552 0.80890 0.03452
v -0.28544 0.80890 0.03500
v -0.28396 0.80839 0.03500
v -0.28411 0.80839 0.03594
v -0.28454 0.80839 0.03679
v -0.28521 0.80839 0.03746
v -0.28606 0.80839 0.03789
v -0.28700 0.80839 0.03804
v -0.28794 0.80839 0.03789
v -0.28879 0.80839 0.03746
v -0.28946 0.80839 0.03679
v -0.28989 0.80839 0.03594
v -0.29004 0.80839 0.03500
v -0.28989 0.80839 0.03406
v -0.28946 0.80839 0.03321
v -0.28879 0.80839 0.03254
v -0.28794 0.80839 0.03211
v -0.28700 0.80839 0.03196
v -0.28606 0.80839 0.03211
v -0.28521 0.80839 0.03254
v -0.28454 0.80839 0.03321
v -0.28411 0.80839 0.03406
v -0.28396 0.80839 0.03500
v -0.28264 0.80755 0.03500
v -0.28285 0.80755 0.03635
v -0.28347 0.80755 0.03757
v -0.28443 0.80755 0.03853
v -0.28565 0.80755 0.03915
v -0.28700 0.80755 0.03936
v -0.28835 0.80755 0.03915
v -0.28957 0.80755 0.03853
v -0.29053 0.80755 0.03757
v -0.29115 0.80755 0.03635
v -0.29136 0.80755 0.03500
v -0.29115 0.80755 0.03365
v -0.29053 0.80755 0.03243
v -0.28957 0.80755 0.03147
v -0.28835 0.80755 0.03085
v -0.28700 0.80755 0.03064
v -0.28565 0.80755 0.03085
v -0.28443 0.80755 0.03147
v -0.28347 0.80755 0.03243
v -0.28285 0.80755 0.03365
v -0.28264 0.80755 0.03500
v -0.28153 0.80644 0.03500
v -0.28180 0.80644 0.03669
v -0.28257 0.80644 0.03822
v -0.28378 0.80644 0.03943
v -0.28531 0.80644 0.04020
v -0.28700 0.80644 0.04047
v -0.28869 0.80644 0.04020
v -0.29022 0.80644 0.03943
v -0.29143 0.80644 0.03822
v -0.29220 0.80644 0.03669
v -0.29247 0.80644 0.03500
v -0.29220 0.80644 0.03331
v -0.29143 0.80644 0.03178
v -0.29022 0.80644 0.03057
v -0.28869 0.80644 0.02980
v -0.28700 0.80644 0.02953
v -0.28531 0.80644 0.02980
v -0.28378 0.80644 0.03057
v -0.28257 0.80644 0.03178
v -0.28180 0.80644 0.03331
v -0.28153 0.80644 0.03500
v -0.28069 0.80512 0.03500
v -0.28100 0.80512 0.03695
v -0.28190 0.80512 0.03871
v -0.28329 0.80512 0.04010
v -0.28505 0.80512 0.04100
v -0.28700 0.80512 0.04131
v -0.28895 0.80512 0.04100
v -0.29071 0.80512 0.04010
v -0.29210 0.80512 0.03871
v -0.29300 0.80512 0.03695
v -0.29331 0.80512 0.03500
v -0.29300 0.80512 0.03305
v -0.29210 0.80512 0.03129
v -0.29071 0.80512 0.02990
v -0.28895 0.80512 0.02900
v -0.28700 0.80512 0.02869
v -0.28505 0.80512 0.02900
v -0.28329 0.80512 0.02990
v -0.28190 0.80512 0.03129
v -0.28100 0.80512 0.03305
v -0.28069 0.80512 0.03500
v -0.28018 0.80364 0.03500
v -0.28051 0.80364 0.03711
v -0.28148 0.80364 0.03901
v -0.28299 0.80364 0.04052
v -0.28489 0.80364 0.04149
v -0.28700 0.80364 0.04182
v -0.28911 0.80364 0.04149
v -0.29101 0.80364 0.04052
v -0.29252 0.80364 0.03901
v -0.29349 0.80364 0.03711
v -0.29382 0.80364 0.03500
v -0.29349 0.80364 0.03289
v -0.29252 0.80364 0.03099
v -0.29101 0.80364 0.02948
v -0.28911 0.80364 0.02851
v -0.28700 0.80364 0.02818
v -0.28489 0.80364 0.02851
v -0.28299 0.80364 0.02948
v -0.28148 0.80364 0.03099
v -0.28051 0.80364 0.03289
v -0.28018 0.80364 0.03500
v -0.28000 0.80208 0.03500
v -0.28034 0.80208 0.03716
v -0.28134 0.80208 0.03911
v -0.28289 0.80208 0.04066
v -0.28484 0.80208 0.04166
v -0.28700 0.80208 0.04200
v -0.28916 0.80208 0.04166
v -0.29111 0.80208 0.04066
v -0.29266 0.80208 0.03911
v -0.29366 0.80208 0.03716
v -0.29400 0.80208 0.03500
v -0.29366 0.80208 0.03284
v -0.29266 0.80208 0.03089
v -0.29111 0.80208 0.02934
v -0.28916 0.80208 0.02834
v -0.28700 0.80208 0.02800
v -0.28484 0.80208 0.02834
v -0.28289 0.80208 0.02934
v -0.28134 0.80208 0.03089
v -0.28034 0.80208 0.03284
v -0.28000 0.80208 0.03500
v -0.28018 0.80052 0.03500
v -0.28051 0.80052 0.03711
v -0.28148 0.80052 0.03901
v -0.28299 0.80052 0.04052
v -0.28489 0.80052 0.04149
v -0.28700 0.80052 0.04182
v -0.28911 0.80052 0.04149
v -0.29101 0.80052 0.04052
v -0.29252 0.80052 0.03901
v -0.29349 0.80052 0.03711
v -0.29382 0.80052 0.03500
v -0.29349 0.80052 0.03289
v -0.29252 0.80052 0.03099
v -0.29101 0.80052 0.02948
v -0.28911 0.80052 0.02851
v -0.28700 0.80052 0.02818
v -0.28489 0.80052 0.02851
v -0.28299 0.80052 0.02948
v -0.28148 0.80052 0.03099
v -0.28051 0.80052 0.03289
v -0.28018 0.80052 0.03500
v -0.28069 0.79904 0.03500
v -0.28100 0.79904 0.03695
v -0.28190 0.79904 0.03871
v -0.28329 0.79904 0.04010
v -0.28505 0.79904 0.04100
v -0.28700 0.79904 0.04131
v -0.28895 0.79904 0.04100
v -0.29071 0.79904 0.04010
v -0.29210 0.79904 0.03871
v -0.29300 0.79904 0.03695
v -0.29331 0.79904 0.03500
v -0.29300 0.79904 0.03305
v -0.29210 0.79904 0.03129
v -0.29071 0.79904 0.02990
v -0.28895 0.79904 0.02900
v -0.28700 0.79904 0.02869
v -0.28505 0.79904 0.02900
v -0.28329 0.79904 0.02990
v -0.28190 0.79904 0.03129
v -0.28100 0.79904 0.03305
v -0.28069 0.79904 0.03500
v -0.28153 0.79772 0.03500
v -0.28180 0.79772 0.03669
v -0.28257 0.79772 0.03822
v -0.28378 0.79772 0.03943
v -0.28531 0.79772 0.04020
v -0.28700 0.79772 0.04047
v -0.28869 0.79772 0.04020
v -0.29022 0.79772 0.03943
v -0.29143 0.79772 0.03822
v -0.29220 0.79772 0.03669
v -0.29247 0.79772 0.03500
v -0.29220 0.79772 0.03331
v -0.29143 0.79772 0.03178
v -0.29022 0.79772 0.03057
v -0.28869 0.79772 0.02980
v -0.28700 0.79772 0.02953
v -0.28531 0.79772 0.02980
v -0.28378 0.79772 0.03057
v -0.28257 0.79772 0.03178
v -0.28180 0.79772 0.03331
v -0.28153 0.79772 0.03500
v -0.28264 0.79661 0.03500
v -0.28285 0.79661 0.03635
v -0.28347 0.79661 0.03757
v -0.28443 0.79661 0.03853
v -0.28565 0.79661 0.03915
v -0.28700 0.79661 0.03936
v -0.28835 0.79661 0.03915
v -0.28957 0.79661 0.03853
v -0.29053 0.79661 0.03757
v -0.29115 0.79661 0.03635
v -0.29136 0.79661 0.03500
v -0.29115 0.79661 0.03365
v -0.29053 0.79661 0.03243
v -0.28957 0.79661 0.03147
v -0.28835 0.79661 0.03085
v -0.28700 0.79661 0.03064
v -0.28565 0.79661 0.03085
v -0.28443 0.79661 0.03147
v -0.28347 0.79661 0.03243
v -0.28285 0.79661 0.03365
v -0.28264 0.79661 0.03500
v -0.28396 0.79577 0.03500
v -0.28411 0.79577 0.03594
v -0.28454 0.79577 0.03679
v -0.28521 0.79577 0.03746
v -0.28606 0.79577 0.03789
v -0.28700 0.79577 0.03804
v -0.28794 0.79577 0.03789
v -0.28879 0.79577 0.03746
v -0.28946 0.79577 0.03679
v -0.28989 0.79577 0.03594
v -0.29004 0.79577 0.03500
v -0.28989 0.79577 0.03406
v -0.28946 0.79577 0.03321
v -0.28879 0.79577 0.03254
v -0.28794 0.79577 0.03211
v -0.28700 0.79577 0.03196
v -0.28606 0.79577 0.03211
v -0.28521 0.79577 0.03254
v -0.28454 0.79577 0.03321
v -0.28411 0.79577 0.03406
v -0.28396 0.79577 0.03500
v -0.28544 0.79526 0.03500
v -0.28552 0.79526 0.03548
v -0.28574 0.79526 0.03592
v -0.28608 0.79526 0.03626
v -0.28652 0.79526 0.03648
v -0.28700 0.79526 0.03656
v -0.28748 0.79526 0.03648
v -0.28792 0.79526 0.03626
v -0.28826 0.79526 0.03592
v -0.28848 0.79526 0.03548
v -0.28856 0.79526 0.03500
v -0.28848 0.79526 0.03452
v -0.28826 0.79526 0.03408
v -0.28792 0.79526 0.03374
v -0.28748 0.79526 0.03352
v -0.28700 0.79526 0.03344
v -0.28652 0.79526 0.03352
v -0.28608 0.79526 0.03374
v -0.28574 0.79526 0.03408
v -0.28552 0.79526 0.03452
v -0.28544 0.79526 0.03500
v -0.28700 0.79508 0.03500
v -0.28700 0.79508 0.03500
v -0.28700 0.79508 0.03500
v -0.28700 0.79508 0.03500
v -0.28700 0.79508 0.03500
v -0.28700 0.79508 0.03500
v -0.28700 0.79508 0.03500
v -0.28700 0.79508 0.03500
v -0.28700 0.79508 0.03500
v -0.28700 0.79508 0.03500
v -0.28700 0.79508 0.03500
v -0.28700 0.79508 0.03500
v -0.28700 0.79508 0.03500
v -0.28700 0.79508 0.03500
v -0.28700 0.79508 0.03500
v -0.28700 0.79508 0.03500
v -0.28700 0.79508 0.03500
v -0.28700 0.79508 0.03500
v -0.28700 0.79508 0.03500
v -0.28700 0.79508 0.03500
v -0.28700 0.79508 0.03500
v -0.28050 0.80208 0.03500
v -0.28150 0.78700 0.03700
v -0.28240 0.80148 0.03044
v -0.28311 0.78649 0.03314
v -0.28700 0.80123 0.02856
v -0.28700 0.78628 0.03155
v -0.29160 0.80148 0.03044
v -0.29089 0.78649 0.03314
v -0.29350 0.80208 0.03500
v -0.29250 0.78700 0.03700
v -0.29160 0.80268 0.03956
v -0.29089 0.78751 0.04086
v -0.28700 0.80293 0.04144
v -0.28700 0.78772 0.04245
v -0.28240 0.80268 0.03956
v -0.28311 0.78751 0.04086
v -0.28050 0.80208 0.03500
v -0.28150 0.78700 0.03700
v -0.28700 0.80208 0.03500
v -0.28700 0.78700 0.03700
v -0.28700 0.79250 0.03700
v -0.28700 0.79250 0.03700
v -0.28700 0.79250 0.03700
v -0.28700 0.79250 0.03700
v -0.28700 0.79250 0.03700
v -0.28700 0.79250 0.03700
v -0.28700 0.79250 0.03700
v -0.28700 0.79250 0.03700
v -0.28700 0.79250 0.03700
v -0.28700 0.79250 0.03700
v -0.28700 0.79250 0.03700
v -0.28700 0.79250 0.03700
v -0.28700 0.79250 0.03700
v -0.28700 0.79250 0.03700
v -0.28700 0.79250 0.03700
v -0.28700 0.79250 0.03700
v -0.28700 0.79250 0.03700
v -0.28700 0.79250 0.03700
v -0.28700 0.79250 0.03700
v -0.28700 0.79250 0.03700
v -0.28700 0.79250 0.03700
v -0.28578 0.79236 0.03700
v -0.28584 0.79236 0.03738
v -0.28601 0.79236 0.03772
v -0.28628 0.79236 0.03799
v -0.28662 0.79236 0.03816
v -0.28700 0.79236 0.03822
v -0.28738 0.79236 0.03816
v -0.28772 0.79236 0.03799
v -0.28799 0.79236 0.03772
v -0.28816 0.79236 0.03738
v -0.28822 0.79236 0.03700
v -0.28816 0.79236 0.03662
v -0.28799 0.79236 0.03628
v -0.28772 0.79236 0.03601
v -0.28738 0.79236 0.03584
v -0.28700 0.79236 0.03578
v -0.28662 0.79236 0.03584
v -0.28628 0.79236 0.03601
v -0.28601 0.79236 0.03628
v -0.28584 0.79236 0.03662
v -0.28578 0.79236 0.03700
v -0.28461 0.79196 0.03700
v -0.28473 0.79196 0.03774
v -0.28507 0.79196 0.03840
v -0.28560 0.79196 0.03893
v -0.28626 0.79196 0.03927
v -0.28700 0.79196 0.03939
v -0.28774 0.79196 0.03927
v -0.28840 0.79196 0.03893
v -0.28893 0.79196 0.03840
v -0.28927 0.79196 0.03774
v -0.28939 0.79196 0.03700
v -0.28927 0.79196 0.03626
v -0.28893 0.79196 0.03560
v -0.28840 0.79196 0.03507
v -0.28774 0.79196 0.03473
v -0.28700 0.79196 0.03461
v -0.28626 0.79196 0.03473
v -0.28560 0.79196 0.03507
v -0.28507 0.79196 0.03560
v -0.28473 0.79196 0.03626
v -0.28461 0.79196 0.03700
v -0.28357 0.79130 0.03700
v -0.28374 0.79130 0.03806
v -0.28423 0.79130 0.03902
v -0.28498 0.79130 0.03977
v -0.28594 0.79130 0.04026
v -0.28700 0.79130 0.04043
v -0.28806 0.79130 0.04026
v -0.28902 0.79130 0.03977
v -0.28977 0.79130 0.03902
v -0.29026 0.79130 0.03806
v -0.29043 0.79130 0.03700
v -0.29026 0.79130 0.03594
v -0.28977 0.79130 0.03498
v -0.28902 0.79130 0.03423
v -0.28806 0.79130 0.03374
v -0.28700 0.79130 0.03357
v -0.28594 0.79130 0.03374
v -0.28498 0.79130 0.03423
v -0.28423 0.79130 0.03498
v -0.28374 0.79130 0.03594
v -0.28357 0.79130 0.03700
v -0.28270 0.79043 0.03700
v -0.28291 0.79043 0.03833
v -0.28352 0.79043 0.03953
v -0.28447 0.79043 0.04048
v -0.28567 0.79043 0.04109
v -0.28700 0.79043 0.04130
v -0.28833 0.79043 0.04109
v -0.28953 0.79043 0.04048
v -0.29048 0.79043 0.03953
v -0.29109 0.79043 0.03833
v -0.29130 0.79043 0.03700
v -0.29109 0.79043 0.03567
v -0.29048 0.79043 0.03447
v -0.28953 0.79043 0.03352
v -0.28833 0.79043 0.03291
v -0.28700 0.79043 0.03270
v -0.28567 0.79043 0.03291
v -0.28447 0.79043 0.03352
v -0.28352 0.79043 0.03447
v -0.28291 0.79043 0.03567
v -0.28270 0.79043 0.03700
v -0.28204 0.78939 0.03700
v -0.28229 0.78939 0.03853
v -0.28299 0.78939 0.03991
v -0.28409 0.78939 0.04101
v -0.28547 0.78939 0.04171
v -0.28700 0.78939 0.04196
v -0.28853 0.78939 0.04171
v -0.28991 0.78939 0.04101
v -0.29101 0.78939 0.03991
v -0.29171 0.78939 0.03853
v -0.29196 0.78939 0.03700
v -0.29171 0.78939 0.03547
v -0.29101 0.78939 0.03409
v -0.28991 0.78939 0.03299
v -0.28853 0.78939 0.03229
v -0.28700 0.78939 0.03204
v -0.28547 0.78939 0.03229
v -0.28409 0.78939 0.03299
v -0.28299 0.78939 0.03409
v -0.28229 0.78939 0.03547
v -0.28204 0.78939 0.03700
v -0.28164 0.78822 0.03700
v -0.28190 0.78822 0.03866
v -0.28266 0.78822 0.04015
v -0.28385 0.78822 0.04134
v -0.28534 0.78822 0.04210
v -0.28700 0.78822 0.04236
v -0.28866 0.78822 0.04210
v -0.29015 0.78822 0.04134
v -0.29134 0.78822 0.04015
v -0.29210 0.78822 0.03866
v -0.29236 0.78822 0.03700
v -0.29210 0.78822 0.03534
v -0.29134 0.78822 0.03385
v -0.29015 0.78822 0.03266
v -0.28866 0.78822 0.03190
v -0.28700 0.78822 0.03164
v -0.28534 0.78822 0.03190
v -0.28385 0.78822 0.03266
v -0.28266 0.78822 0.03385
v -0.28190 0.78822 0.03534
v -0.28164 0.78822 0.03700
v -0.28150 0.78700 0.03700
v -0.28177 0.78700 0.03870
v -0.28255 0.78700 0.04023
v -0.28377 0.78700 0.04145
v -0.28530 0.78700 0.04223
v -0.28700 0.78700 0.04250
v -0.28870 0.78700 0.04223
v -0.29023 0.78700 0.04145
v -0.29145 0.78700 0.04023
v -0.29223 0.78700 0.03870
v -0.29250 0.78700 0.03700
v -0.29223 0.78700 0.03530
v -0.29145 0.78700 0.03377
v -0.29023 0.78700 0.03255
v -0.28870 0.78700 0.03177
v -0.28700 0.78700 0.03150
v -0.28530 0.78700 0.03177
v -0.28377 0.78700 0.03255
v -0.28255 0.78700 0.03377
v -0.28177 0.78700 0.03530
v -0.28150 0.78700 0.03700
v -0.28164 0.78578 0.03700
v -0.28190 0.78578 0.03866
v -0.28266 0.78578 0.04015
v -0.28385 0.78578 0.04134
v -0.28534 0.78578 0.04210
v -0.28700 0.78578 0.04236
v -0.28866 0.78578 0.04210
v -0.29015 0.78578 0.04134
v -0.29134 0.78578 0.04015
v -0.29210 0.78578 0.03866
v -0.29236 0.78578 0.03700
v -0.29210 0.78578 0.03534
v -0.29134 0.78578 0.03385
v -0.29015 0.78578 0.03266
v -0.28866 0.78578 0.03190
v -0.28700 0.78578 0.03164
v -0.28534 0.78578 0.03190
v -0.28385 0.78578 0.03266
v -0.28266 0.78578 0.03385
v -0.28190 0.78578 0.03534
v -0.28164 0.78578 0.03700
v -0.28204 0.78461 0.03700
v -0.28229 0.78461 0.03853
v -0.28299 0.78461 0.03991
v -0.28409 0.78461 0.04101
v -0.28547 0.78461 0.04171
v -0.28700 0.78461 0.04196
v -0.28853 0.78461 0.04171
v -0.28991 0.78461 0.04101
v -0.29101 0.78461 0.03991
v -0.29171 0.78461 0.03853
v -0.29196 0.78461 0.03700
v -0.29171 0.78461 0.03547
v -0.29101 0.78461 0.03409
v -0.28991 0.78461 0.03299
v -0.28853 0.78461 0.03229
v -0.28700 0.78461 0.03204
v -0.28547 0.78461 0.03229
v -0.28409 0.78461 0.03299
v -0.28299 0.78461 0.03409
v -0.28229 0.78461 0.03547
v -0.28204 0.78461 0.03700
v -0.28270 0.78357 0.03700
v -0.28291 0.78357 0.03833
v -0.28352 0.78357 0.03953
v -0.28447 0.78357 0.04048
v -0.28567 0.78357 0.04109
v -0.28700 0.78357 0.04130
v -0.28833 0.78357 0.04109
v -0.28953 0.78357 0.04048
v -0.29048 0.78357 0.03953
v -0.29109 0.78357 0.03833
v -0.29130 0.78357 0.03700
v -0.29109 0.78357 0.03567
v -0.29048 0.78357 0.03447
v -0.28953 0.78357 0.03352
v -0.28833 0.78357 0.03291
v -0.28700 0.78357 0.03270
v -0.28567 0.78357 0.03291
v -0.28447 0.78357 0.03352
v -0.28352 0.78357 0.03447
v -0.28291 0.78357 0.03567
v -0.28270 0.78357 0.03700
v -0.28357 0.78270 0.03700
v -0.28374 0.78270 0.03806
v -0.28423 0.78270 0.03902
v -0.28498 0.78270 0.03977
v -0.28594 0.78270 0.04026
v -0.28700 0.78270 0.04043
v -0.28806 0.78270 0.04026
v -0.28902 0.78270 0.03977
v -0.28977 0.78270 0.03902
v -0.29026 0.78270 0.03806
v -0.29043 0.78270 0.03700
v -0.29026 0.78270 0.03594
v -0.28977 0.78270 0.03498
v -0.28902 0.78270 0.03423
v -0.28806 0.78270 0.03374
v -0.28700 0.78270 0.03357
v -0.28594 0.78270 0.03374
v -0.28498 0.78270 0.03423
v -0.28423 0.78270 0.03498
v -0.28374 0.78270 0.03594
v -0.28357 0.78270 0.03700
v -0.28461 0.78204 0.03700
v -0.28473 0.78204 0.03774
v -0.28507 0.78204 0.03840
v -0.28560 0.78204 0.03893
v -0.28626 0.78204 0.03927
v -0.28700 0.78204 0.03939
v -0.28774 0.78204 0.03927
v -0.28840 0.78204 0.03893
v -0.28893 0.78204 0.03840
v -0.28927 0.78204 0.03774
v -0.28939 0.78204 0.03700
v -0.28927 0.78204 0.03626
v -0.28893 0.78204 0.03560
v -0.28840 0.78204 0.03507
v -0.28774 0.78204 0.03473
v -0.28700 0.78204 0.03461
v -0.28626 0.78204 0.03473
v -0.28560 0.78204 0.03507
v -0.28507 0.78204 0.03560
v -0.28473 0.78204 0.03626
v -0.28461 0.78204 0.03700
v -0.28578 0.78164 0.03700
v -0.28584 0.78164 0.03738
v -0.28601 0.78164 0.03772
v -0.28628 0.78164 0.03799
v -0.28662 0.78164 0.03816
v -0.28700 0.78164 0.03822
v -0.28738 0.78164 0.03816
v -0.28772 0.78164 0.03799
v -0.28799 0.78164 0.03772
v -0.28816 0.78164 0.03738
v -0.28822 0.78164 0.03700
v -0.28816 0.78164 0.03662
v -0.28799 0.78164 0.03628
v -0.28772 0.78164 0.03601
v -0.28738 0.78164 0.03584
v -0.28700 0.78164 0.03578
v -0.28662 0.78164 0.03584
v -0.28628 0.78164 0.03601
v -0.28601 0.78164 0.03628
v -0.28584 0.78164 0.03662
v -0.28578 0.78164 0.03700
v -0.28700 0.78150 0.03700
v -0.28700 0.78150 0.03700
v -0.28700 0.78150 0.03700
v -0.28700 0.78150 0.03700
v -0.28700 0.78150 0.03700
v -0.28700 0.78150 0.03700
v -0.28700 0.78150 0.03700
v -0.28700 0.78150 0.03700
v -0.28700 0.78150 0.03700
v -0.28700 0.78150 0.03700
v -0.28700 0.78150 0.03700
v -0.28700 0.78150 0.03700
v -0.28700 0.78150 0.03700
v -0.28700 0.78150 0.03700
v -0.28700 0.78150 0.03700
v -0.28700 0.78150 0.03700
v -0.28700 0.78150 0.03700
v -0.28700 0.78150 0.03700
v -0.28700 0.78150 0.03700
v -0.28700 0.78150 0.03700
v -0.28700 0.78150 0.03700
v -0.26350 0.84500 0.03100
v -0.26450 0.82232 0.03300
v -0.26628 0.84441 0.02431
v -0.26699 0.82179 0.02701
v -0.27300 0.84417 0.02154
v -0.27300 0.82157 0.02453
v -0.27972 0.84441 0.02431
v -0.27901 0.82179 0.02701
v -0.28250 0.84500 0.03100
v -0.28150 0.82232 0.03300
v -0.27972 0.84559 0.03769
v -0.27901 0.82285 0.03899
v -0.27300 0.84583 0.04046
v -0.27300 0.82307 0.04147
v -0.26628 0.84559 0.03769
v -0.26699 0.82285 0.03899
v -0.26350 0.84500 0.03100
v -0.26450 0.82232 0.03300
v -0.27300 0.84500 0.03100
v -0.27300 0.82232 0.03300
v -0.27300 0.83082 0.03300
v -0.27300 0.83082 0.03300
v -0.27300 0.83082 0.03300
v -0.27300 0.83082 0.03300
v -0.27300 0.83082 0.03300
v -0.27300 0.83082 0.03300
v -0.27300 0.83082 0.03300
v -0.27300 0.83082 0.03300
v -0.27300 0.83082 0.03300
v -0.27300 0.83082 0.03300
v -0.27300 0.83082 0.03300
v -0.27300 0.83082 0.03300
v -0.27300 0.83082 0.03300
v -0.27300 0.83082 0.03300
v -0.27300 0.83082 0.03300
v -0.27300 0.83082 0.03300
v -0.27300 0.83082 0.03300
v -0.27300 0.83082 0.03300
v -0.27300 0.83082 0.03300
v -0.27300 0.83082 0.03300
v -0.27300 0.83082 0.03300
v -0.27111 0.83061 0.03300
v -0.27120 0.83061 0.03358
v -0.27147 0.83061 0.03411
v -0.27189 0.83061 0.03453
v -0.27242 0.83061 0.03480
v -0.27300 0.83061 0.03489
v -0.27358 0.83061 0.03480
v -0.27411 0.83061 0.03453
v -0.27453 0.83061 0.03411
v -0.27480 0.83061 0.03358
v -0.27489 0.83061 0.03300
v -0.27480 0.83061 0.03242
v -0.27453 0.83061 0.03189
v -0.27411 0.83061 0.03147
v -0.27358 0.83061 0.03120
v -0.27300 0.83061 0.03111
v -0.27242 0.83061 0.03120
v -0.27189 0.83061 0.03147
v -0.27147 0.83061 0.03189
v -0.27120 0.83061 0.03242
v -0.27111 0.83061 0.03300
v -0.26931 0.82998 0.03300
v -0.26949 0.82998 0.03414
v -0.27002 0.82998 0.03517
v -0.27083 0.82998 0.03598
v -0.27186 0.82998 0.03651
v -0.27300 0.82998 0.03669
v -0.27414 0.82998 0.03651
v -0.27517 0.82998 0.03598
v -0.27598 0.82998 0.03517
v -0.27651 0.82998 0.03414
v -0.27669 0.82998 0.03300
v -0.27651 0.82998 0.03186
v -0.27598 0.82998 0.03083
v -0.27517 0.82998 0.03002
v -0.27414 0.82998 0.02949
v -0.27300 0.82998 0.02931
v -0.27186 0.82998 0.02949
v -0.27083 0.82998 0.03002
v -0.27002 0.82998 0.03083
v -0.26949 0.82998 0.03186
v -0.26931 0.82998 0.03300
v -0.26770 0.82897 0.03300
v -0.26796 0.82897 0.03464
v -0.26871 0.82897 0.03612
v -0.26988 0.82897 0.03729
v -0.27136 0.82897 0.03804
v -0.27300 0.82897 0.03830
v -0.27464 0.82897 0.03804
v -0.27612 0.82897 0.03729
v -0.27729 0.82897 0.03612
v -0.27804 0.82897 0.03464
v -0.27830 0.82897 0.03300
v -0.27804 0.82897 0.03136
v -0.27729 0.82897 0.02988
v -0.27612 0.82897 0.02871
v -0.27464 0.82897 0.02796
v -0.27300 0.82897 0.02770
v -0.27136 0.82897 0.02796
v -0.26988 0.82897 0.02871
v -0.26871 0.82897 0.02988
v -0.26796 0.82897 0.03136
v -0.26770 0.82897 0.03300
v -0.26635 0.82762 0.03300
v -0.26668 0.82762 0.03505
v -0.26762 0.82762 0.03691
v -0.26909 0.82762 0.03838
v -0.27095 0.82762 0.03932
v -0.27300 0.82762 0.03965
v -0.27505 0.82762 0.03932
v -0.27691 0.82762 0.03838
v -0.27838 0.82762 0.03691
v -0.27932 0.82762 0.03505
v -0.27965 0.82762 0.03300
v -0.27932 0.82762 0.03095
v -0.27838 0.82762 0.02909
v -0.27691 0.82762 0.02762
v -0.27505 0.82762 0.02668
v -0.27300 0.82762 0.02635
v -0.27095 0.82762 0.02668
v -0.26909 0.82762 0.02762
v -0.26762 0.82762 0.02909
v -0.26668 0.82762 0.03095
v -0.26635 0.82762 0.03300
v -0.26534 0.82601 0.03300
v -0.26572 0.82601 0.03537
v -0.26680 0.82601 0.03750
v -0.26850 0.82601 0.03920
v -0.27063 0.82601 0.04028
v -0.27300 0.82601 0.04066
v -0.27537 0.82601 0.04028
v -0.27750 0.82601 0.03920
v -0.27920 0.82601 0.03750
v -0.28028 0.82601 0.03537
v -0.28066 0.82601 0.03300
v -0.28028 0.82601 0.03063
v -0.27920 0.82601 0.02850
v -0.27750 0.82601 0.02680
v -0.27537 0.82601 0.02572
v -0.27300 0.82601 0.02534
v -0.27063 0.82601 0.02572
v -0.26850 0.82601 0.02680
v -0.26680 0.82601 0.02850
v -0.26572 0.82601 0.03063
v -0.26534 0.82601 0.03300
v -0.26471 0.82421 0.03300
v -0.26512 0.82421 0.03556
v -0.26630 0.82421 0.03787
v -0.26813 0.82421 0.03970
v -0.27044 0.82421 0.04088
v -0.27300 0.82421 0.04129
v -0.27556 0.82421 0.04088
v -0.27787 0.82421 0.03970
v -0.27970 0.82421 0.03787
v -0.28088 0.82421 0.03556
v -0.28129 0.82421 0.03300
v -0.28088 0.82421 0.03044
v -0.27970 0.82421 0.02813
v -0.27787 0.82421 0.02630
v -0.27556 0.82421 0.02512
v -0.27300 0.82421 0.02471
v -0.27044 0.82421 0.02512
v -0.26813 0.82421 0.02630
v -0.26630 0.82421 0.02813
v -0.26512 0.82421 0.03044
v -0.26471 0.82421 0.03300
v -0.26450 0.82232 0.03300
v -0.26492 0.82232 0.03563
v -0.26612 0.82232 0.03800
v -0.26800 0.82232 0.03988
v -0.27037 0.82232 0.04108
v -0.27300 0.82232 0.04150
v -0.27563 0.82232 0.04108
v -0.27800 0.82232 0.03988
v -0.27988 0.82232 0.03800
v -0.28108 0.82232 0.03563
v -0.28150 0.82232 0.03300
v -0.28108 0.82232 0.03037
v -0.27988 0.82232 0.02800
v -0.27800 0.82232 0.02612
v -0.27563 0.82232 0.02492
v -0.27300 0.82232 0.02450
v -0.27037 0.82232 0.02492
v -0.26800 0.82232 0.02612
v -0.26612 0.82232 0.02800
v -0.26492 0.82232 0.03037
v -0.26450 0.82232 0.03300
v -0.26471 0.82043 0.03300
v -0.26512 0.82043 0.03556
v -0.26630 0.82043 0.03787
v -0.26813 0.82043 0.03970
v -0.27044 0.82043 0.04088
v -0.27300 0.82043 0.04129
v -0.27556 0.82043 0.04088
v -0.27787 0.82043 0.03970
v -0.27970 0.82043 0.03787
v -0.28088 0.82043 0.03556
v -0.28129 0.82043 0.03300
v -0.28088 0.82043 0.03044
v -0.27970 0.82043 0.02813
v -0.27787 0.82043 0.02630
v -0.27556 0.82043 0.02512
v -0.27300 0.82043 0.02471
v -0.27044 0.82043 0.02512
v -0.26813 0.82043 0.02630
v -0.26630 0.82043 0.02813
v -0.26512 0.82043 0.03044
v -0.26471 0.82043 0.03300
v -0.26534 0.81863 0.03300
v -0.26572 0.81863 0.03537
v -0.26680 0.81863 0.03750
v -0.26850 0.81863 0.03920
v -0.27063 0.81863 0.04028
v -0.27300 0.81863 0.04066
v -0.27537 0.81863 0.04028
v -0.27750 0.81863 0.03920
v -0.27920 0.81863 0.03750
v -0.28028 0.81863 0.03537
v -0.28066 0.81863 0.03300
v -0.28028 0.81863 0.03063
v -0.27920 0.81863 0.02850
v -0.27750 0.81863 0.02680
v -0.27537 0.81863 0.02572
v -0.27300 0.81863 0.02534
v -0.27063 0.81863 0.02572
v -0.26850 0.81863 0.02680
v -0.26680 0.81863 0.02850
v -0.26572 0.81863 0.03063
v -0.26534 0.81863 0.03300
v -0.26635 0.81702 0.03300
v -0.26668 0.81702 0.03505
v -0.26762 0.81702 0.03691
v -0.26909 0.81702 0.03838
v -0.27095 0.81702 0.03932
v -0.27300 0.81702 0.03965
v -0.27505 0.81702 0.03932
v -0.27691 0.81702 0.03838
v -0.27838 0.81702 0.03691
v -0.27932 0.81702 0.03505
v -0.27965 0.81702 0.03300
v -0.27932 0.81702 0.03095
v -0.27838 0.81702 0.02909
v -0.27691 0.81702 0.02762
v -0.27505 0.81702 0.02668
v -0.27300 0.81702 0.02635
v -0.27095 0.81702 0.02668
v -0.26909 0.81702 0.02762
v -0.26762 0.81702 0.02909
v -0.26668 0.81702 0.03095
v -0.26635 0.81702 0.03300
v -0.26770 0.81567 0.03300
v -0.26796 0.81567 0.03464
v -0.26871 0.81567 0.03612
v -0.26988 0.81567 0.03729
v -0.27136 0.81567 0.03804
v -0.27300 0.81567 0.03830
v -0.27464 0.81567 0.03804
v -0.27612 0.81567 0.03729
v -0.27729 0.81567 0.03612
v -0.27804 0.81567 0.03464
v -0.27830 0.81567 0.03300
v -0.27804 0.81567 0.03136
v -0.27729 0.81567 0.02988
v -0.27612 0.81567 0.02871
v -0.27464 0.81567 0.02796
v -0.27300 0.81567 0.02770
v -0.27136 0.81567 0.02796
v -0.26988 0.81567 0.02871
v -0.26871 0.81567 0.02988
v -0.26796 0.81567 0.03136
v -0.26770 0.81567 0.03300
v -0.26931 0.81466 0.03300
v -0.26949 0.81466 0.03414
v -0.27002 0.81466 0.03517
v -0.27083 0.81466 0.03598
v -0.27186 0.81466 0.03651
v -0.27300 0.81466 0.03669
v -0.27414 0.81466 0.03651
v -0.27517 0.81466 0.03598
v -0.27598 0.81466 0.03517
v -0.27651 0.81466 0.03414
v -0.27669 0.81466 0.03300
v -0.27651 0.81466 0.03186
v -0.27598 0.81466 0.03083
v -0.27517 0.81466 0.03002
v -0.27414 0.81466 0.02949
v -0.27300 0.81466 0.02931
v -0.27186 0.81466 0.02949
v -0.27083 0.81466 0.03002
v -0.27002 0.81466 0.03083
v -0.26949 0.81466 0.03186
v -0.26931 0.81466 0.03300
v -0.27111 0.81403 0.03300
v -0.27120 0.81403 0.03358
v -0.27147 0.81403 0.03411
v -0.27189 0.81403 0.03453
v -0.27242 0.81403 0.03480
v -0.27300 0.81403 0.03489
v -0.27358 0.81403 0.03480
v -0.27411 0.81403 0.03453
v -0.27453 0.81403 0.03411
v -0.27480 0.81403 0.03358
v -0.27489 0.81403 0.03300
v -0.27480 0.81403 0.03242
v -0.27453 0.81403 0.03189
v -0.27411 0.81403 0.03147
v -0.27358 0.81403 0.03120
v -0.27300 0.81403 0.03111
v -0.27242 0.81403 0.03120
v -0.27189 0.81403 0.03147
v -0.27147 0.81403 0.03189
v -0.27120 0.81403 0.03242
v -0.27111 0.81403 0.03300
v -0.27300 0.81382 0.03300
v -0.27300 0.81382 0.03300
v -0.27300 0.81382 0.03300
v -0.27300 0.81382 0.03300
v -0.27300 0.81382 0.03300
v -0.27300 0.81382 0.03300
v -0.27300 0.81382 0.03300
v -0.27300 0.81382 0.03300
v -0.27300 0.81382 0.03300
v -0.27300 0.81382 0.03300
v -0.27300 0.81382 0.03300
v -0.27300 0.81382 0.03300
v -0.27300 0.81382 0.03300
v -0.27300 0.81382 0.03300
v -0.27300 0.81382 0.03300
v -0.27300 0.81382 0.03300
v -0.27300 0.81382 0.03300
v -0.27300 0.81382 0.03300
v -0.27300 0.81382 0.03300
v -0.27300 0.81382 0.03300
v -0.27300 0.81382 0.03300
v -0.26500 0.82232 0.03300
v -0.26600 0.80504 0.03500
v -0.26734 0.82167 0.02738
v -0.26805 0.80447 0.03008
v -0.27300 0.82140 0.02505
v -0.27300 0.80424 0.02805
v -0.27866 0.82167 0.02738
v -0.27795 0.80447 0.03008
v -0.28100 0.82232 0.03300
v -0.28000 0.80504 0.03500
v -0.27866 0.82297 0.03862
v -0.27795 0.80561 0.03992
v -0.27300 0.82324 0.04095
v -0.27300 0.80584 0.04195
v -0.26734 0.82297 0.03862
v -0.26805 0.80561 0.03992
v -0.26500 0.82232 0.03300
v -0.26600 0.80504 0.03500
v -0.27300 0.82232 0.03300
v -0.27300 0.80504 0.03500
v -0.27300 0.81204 0.03500
v -0.27300 0.81204 0.03500
v -0.27300 0.81204 0.03500
v -0.27300 0.81204 0.03500
v -0.27300 0.81204 0.03500
v -0.27300 0.81204 0.03500
v -0.27300 0.81204 0.03500
v -0.27300 0.81204 0.03500
v -0.27300 0.81204 0.03500
v -0.27300 0.81204 0.03500
v -0.27300 0.81204 0.03500
v -0.27300 0.81204 0.03500
v -0.27300 0.81204 0.03500
v -0.27300 0.81204 0.03500
v -0.27300 0.81204 0.03500
v -0.27300 0.81204 0.03500
v -0.27300 0.81204 0.03500
v -0.27300 0.81204 0.03500
v -0.27300 0.81204 0.03500
v -0.27300 0.81204 0.03500
v -0.27300 0.81204 0.03500
v -0.27144 0.81186 0.03500
v -0.27152 0.81186 0.03548
v -0.27174 0.81186 0.03592
v -0.27208 0.81186 0.03626
v -0.27252 0.81186 0.03648
v -0.27300 0.81186 0.03656
v -0.27348 0.81186 0.03648
v -0.27392 0.81186 0.03626
v -0.27426 0.81186 0.03592
v -0.27448 0.81186 0.03548
v -0.27456 0.81186 0.03500
v -0.27448 0.81186 0.03452
v -0.27426 0.81186 0.03408
v -0.27392 0.81186 0.03374
v -0.27348 0.81186 0.03352
v -0.27300 0.81186 0.03344
v -0.27252 0.81186 0.03352
v -0.27208 0.81186 0.03374
v -0.27174 0.81186 0.03408
v -0.27152 0.81186 0.03452
v -0.27144 0.81186 0.03500
v -0.26996 0.81135 0.03500
v -0.27011 0.81135 0.03594
v -0.27054 0.81135 0.03679
v -0.27121 0.81135 0.03746
v -0.27206 0.81135 0.03789
v -0.27300 0.81135 0.03804
v -0.27394 0.81135 0.03789
v -0.27479 0.81135 0.03746
v -0.27546 0.81135 0.03679
v -0.27589 0.81135 0.03594
v -0.27604 0.81135 0.03500
v -0.27589 0.81135 0.03406
v -0.27546 0.81135 0.03321
v -0.27479 0.81135 0.03254
v -0.27394 0.81135 0.03211
v -0.27300 0.81135 0.03196
v -0.27206 0.81135 0.03211
v -0.27121 0.81135 0.03254
v -0.27054 0.81135 0.03321
v -0.27011 0.81135 0.03406
v -0.26996 0.81135 0.03500
v -0.26864 0.81051 0.03500
v -0.26885 0.81051 0.03635
v -0.26947 0.81051 0.03757
v -0.27043 0.81051 0.03853
v -0.27165 0.81051 0.03915
v -0.27300 0.81051 0.03936
v -0.27435 0.81051 0.03915
v -0.27557 0.81051 0.03853
v -0.27653 0.81051 0.03757
v -0.27715 0.81051 0.03635
v -0.27736 0.81051 0.03500
v -0.27715 0.81051 0.03365
v -0.27653 0.81051 0.03243
v -0.27557 0.81051 0.03147
v -0.27435 0.81051 0.03085
v -0.27300 0.81051 0.03064
v -0.27165 0.81051 0.03085
v -0.27043 0.81051 0.03147
v -0.26947 0.81051 0.03243
v -0.26885 0.81051 0.03365
v -0.26864 0.81051 0.03500
v -0.26753 0.80940 0.03500
v -0.26780 0.80940 0.03669
v -0.26857 0.80940 0.03822
v -0.26978 0.80940 0.03943
v -0.27131 0.80940 0.04020
v -0.27300 0.80940 0.04047
v -0.27469 0.80940 0.04020
v -0.27622 0.80940 0.03943
v -0.27743 0.80940 0.03822
v -0.27820 0.80940 0.03669
v -0.27847 0.80940 0.03500
v -0.27820 0.80940 0.03331
v -0.27743 0.80940 0.03178
v -0.27622 0.80940 0.03057
v -0.27469 0.80940 0.02980
v -0.27300 0.80940 0.02953
v -0.27131 0.80940 0.02980
v -0.26978 0.80940 0.03057
v -0.26857 0.80940 0.03178
v -0.26780 0.80940 0.03331
v -0.26753 0.80940 0.03500
v -0.26669 0.80808 0.03500
v -0.26700 0.80808 0.03695
v -0.26790 0.80808 0.03871
v -0.26929 0.80808 0.04010
v -0.27105 0.80808 0.04100
v -0.27300 0.80808 0.04131
v -0.27495 0.80808 0.04100
v -0.27671 0.80808 0.04010
v -0.27810 0.80808 0.03871
v -0.27900 0.80808 0.03695
v -0.27931 0.80808 0.03500
v -0.27900 0.80808 0.03305
v -0.27810 0.80808 0.03129
v -0.27671 0.80808 0.02990
v -0.27495 0.80808 0.02900
v -0.27300 0.80808 0.02869
v -0.27105 0.80808 0.02900
v -0.26929 0.80808 0.02990
v -0.26790 0.80808 0.03129
v -0.26700 0.80808 0.03305
v -0.26669 0.80808 0.03500
v -0.26618 0.80660 0.03500
v -0.26651 0.80660 0.03711
v -0.26748 0.80660 0.03901
v -0.26899 0.80660 0.04052
v -0.27089 0.80660 0.04149
v -0.27300 0.80660 0.04182
v -0.27511 0.80660 0.04149
v -0.27701 0.80660 0.04052
v -0.27852 0.80660 0.03901
v -0.27949 0.80660 0.03711
v -0.27982 0.80660 0.03500
v -0.27949 0.80660 0.03289
v -0.27852 0.80660 0.03099
v -0.27701 0.80660 0.02948
v -0.27511 0.80660 0.02851
v -0.27300 0.80660 0.02818
v -0.27089 0.80660 0.02851
v -0.26899 0.80660 0.02948
v -0.26748 0.80660 0.03099
v -0.26651 0.80660 0.03289
v -0.26618 0.80660 0.03500
v -0.26600 0.80504 0.03500
v -0.26634 0.80504 0.03716
v -0.26734 0.80504 0.03911
v -0.26889 0.80504 0.04066
v -0.27084 0.80504 0.04166
v -0.27300 0.80504 0.04200
v -0.27516 0.80504 0.04166
v -0.27711 0.80504 0.04066
v -0.27866 0.80504 0.03911
v -0.27966 0.80504 0.03716
v -0.28000 0.80504 0.03500
v -0.27966 0.80504 0.03284
v -0.27866 0.80504 0.03089
v -0.27711 0.80504 0.02934
v -0.27516 0.80504 0.02834
v -0.27300 0.80504 0.02800
v -0.27084 0.80504 0.02834
v -0.26889 0.80504 0.02934
v -0.26734 0.80504 0.03089
v -0.26634 0.80504 0.03284
v -0.26600 0.80504 0.03500
v -0.26618 0.80348 0.03500
v -0.26651 0.80348 0.03711
v -0.26748 0.80348 0.03901
v -0.26899 0.80348 0.04052
v -0.27089 0.80348 0.04149
v -0.27300 0.80348 0.04182
v -0.27511 0.80348 0.04149
v -0.27701 0.80348 0.04052
v -0.27852 0.80348 0.03901
v -0.27949 0.80348 0.03711
v -0.27982 0.80348 0.03500
v -0.27949 0.80348 0.03289
v -0.27852 0.80348 0.03099
v -0.27701 0.80348 0.02948
v -0.27511 0.80348 0.02851
v -0.27300 0.80348 0.02818
v -0.27089 0.80348 0.02851
v -0.26899 0.80348 0.02948
v -0.26748 0.80348 0.03099
v -0.26651 0.80348 0.03289
v -0.26618 0.80348 0.03500
v -0.26669 0.80200 0.03500
v -0.26700 0.80200 0.03695
v -0.26790 0.80200 0.03871
v -0.26929 0.80200 0.04010
v -0.27105 0.80200 0.04100
v -0.27300 0.80200 0.04131
v -0.27495 0.80200 0.04100
v -0.27671 0.80200 0.04010
v -0.27810 0.80200 0.03871
v -0.27900 0.80200 0.03695
v -0.27931 0.80200 0.03500
v -0.27900 0.80200 0.03305
v -0.27810 0.80200 0.03129
v -0.27671 0.80200 0.02990
v -0.27495 0.80200 0.02900
v -0.27300 0.80200 0.02869
v -0.27105 0.80200 0.02900
v -0.26929 0.80200 0.02990
v -0.26790 0.80200 0.03129
v -0.26700 0.80200 0.03305
v -0.26669 0.80200 0.03500
v -0.26753 0.80068 0.03500
v -0.26780 0.80068 0.03669
v -0.26857 0.80068 0.03822
v -0.26978 0.80068 0.03943
v -0.27131 0.80068 0.04020
v -0.27300 0.80068 0.04047
v -0.27469 0.80068 0.04020
v -0.27622 0.80068 0.03943
v -0.27743 0.80068 0.03822
v -0.27820 0.80068 0.03669
v -0.27847 0.80068 0.03500
v -0.27820 0.80068 0.03331
v -0.27743 0.80068 0.03178
v -0.27622 0.80068 0.03057
v -0.27469 0.80068 0.02980
v -0.27300 0.80068 0.02953
v -0.27131 0.80068 0.02980
v -0.26978 0.80068 0.03057
v -0.26857 0.80068 0.03178
v -0.26780 0.80068 0.03331
v -0.26753 0.80068 0.03500
v -0.26864 0.79957 0.03500
v -0.26885 0.79957 0.03635
v -0.26947 0.79957 0.03757
v -0.27043 0.79957 0.03853
v -0.27165 0.79957 0.03915
v -0.27300 0.79957 0.03936
v -0.27435 0.79957 0.03915
v -0.27557 0.79957 0.03853
v -0.27653 0.79957 0.03757
v -0.27715 0.79957 0.03635
v -0.27736 0.79957 0.03500
v -0.27715 0.79957 0.03365
v -0.27653 0.79957 0.03243
v -0.27557 0.79957 0.03147
v -0.27435 0.79957 0.03085
v -0.27300 0.79957 0.03064
v -0.27165 0.79957 0.03085
v -0.27043 0.79957 0.03147
v -0.26947 0.79957 0.03243
v -0.26885 0.79957 0.03365
v -0.26864 0.79957 0.03500
v -0.26996 0.79873 0.03500
v -0.27011 0.79873 0.03594
v -0.27054 0.79873 0.03679
v -0.27121 0.79873 0.03746
v -0.27206 0.79873 0.03789
v -0.27300 0.79873 0.03804
v -0.27394 0.79873 0.03789
v -0.27479 0.79873 0.03746
v -0.27546 0.79873 0.03679
v -0.27589 0.79873 0.03594
v -0.27604 0.79873 0.03500
v -0.27589 0.79873 0.03406
v -0.27546 0.79873 0.03321
v -0.27479 0.79873 0.03254
v -0.27394 0.79873 0.03211
v -0.27300 0.79873 0.03196
v -0.27206 0.79873 0.03211
v -0.27121 0.79873 0.03254
v -0.27054 0.79873 0.03321
v -0.27011 0.79873 0.03406
v -0.26996 0.79873 0.03500
v -0.27144 0.79822 0.03500
v -0.27152 0.79822 0.03548
v -0.27174 0.79822 0.03592
v -0.27208 0.79822 0.03626
v -0.27252 0.79822 0.03648
v -0.27300 0.79822 0.03656
v -0.27348 0.79822 0.03648
v -0.27392 0.79822 0.03626
v -0.27426 0.79822 0.03592
v -0.27448 0.79822 0.03548
v -0.27456 0.79822 0.03500
v -0.27448 0.79822 0.03452
v -0.27426 0.79822 0.03408
v -0.27392 0.79822 0.03374
v -0.27348 0.79822 0.03352
v -0.27300 0.79822 0.03344
v -0.27252 0.79822 0.03352
v -0.27208 0.79822 0.03374
v -0.27174 0.79822 0.03408
v -0.27152 0.79822 0.03452
v -0.27144 0.79822 0.03500
v -0.27300 0.79804 0.03500
v -0.27300 0.79804 0.03500
v -0.27300 0.79804 0.03500
v -0.27300 0.79804 0.03500
v -0.27300 0.79804 0.03500
v -0.27300 0.79804 0.03500
v -0.27300 0.79804 0.03500
v -0.27300 0.79804 0.03500
v -0.27300 0.79804 0.03500
v -0.27300 0.79804 0.03500
v -0.27300 0.79804 0.03500
v -0.27300 0.79804 0.03500
v -0.27300 0.79804 0.03500
v -0.27300 0.79804 0.03500
v -0.27300 0.79804 0.03500
v -0.27300 0.79804 0.03500
v -0.27300 0.79804 0.03500
v -0.27300 0.79804 0.03500
v -0.27300 0.79804 0.03500
v -0.27300 0.79804 0.03500
v -0.27300 0.79804 0.03500
v -0.26650 0.80504 0.03500
v -0.26750 0.79100 0.03700
v -0.26840 0.80439 0.03045
v -0.26911 0.79045 0.03315
v -0.27300 0.80412 0.02856
v -0.27300 0.79022 0.03155
v -0.27760 0.80439 0.03045
v -0.27689 0.79045 0.03315
v -0.27950 0.80504 0.03500
v -0.27850 0.79100 0.03700
v -0.27760 0.80569 0.03955
v -0.27689 0.79155 0.04085
v -0.27300 0.80596 0.04144
v -0.27300 0.79178 0.04245
v -0.26840 0.80569 0.03955
v -0.26911 0.79155 0.04085
v -0.26650 0.80504 0.03500
v -0.26750 0.79100 0.03700
v -0.27300 0.80504 0.03500
v -0.27300 0.79100 0.03700
v -0.27300 0.79650 0.03700
v -0.27300 0.79650 0.03700
v -0.27300 0.79650 0.03700
v -0.27300 0.79650 0.03700
v -0.27300 0.79650 0.03700
v -0.27300 0.79650 0.03700
v -0.27300 0.79650 0.03700
v -0.27300 0.79650 0.03700
v -0.27300 0.79650 0.03700
v -0.27300 0.79650 0.03700
v -0.27300 0.79650 0.03700
v -0.27300 0.79650 0.03700
v -0.27300 0.79650 0.03700
v -0.27300 0.79650 0.03700
v -0.27300 0.79650 0.03700
v -0.27300 0.79650 0.03700
v -0.27300 0.79650 0.03700
v -0.27300 0.79650 0.03700
v -0.27300 0.79650 0.03700
v -0.27300 0.79650 0.03700
v -0.27300 0.79650 0.03700
v -0.27178 0.79636 0.03700
v -0.27184 0.79636 0.03738
v -0.27201 0.79636 0.03772
v -0.27228 0.79636 0.03799
v -0.27262 0.79636 0.03816
v -0.27300 0.79636 0.03822
v -0.27338 0.79636 0.03816
v -0.27372 0.79636 0.03799
v -0.27399 0.79636 0.03772
v -0.27416 0.79636 0.03738
v -0.27422 0.79636 0.03700
v -0.27416 0.79636 0.03662
v -0.27399 0.79636 0.03628
v -0.27372 0.79636 0.03601
v -0.27338 0.79636 0.03584
v -0.27300 0.79636 0.03578
v -0.27262 0.79636 0.03584
v -0.27228 0.79636 0.03601
v -0.27201 0.79636 0.03628
v -0.27184 0.79636 0.03662
v -0.27178 0.79636 0.03700
v -0.27061 0.79596 0.03700
v -0.27073 0.79596 0.03774
v -0.27107 0.79596 0.03840
v -0.27160 0.79596 0.03893
v -0.27226 0.79596 0.03927
v -0.27300 0.79596 0.03939
v -0.27374 0.79596 0.03927
v -0.27440 0.79596 0.03893
v -0.27493 0.79596 0.03840
v -0.27527 0.79596 0.03774
v -0.27539 0.79596 0.03700
v -0.27527 0.79596 0.03626
v -0.27493 0.79596 0.03560
v -0.27440 0.79596 0.03507
v -0.27374 0.79596 0.03473
v -0.27300 0.79596 0.03461
v -0.27226 0.79596 0.03473
v -0.27160 0.79596 0.03507
v -0.27107 0.79596 0.03560
v -0.27073 0.79596 0.03626
v -0.27061 0.79596 0.03700
v -0.26957 0.79530 0.03700
v -0.26974 0.79530 0.03806
v -0.27023 0.79530 0.03902
v -0.27098 0.79530 0.03977
v -0.27194 0.79530 0.04026
v -0.27300 0.79530 0.04043
v -0.27406 0.79530 0.04026
v -0.27502 0.79530 0.03977
v -0.27577 0.79530 0.03902
v -0.27626 0.79530 0.03806
v -0.27643 0.79530 0.03700
v -0.27626 0.79530 0.03594
v -0.27577 0.79530 0.03498
v -0.27502 0.79530 0.03423
v -0.27406 0.79530 0.03374
v -0.27300 0.79530 0.03357
v -0.27194 0.79530 0.03374
v -0.27098 0.79530 0.03423
v -0.27023 0.79530 0.03498
v -0.26974 0.79530 0.03594
v -0.26957 0.79530 0.03700
v -0.26870 0.79443 0.03700
v -0.26891 0.79443 0.03833
v -0.26952 0.79443 0.03953
v -0.27047 0.79443 0.04048
v -0.27167 0.79443 0.04109
v -0.27300 0.79443 0.04130
v -0.27433 0.79443 0.04109
v -0.27553 0.79443 0.04048
v -0.27648 0.79443 0.03953
v -0.27709 0.79443 0.03833
v -0.27730 0.79443 0.03700
v -0.27709 0.79443 0.03567
v -0.27648 0.79443 0.03447
v -0.27553 0.79443 0.03352
v -0.27433 0.79443 0.03291
v -0.27300 0.79443 0.03270
v -0.27167 0.79443 0.03291
v -0.27047 0.79443 0.03352
v -0.26952 0.79443 0.03447
v -0.26891 0.79443 0.03567
v -0.26870 0.79443 0.03700
v -0.26804 0.79339 0.03700
v -0.26829 0.79339 0.03853
v -0.26899 0.79339 0.03991
v -0.27009 0.79339 0.04101
v -0.27147 0.79339 0.04171
v -0.27300 0.79339 0.04196
v -0.27453 0.79339 0.04171
v -0.27591 0.79339 0.04101
v -0.27701 0.79339 0.03991
v -0.27771 0.79339 0.03853
v -0.27796 0.79339 0.03700
v -0.27771 0.79339 0.03547
v -0.27701 0.79339 0.03409
v -0.27591 0.79339 0.03299
v -0.27453 0.79339 0.03229
v -0.27300 0.79339 0.03204
v -0.27147 0.79339 0.03229
v -0.27009 0.79339 0.03299
v -0.26899 0.79339 0.03409
v -0.26829 0.79339 0.03547
v -0.26804 0.79339 0.03700
v -0.26764 0.79222 0.03700
v -0.26790 0.79222 0.03866
v -0.26866 0.79222 0.04015
v -0.26985 0.79222 0.04134
v -0.27134 0.79222 0.04210
v -0.27300 0.79222 0.04236
v -0.27466 0.79222 0.04210
v -0.27615 0.79222 0.04134
v -0.27734 0.79222 0.04015
v -0.27810 0.79222 0.03866
v -0.27836 0.79222 0.03700
v -0.27810 0.79222 0.03534
v -0.27734 0.79222 0.03385
v -0.27615 0.79222 0.03266
v -0.27466 0.79222 0.03190
v -0.27300 0.79222 0.03164
v -0.27134 0.79222 0.03190
v -0.26985 0.79222 0.03266
v -0.26866 0.79222 0.03385
v -0.26790 0.79222 0.03534
v -0.26764 0.79222 0.03700
v -0.26750 0.79100 0.03700
v -0.26777 0.79100 0.03870
v -0.26855 0.79100 0.04023
v -0.26977 0.79100 0.04145
v -0.27130 0.79100 0.04223
v -0.27300 0.79100 0.04250
v -0.27470 0.79100 0.04223
v -0.27623 0.79100 0.04145
v -0.27745 0.79100 0.04023
v -0.27823 0.79100 0.03870
v -0.27850 0.79100 0.03700
v -0.27823 0.79100 0.03530
v -0.27745 0.79100 0.03377
v -0.27623 0.79100 0.03255
v -0.27470 0.79100 0.03177
v -0.27300 0.79100 0.03150
v -0.27130 0.79100 0.03177
v -0.26977 0.79100 0.03255
v -0.26855 0.79100 0.03377
v -0.26777 0.79100 0.03530
v -0.26750 0.79100 0.03700
v -0.26764 0.78978 0.03700
v -0.26790 0.78978 0.03866
v -0.26866 0.78978 0.04015
v -0.26985 0.78978 0.04134
v -0.27134 0.78978 0.04210
v -0.27300 0.78978 0.04236
v -0.27466 0.78978 0.04210
v -0.27615 0.78978 0.04134
v -0.27734 0.78978 0.04015
v -0.27810 0.78978 0.03866
v -0.27836 0.78978 0.03700
v -0.27810 0.78978 0.03534
v -0.27734 0.78978 0.03385
v -0.27615 0.78978 0.03266
v -0.27466 0.78978 0.03190
v -0.27300 0.78978 0.03164
v -0.27134 0.78978 0.03190
v -0.26985 0.78978 0.03266
v -0.26866 0.78978 0.03385
v -0.26790 0.78978 0.03534
v -0.26764 0.78978 0.03700
v -0.26804 0.78861 0.03700
v -0.26829 0.78861 0.03853
v -0.26899 0.78861 0.03991
v -0.27009 0.78861 0.04101
v -0.27147 0.78861 0.04171
v -0.27300 0.78861 0.04196
v -0.27453 0.78861 0.04171
v -0.27591 0.78861 0.04101
v -0.27701 0.78861 0.03991
v -0.27771 0.78861 0.03853
v -0.27796 0.78861 0.03700
v -0.27771 0.78861 0.03547
v -0.27701 0.78861 0.03409
v -0.27591 0.78861 0.03299
v -0.27453 0.78861 0.03229
v -0.27300 0.78861 0.03204
v -0.27147 0.78861 0.03229
v -0.27009 0.78861 0.03299
v -0.26899 0.78861 0.03409
v -0.26829 0.78861 0.03547
v -0.26804 0.78861 0.03700
v -0.26870 0.78757 0.03700
v -0.26891 0.78757 0.03833
v -0.26952 0.78757 0.03953
v -0.27047 0.78757 0.04048
v -0.27167 0.78757 0.04109
v -0.27300 0.78757 0.04130
v -0.27433 0.78757 0.04109
v -0.27553 0.78757 0.04048
v -0.27648 0.78757 0.03953
v -0.27709 0.78757 0.03833
v -0.27730 0.78757 0.03700
v -0.27709 0.78757 0.03567
v -0.27648 0.78757 0.03447
v -0.27553 0.78757 0.03352
v -0.27433 0.78757 0.03291
v -0.27300 0.78757 0.03270
v -0.27167 0.78757 0.03291
v -0.27047 0.78757 0.03352
v -0.26952 0.78757 0.03447
v -0.26891 0.78757 0.03567
v -0.26870 0.78757 0.03700
v -0.26957 0.78670 0.03700
v -0.26974 0.78670 0.03806
v -0.27023 0.78670 0.03902
v -0.27098 0.78670 0.03977
v -0.27194 0.78670 0.04026
v -0.27300 0.78670 0.04043
v -0.27406 0.78670 0.04026
v -0.27502 0.78670 0.03977
v -0.27577 0.78670 0.03902
v -0.27626 0.78670 0.03806
v -0.27643 0.78670 0.03700
v -0.27626 0.78670 0.03594
v -0.27577 0.78670 0.03498
v -0.27502 0.78670 0.03423
v -0.27406 0.78670 0.03374
v -0.27300 0.78670 0.03357
v -0.27194 0.78670 0.03374
v -0.27098 0.78670 0.03423
v -0.27023 0.78670 0.03498
v -0.26974 0.78670 0.03594
v -0.26957 0.78670 0.03700
v -0.27061 0.78604 0.03700
v -0.27073 0.78604 0.03774
v -0.27107 0.78604 0.03840
v -0.27160 0.78604 0.03893
v -0.27226 0.78604 0.03927
v -0.27300 0.78604 0.03939
v -0.27374 0.78604 0.03927
v -0.27440 0.78604 0.03893
v -0.27493 0.78604 0.03840
v -0.27527 0.78604 0.03774
v -0.27539 0.78604 0.03700
v -0.27527 0.78604 0.03626
v -0.27493 0.78604 0.03560
v -0.27440 0.78604 0.03507
v -0.27374 0.78604 0.03473
v -0.27300 0.78604 0.03461
v -0.27226 0.78604 0.03473
v -0.27160 0.78604 0.03507
v -0.27107 0.78604 0.03560
v -0.27073 0.78604 0.03626
v -0.27061 0.78604 0.03700
v -0.27178 0.78564 0.03700
v -0.27184 0.78564 0.03738
v -0.27201 0.78564 0.03772
v -0.27228 0.78564 0.03799
v -0.27262 0.78564 0.03816
v -0.27300 0.78564 0.03822
v -0.27338 0.78564 0.03816
v -0.27372 0.78564 0.03799
v -0.27399 0.78564 0.03772
v -0.27416 0.78564 0.03738
v -0.27422 0.78564 0.03700
v -0.27416 0.78564 0.03662
v -0.27399 0.78564 0.03628
v -0.27372 0.78564 0.03601
v -0.27338 0.78564 0.03584
v -0.27300 0.78564 0.03578
v -0.27262 0.78564 0.03584
v -0.27228 0.78564 0.03601
v -0.27201 0.78564 0.03628
v -0.27184 0.78564 0.03662
v -0.27178 0.78564 0.03700
v -0.27300 0.78550 0.03700
v -0.27300 0.78550 0.03700
v -0.27300 0.78550 0.03700
v -0.27300 0.78550 0.03700
v -0.27300 0.78550 0.03700
v -0.27300 0.78550 0.03700
v -0.27300 0.78550 0.03700
v -0.27300 0.78550 0.03700
v -0.27300 0.78550 0.03700
v -0.27300 0.78550 0.03700
v -0.27300 0.78550 0.03700
v -0.27300 0.78550 0.03700
v -0.27300 0.78550 0.03700
v -0.27300 0.78550 0.03700
v -0.27300 0.78550 0.03700
v -0.27300 0.78550 0.03700
v -0.27300 0.78550 0.03700
v -0.27300 0.78550 0.03700
v -0.27300 0.78550 0.03700
v -0.27300 0.78550 0.03700
v -0.27300 0.78550 0.03700
v -0.24950 0.84500 0.03100
v -0.25050 0.82568 0.03300
v -0.25228 0.84431 0.02432
v -0.25299 0.82506 0.02702
v -0.25900 0.84402 0.02155
v -0.25900 0.82480 0.02455
v -0.26572 0.84431 0.02432
v -0.26501 0.82506 0.02702
v -0.26850 0.84500 0.03100
v -0.26750 0.82568 0.03300
v -0.26572 0.84569 0.03768
v -0.26501 0.82630 0.03898
v -0.25900 0.84598 0.04045
v -0.25900 0.82656 0.04145
v -0.25228 0.84569 0.03768
v -0.25299 0.82630 0.03898
v -0.24950 0.84500 0.03100
v -0.25050 0.82568 0.03300
v -0.25900 0.84500 0.03100
v -0.25900 0.82568 0.03300
v -0.25900 0.83418 0.03300
v -0.25900 0.83418 0.03300
v -0.25900 0.83418 0.03300
v -0.25900 0.83418 0.03300
v -0.25900 0.83418 0.03300
v -0.25900 0.83418 0.03300
v -0.25900 0.83418 0.03300
v -0.25900 0.83418 0.03300
v -0.25900 0.83418 0.03300
v -0.25900 0.83418 0.03300
v -0.25900 0.83418 0.03300
v -0.25900 0.83418 0.03300
v -0.25900 0.83418 0.03300
v -0.25900 0.83418 0.03300
v -0.25900 0.83418 0.03300
v -0.25900 0.83418 0.03300
v -0.25900 0.83418 0.03300
v -0.25900 0.83418 0.03300
v -0.25900 0.83418 0.03300
v -0.25900 0.83418 0.03300
v -0.25900 0.83418 0.03300
v -0.25711 0.83397 0.03300
v -0.25720 0.83397 0.03358
v -0.25747 0.83397 0.03411
v -0.25789 0.83397 0.03453
v -0.25842 0.83397 0.03480
v -0.25900 0.83397 0.03489
v -0.25958 0.83397 0.03480
v -0.26011 0.83397 0.03453
v -0.26053 0.83397 0.03411
v -0.26080 0.83397 0.03358
v -0.26089 0.83397 0.03300
v -0.26080 0.83397 0.03242
v -0.26053 0.83397 0.03189
v -0.26011 0.83397 0.03147
v -0.25958 0.83397 0.03120
v -0.25900 0.83397 0.03111
v -0.25842 0.83397 0.03120
v -0.25789 0.83397 0.03147
v -0.25747 0.83397 0.03189
v -0.25720 0.83397 0.03242
v -0.25711 0.83397 0.03300
v -0.25531 0.83334 0.03300
v -0.25549 0.83334 0.03414
v -0.25602 0.83334 0.03517
v -0.25683 0.83334 0.03598
v -0.25786 0.83334 0.03651
v -0.25900 0.83334 0.03669
v -0.26014 0.83334 0.03651
v -0.26117 0.83334 0.03598
v -0.26198 0.83334 0.03517
v -0.26251 0.83334 0.03414
v -0.26269 0.83334 0.03300
v -0.26251 0.83334 0.03186
v -0.26198 0.83334 0.03083
v -0.26117 0.83334 0.03002
v -0.26014 0.83334 0.02949
v -0.25900 0.83334 0.02931
v -0.25786 0.83334 0.02949
v -0.25683 0.83334 0.03002
v -0.25602 0.83334 0.03083
v -0.25549 0.83334 0.03186
v -0.25531 0.83334 0.03300
v -0.25370 0.83233 0.03300
v -0.25396 0.83233 0.03464
v -0.25471 0.83233 0.03612
v -0.25588 0.83233 0.03729
v -0.25736 0.83233 0.03804
v -0.25900 0.83233 0.03830
v -0.26064 0.83233 0.03804
v -0.26212 0.83233 0.03729
v -0.26329 0.83233 0.03612
v -0.26404 0.83233 0.03464
v -0.26430 0.83233 0.03300
v -0.26404 0.83233 0.03136
v -0.26329 0.83233 0.02988
v -0.26212 0.83233 0.02871
v -0.26064 0.83233 0.02796
v -0.25900 0.83233 0.02770
v -0.25736 0.83233 0.02796
v -0.25588 0.83233 0.02871
v -0.25471 0.83233 0.02988
v -0.25396 0.83233 0.03136
v -0.25370 0.83233 0.03300
v -0.25235 0.83098 0.03300
v -0.25268 0.83098 0.03505
v -0.25362 0.83098 0.03691
v -0.25509 0.83098 0.03838
v -0.25695 0.83098 0.03932
v -0.25900 0.83098 0.03965
v -0.26105 0.83098 0.03932
v -0.26291 0.83098 0.03838
v -0.26438 0.83098 0.03691
v -0.26532 0.83098 0.03505
v -0.26565 0.83098 0.03300
v -0.26532 0.83098 0.03095
v -0.26438 0.83098 0.02909
v -0.26291 0.83098 0.02762
v -0.26105 0.83098 0.02668
v -0.25900 0.83098 0.02635
v -0.25695 0.83098 0.02668
v -0.25509 0.83098 0.02762
v -0.25362 0.83098 0.02909
v -0.25268 0.83098 0.03095
v -0.25235 0.83098 0.03300
v -0.25134 0.82937 0.03300
v -0.25172 0.82937 0.03537
v -0.25280 0.82937 0.03750
v -0.25450 0.82937 0.03920
v -0.25663 0.82937 0.04028
v -0.25900 0.82937 0.04066
v -0.26137 0.82937 0.04028
v -0.26350 0.82937 0.03920
v -0.26520 0.82937 0.03750
v -0.26628 0.82937 0.03537
v -0.26666 0.82937 0.03300
v -0.26628 0.82937 0.03063
v -0.26520 0.82937 0.02850
v -0.26350 0.82937 0.02680
v -0.26137 0.82937 0.02572
v -0.25900 0.82937 0.02534
v -0.25663 0.82937 0.02572
v -0.25450 0.82937 0.02680
v -0.25280 0.82937 0.02850
v -0.25172 0.82937 0.03063
v -0.25134 0.82937 0.03300
v -0.25071 0.82757 0.03300
v -0.25112 0.82757 0.03556
v -0.25230 0.82757 0.03787
v -0.25413 0.82757 0.03970
v -0.25644 0.82757 0.04088
v -0.25900 0.82757 0.04129
v -0.26156 0.82757 0.04088
v -0.26387 0.82757 0.03970
v -0.26570 0.82757 0.03787
v -0.26688 0.82757 0.03556
v -0.26729 0.82757 0.03300
v -0.26688 0.82757 0.03044
v -0.26570 0.82757 0.02813
v -0.26387 0.82757 0.02630
v -0.26156 0.82757 0.02512
v -0.25900 0.82757 0.02471
v -0.25644 0.82757 0.02512
v -0.25413 0.82757 0.02630
v -0.25230 0.82757 0.02813
v -0.25112 0.82757 0.03044
v -0.25071 0.82757 0.03300
v -0.25050 0.82568 0.03300
v -0.25092 0.82568 0.03563
v -0.25212 0.82568 0.03800
v -0.25400 0.82568 0.03988
v -0.25637 0.82568 0.04108
v -0.25900 0.82568 0.04150
v -0.26163 0.82568 0.04108
v -0.26400 0.82568 0.03988
v -0.26588 0.82568 0.03800
v -0.26708 0.82568 0.03563
v -0.26750 0.82568 0.03300
v -0.26708 0.82568 0.03037
v -0.26588 0.82568 0.02800
v -0.26400 0.82568 0.02612
v -0.26163 0.82568 0.02492
v -0.25900 0.82568 0.02450
v -0.25637 0.82568 0.02492
v -0.25400 0.82568 0.02612
v -0.25212 0.82568 0.02800
v -0.25092 0.82568 0.03037
v -0.25050 0.82568 0.03300
v -0.25071 0.82379 0.03300
v -0.25112 0.82379 0.03556
v -0.25230 0.82379 0.03787
v -0.25413 0.82379 0.03970
v -0.25644 0.82379 0.04088
v -0.25900 0.82379 0.04129
v -0.26156 0.82379 0.04088
v -0.26387 0.82379 0.03970
v -0.26570 0.82379 0.03787
v -0.26688 0.82379 0.03556
v -0.26729 0.82379 0.03300
v -0.26688 0.82379 0.03044
v -0.26570 0.82379 0.02813
v -0.26387 0.82379 0.02630
v -0.26156 0.82379 0.02512
v -0.25900 0.82379 0.02471
v -0.25644 0.82379 0.02512
v -0.25413 0.82379 0.02630
v -0.25230 0.82379 0.02813
v -0.25112 0.82379 0.03044
v -0.25071 0.82379 0.03300
v -0.25134 0.82199 0.03300
v -0.25172 0.82199 0.03537
v -0.25280 0.82199 0.03750
v -0.25450 0.82199 0.03920
v -0.25663 0.82199 0.04028
v -0.25900 0.82199 0.04066
v -0.26137 0.82199 0.04028
v -0.26350 0.82199 0.03920
v -0.26520 0.82199 0.03750
v -0.26628 0.82199 0.03537
v -0.26666 0.82199 0.03300
v -0.26628 0.82199 0.03063
v -0.26520 0.82199 0.02850
v -0.26350 0.82199 0.02680
v -0.26137 0.82199 0.02572
v -0.25900 0.82199 0.02534
v -0.25663 0.82199 0.02572
v -0.25450 0.82199 0.02680
v -0.25280 0.82199 0.02850
v -0.25172 0.82199 0.03063
v -0.25134 0.82199 0.03300
v -0.25235 0.82038 0.03300
v -0.25268 0.82038 0.03505
v -0.25362 0.82038 0.03691
v -0.25509 0.82038 0.03838
v -0.25695 0.82038 0.03932
v -0.25900 0.82038 0.03965
v -0.26105 0.82038 0.03932
v -0.26291 0.82038 0.03838
v -0.26438 0.82038 0.03691
v -0.26532 0.82038 0.03505
v -0.26565 0.82038 0.03300
v -0.26532 0.82038 0.03095
v -0.26438 0.82038 0.02909
v -0.26291 0.82038 0.02762
v -0.26105 0.82038 0.02668
v -0.25900 0.82038 0.02635
v -0.25695 0.82038 0.02668
v -0.25509 0.82038 0.02762
v -0.25362 0.82038 0.02909
v -0.25268 0.82038 0.03095
v -0.25235 0.82038 0.03300
v -0.25370 0.81903 0.03300
v -0.25396 0.81903 0.03464
v -0.25471 0.81903 0.03612
v -0.25588 0.81903 0.03729
v -0.25736 0.81903 0.03804
v -0.25900 0.81903 0.03830
v -0.26064 0.81903 0.03804
v -0.26212 0.81903 0.03729
v -0.26329 0.81903 0.03612
v -0.26404 0.81903 0.03464
v -0.26430 0.81903 0.03300
v -0.26404 0.81903 0.03136
v -0.26329 0.81903 0.02988
v -0.26212 0.81903 0.02871
v -0.26064 0.81903 0.02796
v -0.25900 0.81903 0.02770
v -0.25736 0.81903 0.02796
v -0.25588 0.81903 0.02871
v -0.25471 0.81903 0.02988
v -0.25396 0.81903 0.03136
v -0.25370 0.81903 0.03300
v -0.25531 0.81802 0.03300
v -0.25549 0.81802 0.03414
v -0.25602 0.81802 0.03517
v -0.25683 0.81802 0.03598
v -0.25786 0.81802 0.03651
v -0.25900 0.81802 0.03669
v -0.26014 0.81802 0.03651
v -0.26117 0.81802 0.03598
v -0.26198 0.81802 0.03517
v -0.26251 0.81802 0.03414
v -0.26269 0.81802 0.03300
v -0.26251 0.81802 0.03186
v -0.26198 0.81802 0.03083
v -0.26117 0.81802 0.03002
v -0.26014 0.81802 0.02949
v -0.25900 0.81802 0.02931
v -0.25786 0.81802 0.02949
v -0.25683 0.81802 0.03002
v -0.25602 0.81802 0.03083
v -0.25549 0.81802 0.03186
v -0.25531 0.81802 0.03300
v -0.25711 0.81739 0.03300
v -0.25720 0.81739 0.03358
v -0.25747 0.81739 0.03411
v -0.25789 0.81739 0.03453
v -0.25842 0.81739 0.03480
v -0.25900 0.81739 0.03489
v -0.25958 0.81739 0.03480
v -0.26011 0.81739 0.03453
v -0.26053 0.81739 0.03411
v -0.26080 0.81739 0.03358
v -0.26089 0.81739 0.03300
v -0.26080 0.81739 0.03242
v -0.26053 0.81739 0.03189
v -0.26011 0.81739 0.03147
v -0.25958 0.81739 0.03120
v -0.25900 0.81739 0.03111
v -0.25842 0.81739 0.03120
v -0.25789 0.81739 0.03147
v -0.25747 0.81739 0.03189
v -0.25720 0.81739 0.03242
v -0.25711 0.81739 0.03300
v -0.25900 0.81718 0.03300
v -0.25900 0.81718 0.03300
v -0.25900 0.81718 0.03300
v -0.25900 0.81718 0.03300
v -0.25900 0.81718 0.03300
v -0.25900 0.81718 0.03300
v -0.25900 0.81718 0.03300
v -0.25900 0.81718 0.03300
v -0.25900 0.81718 0.03300
v -0.25900 0.81718 0.03300
v -0.25900 0.81718 0.03300
v -0.25900 0.81718 0.03300
v -0.25900 0.81718 0.03300
v -0.25900 0.81718 0.03300
v -0.25900 0.81718 0.03300
v -0.25900 0.81718 0.03300
v -0.25900 0.81718 0.03300
v -0.25900 0.81718 0.03300
v -0.25900 0.81718 0.03300
v -0.25900 0.81718 0.03300
v -0.25900 0.81718 0.03300
v -0.25100 0.82568 0.03300
v -0.25200 0.81096 0.03500
v -0.25334 0.82492 0.02739
v -0.25405 0.81029 0.03010
v -0.25900 0.82460 0.02507
v -0.25900 0.81002 0.02806
v -0.26466 0.82492 0.02739
v -0.26395 0.81029 0.03010
v -0.26700 0.82568 0.03300
v -0.26600 0.81096 0.03500
v -0.26466 0.82644 0.03861
v -0.26395 0.81163 0.03990
v -0.25900 0.82676 0.04093
v -0.25900 0.81190 0.04194
v -0.25334 0.82644 0.03861
v -0.25405 0.81163 0.03990
v -0.25100 0.82568 0.03300
v -0.25200 0.81096 0.03500
v -0.25900 0.82568 0.03300
v -0.25900 0.81096 0.03500
v -0.25900 0.81796 0.03500
v -0.25900 0.81796 0.03500
v -0.25900 0.81796 0.03500
v -0.25900 0.81796 0.03500
v -0.25900 0.81796 0.03500
v -0.25900 0.81796 0.03500
v -0.25900 0.81796 0.03500
v -0.25900 0.81796 0.03500
v -0.25900 0.81796 0.03500
v -0.25900 0.81796 0.03500
v -0.25900 0.81796 0.03500
v -0.25900 0.81796 0.03500
v -0.25900 0.81796 0.03500
v -0.25900 0.81796 0.03500
v -0.25900 0.81796 0.03500
v -0.25900 0.81796 0.03500
v -0.25900 0.81796 0.03500
v -0.25900 0.81796 0.03500
v -0.25900 0.81796 0.03500
v -0.25900 0.81796 0.03500
v -0.25900 0.81796 0.03500
v -0.25744 0.81778 0.03500
v -0.25752 0.81778 0.03548
v -0.25774 0.81778 0.03592
v -0.25808 0.81778 0.03626
v -0.25852 0.81778 0.03648
v -0.25900 0.81778 0.03656
v -0.25948 0.81778 0.03648
v -0.25992 0.81778 0.03626
v -0.26026 0.81778 0.03592
v -0.26048 0.81778 0.03548
v -0.26056 0.81778 0.03500
v -0.26048 0.81778 0.03452
v -0.26026 0.81778 0.03408
v -0.25992 0.81778 0.03374
v -0.25948 0.81778 0.03352
v -0.25900 0.81778 0.03344
v -0.25852 0.81778 0.03352
v -0.25808 0.81778 0.03374
v -0.25774 0.81778 0.03408
v -0.25752 0.81778 0.03452
v -0.25744 0.81778 0.03500
v -0.25596 0.81727 0.03500
v -0.25611 0.81727 0.03594
v -0.25654 0.81727 0.03679
v -0.25721 0.81727 0.03746
v -0.25806 0.81727 0.03789
v -0.25900 0.81727 0.03804
v -0.25994 0.81727 0.03789
v -0.26079 0.81727 0.03746
v -0.26146 0.81727 0.03679
v -0.26189 0.81727 0.03594
v -0.26204 0.81727 0.03500
v -0.26189 0.81727 0.03406
v -0.26146 0.81727 0.03321
v -0.26079 0.81727 0.03254
v -0.25994 0.81727 0.03211
v -0.25900 0.81727 0.03196
v -0.25806 0.81727 0.03211
v -0.25721 0.81727 0.03254
v -0.25654 0.81727 0.03321
v -0.25611 0.81727 0.03406
v -0.25596 0.81727 0.03500
v -0.25464 0.81643 0.03500
v -0.25485 0.81643 0.03635
v -0.25547 0.81643 0.03757
v -0.25643 0.81643 0.03853
v -0.25765 0.81643 0.03915
v -0.25900 0.81643 0.03936
v -0.26035 0.81643 0.03915
v -0.26157 0.81643 0.03853
v -0.26253 0.81643 0.03757
v -0.26315 0.81643 0.03635
v -0.26336 0.81643 0.03500
v -0.26315 0.81643 0.03365
v -0.26253 0.81643 0.03243
v -0.26157 0.81643 0.03147
v -0.26035 0.81643 0.03085
v -0.25900 0.81643 0.03064
v -0.25765 0.81643 0.03085
v -0.25643 0.81643 0.03147
v -0.25547 0.81643 0.03243
v -0.25485 0.81643 0.03365
v -0.25464 0.81643 0.03500
v -0.25353 0.81532 0.03500
v -0.25380 0.81532 0.03669
v -0.25457 0.81532 0.03822
v -0.25578 0.81532 0.03943
v -0.25731 0.81532 0.04020
v -0.25900 0.81532 0.04047
v -0.26069 0.81532 0.04020
v -0.26222 0.81532 0.03943
v -0.26343 0.81532 0.03822
v -0.26420 0.81532 0.03669
v -0.26447 0.81532 0.03500
v -0.26420 0.81532 0.03331
v -0.26343 0.81532 0.03178
v -0.26222 0.81532 0.03057
v -0.26069 0.81532 0.02980
v -0.25900 0.81532 0.02953
v -0.25731 0.81532 0.02980
v -0.25578 0.81532 0.03057
v -0.25457 0.81532 0.03178
v -0.25380 0.81532 0.03331
v -0.25353 0.81532 0.03500
v -0.25269 0.81400 0.03500
v -0.25300 0.81400 0.03695
v -0.25390 0.81400 0.03871
v -0.25529 0.81400 0.04010
v -0.25705 0.81400 0.04100
v -0.25900 0.81400 0.04131
v -0.26095 0.81400 0.04100
v -0.26271 0.81400 0.04010
v -0.26410 0.81400 0.03871
v -0.26500 0.81400 0.03695
v -0.26531 0.81400 0.03500
v -0.26500 0.81400 0.03305
v -0.26410 0.81400 0.03129
v -0.26271 0.81400 0.02990
v -0.26095 0.81400 0.02900
v -0.25900 0.81400 0.02869
v -0.25705 0.81400 0.02900
v -0.25529 0.81400 0.02990
v -0.25390 0.81400 0.03129
v -0.25300 0.81400 0.03305
v -0.25269 0.81400 0.03500
v -0.25218 0.81252 0.03500
v -0.25251 0.81252 0.03711
v -0.25348 0.81252 0.03901
v -0.25499 0.81252 0.04052
v -0.25689 0.81252 0.04149
v -0.25900 0.81252 0.04182
v -0.26111 0.81252 0.04149
v -0.26301 0.81252 0.04052
v -0.26452 0.81252 0.03901
v -0.26549 0.81252 0.03711
v -0.26582 0.81252 0.03500
v -0.26549 0.81252 0.03289
v -0.26452 0.81252 0.03099
v -0.26301 0.81252 0.02948
v -0.26111 0.81252 0.02851
v -0.25900 0.81252 0.02818
v -0.25689 0.81252 0.02851
v -0.25499 0.81252 0.02948
v -0.25348 0.81252 0.03099
v -0.25251 0.81252 0.03289
v -0.25218 0.81252 0.03500
v -0.25200 0.81096 0.03500
v -0.25234 0.81096 0.03716
v -0.25334 0.81096 0.03911
v -0.25489 0.81096 0.04066
v -0.25684 0.81096 0.04166
v -0.25900 0.81096 0.04200
v -0.26116 0.81096 0.04166
v -0.26311 0.81096 0.04066
v -0.26466 0.81096 0.03911
v -0.26566 0.81096 0.03716
v -0.26600 0.81096 0.03500
v -0.26566 0.81096 0.03284
v -0.26466 0.81096 0.03089
v -0.26311 0.81096 0.02934
v -0.26116 0.81096 0.02834
v -0.25900 0.81096 0.02800
v -0.25684 0.81096 0.02834
v -0.25489 0.81096 0.02934
v -0.25334 0.81096 0.03089
v -0.25234 0.81096 0.03284
v -0.25200 0.81096 0.03500
v -0.25218 0.80940 0.03500
v -0.25251 0.80940 0.03711
v -0.25348 0.80940 0.03901
v -0.25499 0.80940 0.04052
v -0.25689 0.80940 0.04149
v -0.25900 0.80940 0.04182
v -0.26111 0.80940 0.04149
v -0.26301 0.80940 0.04052
v -0.26452 0.80940 0.03901
v -0.26549 0.80940 0.03711
v -0.26582 0.80940 0.03500
v -0.26549 0.80940 0.03289
v -0.26452 0.80940 0.03099
v -0.26301 0.80940 0.02948
v -0.26111 0.80940 0.02851
v -0.25900 0.80940 0.02818
v -0.25689 0.80940 0.02851
v -0.25499 0.80940 0.02948
v -0.25348 0.80940 0.03099
v -0.25251 0.80940 0.03289
v -0.25218 0.80940 0.03500
v -0.25269 0.80792 0.03500
v -0.25300 0.80792 0.03695
v -0.25390 0.80792 0.03871
v -0.25529 0.80792 0.04010
v -0.25705 0.80792 0.04100
v -0.25900 0.80792 0.04131
v -0.26095 0.80792 0.04100
v -0.26271 0.80792 0.04010
v -0.26410 0.80792 0.03871
v -0.26500 0.80792 0.03695
v -0.26531 0.80792 0.03500
v -0.26500 0.80792 0.03305
v -0.26410 0.80792 0.03129
v -0.26271 0.80792 0.02990
v -0.26095 0.80792 0.02900
v -0.25900 0.80792 0.02869
v -0.25705 0.80792 0.02900
v -0.25529 0.80792 0.02990
v -0.25390 0.80792 0.03129
v -0.25300 0.80792 0.03305
v -0.25269 0.80792 0.03500
v -0.25353 0.80660 0.03500
v -0.25380 0.80660 0.03669
v -0.25457 0.80660 0.03822
v -0.25578 0.80660 0.03943
v -0.25731 0.80660 0.04020
v -0.25900 0.80660 0.04047
v -0.26069 0.80660 0.04020
v -0.26222 0.80660 0.03943
v -0.26343 0.80660 0.03822
v -0.26420 0.80660 0.03669
v -0.26447 0.80660 0.03500
v -0.26420 0.80660 0.03331
v -0.26343 0.80660 0.03178
v -0.26222 0.80660 0.03057
v -0.26069 0.80660 0.02980
v -0.25900 0.80660 0.02953
v -0.25731 0.80660 0.02980
v -0.25578 0.80660 0.03057
v -0.25457 0.80660 0.03178
v -0.25380 0.80660 0.03331
v -0.25353 0.80660 0.03500
v -0.25464 0.80549 0.03500
v -0.25485 0.80549 0.03635
v -0.25547 0.80549 0.03757
v -0.25643 0.80549 0.03853
v -0.25765 0.80549 0.03915
v -0.25900 0.80549 0.03936
v -0.26035 0.80549 0.03915
v -0.26157 0.80549 0.03853
v -0.26253 0.80549 0.03757
v -0.26315 0.80549 0.03635
v -0.26336 0.80549 0.03500
v -0.26315 0.80549 0.03365
v -0.26253 0.80549 0.03243
v -0.26157 0.80549 0.03147
v -0.26035 0.80549 0.03085
v -0.25900 0.80549 0.03064
v -0.25765 0.80549 0.03085
v -0.25643 0.80549 0.03147
v -0.25547 0.80549 0.03243
v -0.25485 0.80549 0.03365
v -0.25464 0.80549 0.03500
v -0.25596 0.80465 0.03500
v -0.25611 0.80465 0.03594
v -0.25654 0.80465 0.03679
v -0.25721 0.80465 0.03746
v -0.25806 0.80465 0.03789
v -0.25900 0.80465 0.03804
v -0.25994 0.80465 0.03789
v -0.26079 0.80465 0.03746
v -0.26146 0.80465 0.03679
v -0.26189 0.80465 0.03594
v -0.26204 0.80465 0.03500
v -0.26189 0.80465 0.03406
v -0.26146 0.80465 0.03321
v -0.26079 0.80465 0.03254
v -0.25994 0.80465 0.03211
v -0.25900 0.80465 0.03196
v -0.25806 0.80465 0.03211
v -0.25721 0.80465 0.03254
v -0.25654 0.80465 0.03321
v -0.25611 0.80465 0.03406
v -0.25596 0.80465 0.03500
v -0.25744 0.80414 0.03500
v -0.25752 0.80414 0.03548
v -0.25774 0.80414 0.03592
v -0.25808 0.80414 0.03626
v -0.25852 0.80414 0.03648
v -0.25900 0.80414 0.03656
v -0.25948 0.80414 0.03648
v -0.25992 0.80414 0.03626
v -0.26026 0.80414 0.03592
v -0.26048 0.80414 0.03548
v -0.26056 0.80414 0.03500
v -0.26048 0.80414 0.03452
v -0.26026 0.80414 0.03408
v -0.25992 0.80414 0.03374
v -0.25948 0.80414 0.03352
v -0.25900 0.80414 0.03344
v -0.25852 0.80414 0.03352
v -0.25808 0.80414 0.03374
v -0.25774 0.80414 0.03408
v -0.25752 0.80414 0.03452
v -0.25744 0.80414 0.03500
v -0.25900 0.80396 0.03500
v -0.25900 0.80396 0.03500
v -0.25900 0.80396 0.03500
v -0.25900 0.80396 0.03500
v -0.25900 0.80396 0.03500
v -0.25900 0.80396 0.03500
v -0.25900 0.80396 0.03500
v -0.25900 0.80396 0.03500
v -0.25900 0.80396 0.03500
v -0.25900 0.80396 0.03500
v -0.25900 0.80396 0.03500
v -0.25900 0.80396 0.03500
v -0.25900 0.80396 0.03500
v -0.25900 0.80396 0.03500
v -0.25900 0.80396 0.03500
v -0.25900 0.80396 0.03500
v -0.25900 0.80396 0.03500
v -0.25900 0.80396 0.03500
v -0.25900 0.80396 0.03500
v -0.25900 0.80396 0.03500
v -0.25900 0.80396 0.03500
v -0.25250 0.81096 0.03500
v -0.25350 0.79900 0.03700
v -0.25440 0.81020 0.03047
v -0.25511 0.79836 0.03316
v -0.25900 0.80989 0.02859
v -0.25900 0.79809 0.03158
v -0.26360 0.81020 0.03047
v -0.26289 0.79836 0.03316
v -0.26550 0.81096 0.03500
v -0.26450 0.79900 0.03700
v -0.26360 0.81172 0.03953
v -0.26289 0.79964 0.04084
v -0.25900 0.81203 0.04141
v -0.25900 0.79991 0.04242
v -0.25440 0.81172 0.03953
v -0.25511 0.79964 0.04084
v -0.25250 0.81096 0.03500
v -0.25350 0.79900 0.03700
v -0.25900 0.81096 0.03500
v -0.25900 0.79900 0.03700
v -0.25900 0.80450 0.03700
v -0.25900 0.80450 0.03700
v -0.25900 0.80450 0.03700
v -0.25900 0.80450 0.03700
v -0.25900 0.80450 0.03700
v -0.25900 0.80450 0.03700
v -0.25900 0.80450 0.03700
v -0.25900 0.80450 0.03700
v -0.25900 0.80450 0.03700
v -0.25900 0.80450 0.03700
v -0.25900 0.80450 0.03700
v -0.25900 0.80450 0.03700
v -0.25900 0.80450 0.03700
v -0.25900 0.80450 0.03700
v -0.25900 0.80450 0.03700
v -0.25900 0.80450 0.03700
v -0.25900 0.80450 0.03700
v -0.25900 0.80450 0.03700
v -0.25900 0.80450 0.03700
v -0.25900 0.80450 0.03700
v -0.25900 0.80450 0.03700
v -0.25778 0.80436 0.03700
v -0.25784 0.80436 0.03738
v -0.25801 0.80436 0.03772
v -0.25828 0.80436 0.03799
v -0.25862 0.80436 0.03816
v -0.25900 0.80436 0.03822
v -0.25938 0.80436 0.03816
v -0.25972 0.80436 0.03799
v -0.25999 0.80436 0.03772
v -0.26016 0.80436 0.03738
v -0.26022 0.80436 0.03700
v -0.26016 0.80436 0.03662
v -0.25999 0.80436 0.03628
v -0.25972 0.80436 0.03601
v -0.25938 0.80436 0.03584
v -0.25900 0.80436 0.03578
v -0.25862 0.80436 0.03584
v -0.25828 0.80436 0.03601
v -0.25801 0.80436 0.03628
v -0.25784 0.80436 0.03662
v -0.25778 0.80436 0.03700
v -0.25661 0.80396 0.03700
v -0.25673 0.80396 0.03774
v -0.25707 0.80396 0.03840
v -0.25760 0.80396 0.03893
v -0.25826 0.80396 0.03927
v -0.25900 0.80396 0.03939
v -0.25974 0.80396 0.03927
v -0.26040 0.80396 0.03893
v -0.26093 0.80396 0.03840
v -0.26127 0.80396 0.03774
v -0.26139 0.80396 0.03700
v -0.26127 0.80396 0.03626
v -0.26093 0.80396 0.03560
v -0.26040 0.80396 0.03507
v -0.25974 0.80396 0.03473
v -0.25900 0.80396 0.03461
v -0.25826 0.80396 0.03473
v -0.25760 0.80396 0.03507
v -0.25707 0.80396 0.03560
v -0.25673 0.80396 0.03626
v -0.25661 0.80396 0.03700
v -0.25557 0.80330 0.03700
v -0.25574 0.80330 0.03806
v -0.25623 0.80330 0.03902
v -0.25698 0.80330 0.03977
v -0.25794 0.80330 0.04026
v -0.25900 0.80330 0.04043
v -0.26006 0.80330 0.04026
v -0.26102 0.80330 0.03977
v -0.26177 0.80330 0.03902
v -0.26226 0.80330 0.03806
v -0.26243 0.80330 0.03700
v -0.26226 0.80330 0.03594
v -0.26177 0.80330 0.03498
v -0.26102 0.80330 0.03423
v -0.26006 0.80330 0.03374
v -0.25900 0.80330 0.03357
v -0.25794 0.80330 0.03374
v -0.25698 0.80330 0.03423
v -0.25623 0.80330 0.03498
v -0.25574 0.80330 0.03594
v -0.25557 0.80330 0.03700
v -0.25470 0.80243 0.03700
v -0.25491 0.80243 0.03833
v -0.25552 0.80243 0.03953
v -0.25647 0.80243 0.04048
v -0.25767 0.80243 0.04109
v -0.25900 0.80243 0.04130
v -0.26033 0.80243 0.04109
v -0.26153 0.80243 0.04048
v -0.26248 0.80243 0.03953
v -0.26309 0.80243 0.03833
v -0.26330 0.80243 0.03700
v -0.26309 0.80243 0.03567
v -0.26248 0.80243 0.03447
v -0.26153 0.80243 0.03352
v -0.26033 0.80243 0.03291
v -0.25900 0.80243 0.03270
v -0.25767 0.80243 0.03291
v -0.25647 0.80243 0.03352
v -0.25552 0.80243 0.03447
v -0.25491 0.80243 0.03567
v -0.25470 0.80243 0.03700
v -0.25404 0.80139 0.03700
v -0.25429 0.80139 0.03853
v -0.25499 0.80139 0.03991
v -0.25609 0.80139 0.04101
v -0.25747 0.80139 0.04171
v -0.25900 0.80139 0.04196
v -0.26053 0.80139 0.04171
v -0.26191 0.80139 0.04101
v -0.26301 0.80139 0.03991
v -0.26371 0.80139 0.03853
v -0.26396 0.80139 0.03700
v -0.26371 0.80139 0.03547
v -0.26301 0.80139 0.03409
v -0.26191 0.80139 0.03299
v -0.26053 0.80139 0.03229
v -0.25900 0.80139 0.03204
v -0.25747 0.80139 0.03229
v -0.25609 0.80139 0.03299
v -0.25499 0.80139 0.03409
v -0.25429 0.80139 0.03547
v -0.25404 0.80139 0.03700
v -0.25364 0.80022 0.03700
v -0.25390 0.80022 0.03866
v -0.25466 0.80022 0.04015
v -0.25585 0.80022 0.04134
v -0.25734 0.80022 0.04210
v -0.25900 0.80022 0.04236
v -0.26066 0.80022 0.04210
v -0.26215 0.80022 0.04134
v -0.26334 0.80022 0.04015
v -0.26410 0.80022 0.03866
v -0.26436 0.80022 0.03700
v -0.26410 0.80022 0.03534
v -0.26334 0.80022 0.03385
v -0.26215 0.80022 0.03266
v -0.26066 0.80022 0.03190
v -0.25900 0.80022 0.03164
v -0.25734 0.80022 0.03190
v -0.25585 0.80022 0.03266
v -0.25466 0.80022 0.03385
v -0.25390 0.80022 0.03534
v -0.25364 0.80022 0.03700
v -0.25350 0.79900 0.03700
v -0.25377 0.79900 0.03870
v -0.25455 0.79900 0.04023
v -0.25577 0.79900 0.04145
v -0.25730 0.79900 0.04223
v -0.25900 0.79900 0.04250
v -0.26070 0.79900 0.04223
v -0.26223 0.79900 0.04145
v -0.26345 0.79900 0.04023
v -0.26423 0.79900 0.03870
v -0.26450 0.79900 0.03700
v -0.26423 0.79900 0.03530
v -0.26345 0.79900 0.03377
v -0.26223 0.79900 0.03255
v -0.26070 0.79900 0.03177
v -0.25900 0.79900 0.03150
v -0.25730 0.79900 0.03177
v -0.25577 0.79900 0.03255
v -0.25455 0.79900 0.03377
v -0.25377 0.79900 0.03530
v -0.25350 0.79900 0.03700
v -0.25364 0.79778 0.03700
v -0.25390 0.79778 0.03866
v -0.25466 0.79778 0.04015
v -0.25585 0.79778 0.04134
v -0.25734 0.79778 0.04210
v -0.25900 0.79778 0.04236
v -0.26066 0.79778 0.04210
v -0.26215 0.79778 0.04134
v -0.26334 0.79778 0.04015
v -0.26410 0.79778 0.03866
v -0.26436 0.79778 0.03700
v -0.26410 0.79778 0.03534
v -0.26334 0.79778 0.03385
v -0.26215 0.79778 0.03266
v -0.26066 0.79778 0.03190
v -0.25900 0.79778 0.03164
v -0.25734 0.79778 0.03190
v -0.25585 0.79778 0.03266
v -0.25466 0.79778 0.03385
v -0.25390 0.79778 0.03534
v -0.25364 0.79778 0.03700
v -0.25404 0.79661 0.03700
v -0.25429 0.79661 0.03853
v -0.25499 0.79661 0.03991
v -0.25609 0.79661 0.04101
v -0.25747 0.79661 0.04171
v -0.25900 0.79661 0.04196
v -0.26053 0.79661 0.04171
v -0.26191 0.79661 0.04101
v -0.26301 0.79661 0.03991
v -0.26371 0.79661 0.03853
v -0.26396 0.79661 0.03700
v -0.26371 0.79661 0.03547
v -0.26301 0.79661 0.03409
v -0.26191 0.79661 0.03299
v -0.26053 0.79661 0.03229
v -0.25900 0.79661 0.03204
v -0.25747 0.79661 0.03229
v -0.25609 0.79661 0.03299
v -0.25499 0.79661 0.03409
v -0.25429 0.79661 0.03547
v -0.25404 0.79661 0.03700
v -0.25470 0.79557 0.03700
v -0.25491 0.79557 0.03833
v -0.25552 0.79557 0.03953
v -0.25647 0.79557 0.04048
v -0.25767 0.79557 0.04109
v -0.25900 0.79557 0.04130
v -0.26033 0.79557 0.04109
v -0.26153 0.79557 0.04048
v -0.26248 0.79557 0.03953
v -0.26309 0.79557 0.03833
v -0.26330 0.79557 0.03700
v -0.26309 0.79557 0.03567
v -0.26248 0.79557 0.03447
v -0.26153 0.79557 0.03352
v -0.26033 0.79557 0.03291
v -0.25900 0.79557 0.03270
v -0.25767 0.79557 0.03291
v -0.25647 0.79557 0.03352
v -0.25552 0.79557 0.03447
v -0.25491 0.79557 0.03567
v -0.25470 0.79557 0.03700
v -0.25557 0.79470 0.03700
v -0.25574 0.79470 0.03806
v -0.25623 0.79470 0.03902
v -0.25698 0.79470 0.03977
v -0.25794 0.79470 0.04026
v -0.25900 0.79470 0.04043
v -0.26006 0.79470 0.04026
v -0.26102 0.79470 0.03977
v -0.26177 0.79470 0.03902
v -0.26226 0.79470 0.03806
v -0.26243 0.79470 0.03700
v -0.26226 0.79470 0.03594
v -0.26177 0.79470 0.03498
v -0.26102 0.79470 0.03423
v -0.26006 0.79470 0.03374
v -0.25900 0.79470 0.03357
v -0.25794 0.79470 0.03374
v -0.25698 0.79470 0.03423
v -0.25623 0.79470 0.03498
v -0.25574 0.79470 0.03594
v -0.25557 0.79470 0.03700
v -0.25661 0.79404 0.03700
v -0.25673 0.79404 0.03774
v -0.25707 0.79404 0.03840
v -0.25760 0.79404 0.03893
v -0.25826 0.79404 0.03927
v -0.25900 0.79404 0.03939
v -0.25974 0.79404 0.03927
v -0.26040 0.79404 0.03893
v -0.26093 0.79404 0.03840
v -0.26127 0.79404 0.03774
v -0.26139 0.79404 0.03700
v -0.26127 0.79404 0.03626
v -0.26093 0.79404 0.03560
v -0.26040 0.79404 0.03507
v -0.25974 0.79404 0.03473
v -0.25900 0.79404 0.03461
v -0.25826 0.79404 0.03473
v -0.25760 0.79404 0.03507
v -0.25707 0.79404 0.03560
v -0.25673 0.79404 0.03626
v -0.25661 0.79404 0.03700
v -0.25778 0.79364 0.03700
v -0.25784 0.79364 0.03738
v -0.25801 0.79364 0.03772
v -0.25828 0.79364 0.03799
v -0.25862 0.79364 0.03816
v -0.25900 0.79364 0.03822
v -0.25938 0.79364 0.03816
v -0.25972 0.79364 0.03799
v -0.25999 0.79364 0.03772
v -0.26016 0.79364 0.03738
v -0.26022 0.79364 0.03700
v -0.26016 0.79364 0.03662
v -0.25999 0.79364 0.03628
v -0.25972 0.79364 0.03601
v -0.25938 0.79364 0.03584
v -0.25900 0.79364 0.03578
v -0.25862 0.79364 0.03584
v -0.25828 0.79364 0.03601
v -0.25801 0.79364 0.03628
v -0.25784 0.79364 0.03662
v -0.25778 0.79364 0.03700
v -0.25900 0.79350 0.03700
v -0.25900 0.79350 0.03700
v -0.25900 0.79350 0.03700
v -0.25900 0.79350 0.03700
v -0.25900 0.79350 0.03700
v -0.25900 0.79350 0.03700
v -0.25900 0.79350 0.03700
v -0.25900 0.79350 0.03700
v -0.25900 0.79350 0.03700
v -0.25900 0.79350 0.03700
v -0.25900 0.79350 0.03700
v -0.25900 0.79350 0.03700
v -0.25900 0.79350 0.03700
v -0.25900 0.79350 0.03700
v -0.25900 0.79350 0.03700
v -0.25900 0.79350 0.03700
v -0.25900 0.79350 0.03700
v -0.25900 0.79350 0.03700
v -0.25900 0.79350 0.03700
v -0.25900 0.79350 0.03700
v -0.25900 0.79350 0.03700
v -0.25635 0.89930 0.02806
v -0.22962 0.86085 0.03995
v -0.25940 0.89935 0.03591
v -0.23183 0.86089 0.04566
v -0.25694 0.90272 0.04322
v -0.23005 0.86334 0.05098
v -0.25042 0.90742 0.04572
v -0.22530 0.86676 0.05280
v -0.24365 0.91070 0.04194
v -0.22038 0.86915 0.05005
v -0.24060 0.91065 0.03409
v -0.21817 0.86911 0.04434
v -0.24306 0.90728 0.02678
v -0.21995 0.86666 0.03902
v -0.24958 0.90258 0.02428
v -0.22470 0.86324 0.03720
v -0.25635 0.89930 0.02806
v -0.22962 0.86085 0.03995
v -0.25000 0.90500 0.03500
v -0.22500 0.86500 0.04500
v -0.22500 0.87300 0.04500
v -0.22500 0.87300 0.04500
v -0.22500 0.87300 0.04500
v -0.22500 0.87300 0.04500
v -0.22500 0.87300 0.04500
v -0.22500 0.87300 0.04500
v -0.22500 0.87300 0.04500
v -0.22500 0.87300 0.04500
v -0.22500 0.87300 0.04500
v -0.22500 0.87300 0.04500
v -0.22500 0.87300 0.04500
v -0.22500 0.87300 0.04500
v -0.22500 0.87300 0.04500
v -0.22500 0.87300 0.04500
v -0.22500 0.87300 0.04500
v -0.22500 0.87300 0.04500
v -0.22500 0.87300 0.04500
v -0.22500 0.87300 0.04500
v -0.22500 0.87300 0.04500
v -0.22500 0.87300 0.04500
v -0.22500 0.87300 0.04500
v -0.22322 0.87280 0.04500
v -0.22331 0.87280 0.04555
v -0.22356 0.87280 0.04605
v -0.22395 0.87280 0.04644
v -0.22445 0.87280 0.04669
v -0.22500 0.87280 0.04678
v -0.22555 0.87280 0.04669
v -0.22605 0.87280 0.04644
v -0.22644 0.87280 0.04605
v -0.22669 0.87280 0.04555
v -0.22678 0.87280 0.04500
v -0.22669 0.87280 0.04445
v -0.22644 0.87280 0.04395
v -0.22605 0.87280 0.04356
v -0.22555 0.87280 0.04331
v -0.22500 0.87280 0.04322
v -0.22445 0.87280 0.04331
v -0.22395 0.87280 0.04356
v -0.22356 0.87280 0.04395
v -0.22331 0.87280 0.04445
v -0.22322 0.87280 0.04500
v -0.22153 0.87221 0.04500
v -0.22170 0.87221 0.04607
v -0.22219 0.87221 0.04704
v -0.22296 0.87221 0.04781
v -0.22393 0.87221 0.04830
v -0.22500 0.87221 0.04847
v -0.22607 0.87221 0.04830
v -0.22704 0.87221 0.04781
v -0.22781 0.87221 0.04704
v -0.22830 0.87221 0.04607
v -0.22847 0.87221 0.04500
v -0.22830 0.87221 0.04393
v -0.22781 0.87221 0.04296
v -0.22704 0.87221 0.04219
v -0.22607 0.87221 0.04170
v -0.22500 0.87221 0.04153
v -0.22393 0.87221 0.04170
v -0.22296 0.87221 0.04219
v -0.22219 0.87221 0.04296
v -0.22170 0.87221 0.04393
v -0.22153 0.87221 0.04500
v -0.22001 0.87125 0.04500
v -0.22026 0.87125 0.04654
v -0.22096 0.87125 0.04793
v -0.22207 0.87125 0.04904
v -0.22346 0.87125 0.04974
v -0.22500 0.87125 0.04999
v -0.22654 0.87125 0.04974
v -0.22793 0.87125 0.04904
v -0.22904 0.87125 0.04793
v -0.22974 0.87125 0.04654
v -0.22999 0.87125 0.04500
v -0.22974 0.87125 0.04346
v -0.22904 0.87125 0.04207
v -0.22793 0.87125 0.04096
v -0.22654 0.87125 0.04026
v -0.22500 0.87125 0.04001
v -0.22346 0.87125 0.04026
v -0.22207 0.87125 0.04096
v -0.22096 0.87125 0.04207
v -0.22026 0.87125 0.04346
v -0.22001 0.87125 0.04500
v -0.21875 0.86999 0.04500
v -0.21905 0.86999 0.04693
v -0.21994 0.86999 0.04868
v -0.22132 0.86999 0.05006
v -0.22307 0.86999 0.05095
v -0.22500 0.86999 0.05125
v -0.22693 0.86999 0.05095
v -0.22868 0.86999 0.05006
v -0.23006 0.86999 0.04868
v -0.23095 0.86999 0.04693
v -0.23125 0.86999 0.04500
v -0.23095 0.86999 0.04307
v -0.23006 0.86999 0.04132
v -0.22868 0.86999 0.03994
v -0.22693 0.86999 0.03905
v -0.22500 0.86999 0.03875
v -0.22307 0.86999 0.03905
v -0.22132 0.86999 0.03994
v -0.21994 0.86999 0.04132
v -0.21905 0.86999 0.04307
v -0.21875 0.86999 0.04500
v -0.21779 0.86847 0.04500
v -0.21815 0.86847 0.04723
v -0.21917 0.86847 0.04924
v -0.22076 0.86847 0.05083
v -0.22277 0.86847 0.05185
v -0.22500 0.86847 0.05221
v -0.22723 0.86847 0.05185
v -0.22924 0.86847 0.05083
v -0.23083 0.86847 0.04924
v -0.23185 0.86847 0.04723
v -0.23221 0.86847 0.04500
v -0.23185 0.86847 0.04277
v -0.23083 0.86847 0.04076
v -0.22924 0.86847 0.03917
v -0.22723 0.86847 0.03815
v -0.22500 0.86847 0.03779
v -0.22277 0.86847 0.03815
v -0.22076 0.86847 0.03917
v -0.21917 0.86847 0.04076
v -0.21815 0.86847 0.04277
v -0.21779 0.86847 0.04500
v -0.21720 0.86678 0.04500
v -0.21758 0.86678 0.04741
v -0.21869 0.86678 0.04958
v -0.22042 0.86678 0.05131
v -0.22259 0.86678 0.05242
v -0.22500 0.86678 0.05280
v -0.22741 0.86678 0.05242
v -0.22958 0.86678 0.05131
v -0.23131 0.86678 0.04958
v -0.23242 0.86678 0.04741
v -0.23280 0.86678 0.04500
v -0.23242 0.86678 0.04259
v -0.23131 0.86678 0.04042
v -0.22958 0.86678 0.03869
v -0.22741 0.86678 0.03758
v -0.22500 0.86678 0.03720
v -0.22259 0.86678 0.03758
v -0.22042 0.86678 0.03869
v -0.21869 0.86678 0.04042
v -0.21758 0.86678 0.04259
v -0.21720 0.86678 0.04500
v -0.21700 0.86500 0.04500
v -0.21739 0.86500 0.04747
v -0.21853 0.86500 0.04970
v -0.22030 0.86500 0.05147
v -0.22253 0.86500 0.05261
v -0.22500 0.86500 0.05300
v -0.22747 0.86500 0.05261
v -0.22970 0.86500 0.05147
v -0.23147 0.86500 0.04970
v -0.23261 0.86500 0.04747
v -0.23300 0.86500 0.04500
v -0.23261 0.86500 0.04253
v -0.23147 0.86500 0.04030
v -0.22970 0.86500 0.03853
v -0.22747 0.86500 0.03739
v -0.22500 0.86500 0.03700
v -0.22253 0.86500 0.03739
v -0.22030 0.86500 0.03853
v -0.21853 0.86500 0.04030
v -0.21739 0.86500 0.04253
v -0.21700 0.86500 0.04500
v -0.21720 0.86322 0.04500
v -0.21758 0.86322 0.04741
v -0.21869 0.86322 0.04958
v -0.22042 0.86322 0.05131
v -0.22259 0.86322 0.05242
v -0.22500 0.86322 0.05280
v -0.22741 0.86322 0.05242
v -0.22958 0.86322 0.05131
v -0.23131 0.86322 0.04958
v -0.23242 0.86322 0.04741
v -0.23280 0.86322 0.04500
v -0.23242 0.86322 0.04259
v -0.23131 0.86322 0.04042
v -0.22958 0.86322 0.03869
v -0.22741 0.86322 0.03758
v -0.22500 0.86322 0.03720
v -0.22259 0.86322 0.03758
v -0.22042 0.86322 0.03869
v -0.21869 0.86322 0.04042
v -0.21758 0.86322 0.04259
v -0.21720 0.86322 0.04500
v -0.21779 0.86153 0.04500
v -0.21815 0.86153 0.04723
v -0.21917 0.86153 0.04924
v -0.22076 0.86153 0.05083
v -0.22277 0.86153 0.05185
v -0.22500 0.86153 0.05221
v -0.22723 0.86153 0.05185
v -0.22924 0.86153 0.05083
v -0.23083 0.86153 0.04924
v -0.23185 0.86153 0.04723
v -0.23221 0.86153 0.04500
v -0.23185 0.86153 0.04277
v -0.23083 0.86153 0.04076
v -0.22924 0.86153 0.03917
v -0.22723 0.86153 0.03815
v -0.22500 0.86153 0.03779
v -0.22277 0.86153 0.03815
v -0.22076 0.86153 0.03917
v -0.21917 0.86153 0.04076
v -0.21815 0.86153 0.04277
v -0.21779 0.86153 0.04500
v -0.21875 0.86001 0.04500
v -0.21905 0.86001 0.04693
v -0.21994 0.86001 0.04868
v -0.22132 0.86001 0.05006
v -0.22307 0.86001 0.05095
v -0.22500 0.86001 0.05125
v -0.22693 0.86001 0.05095
v -0.22868 0.86001 0.05006
v -0.23006 0.86001 0.04868
v -0.23095 0.86001 0.04693
v -0.23125 0.86001 0.04500
v -0.23095 0.86001 0.04307
v -0.23006 0.86001 0.04132
v -0.22868 0.86001 0.03994
v -0.22693 0.86001 0.03905
v -0.22500 0.86001 0.03875
v -0.22307 0.86001 0.03905
v -0.22132 0.86001 0.03994
v -0.21994 0.86001 0.04132
v -0.21905 0.86001 0.04307
v -0.21875 0.86001 0.04500
v -0.22001 0.85875 0.04500
v -0.22026 0.85875 0.04654
v -0.22096 0.85875 0.04793
v -0.22207 0.85875 0.04904
v -0.22346 0.85875 0.04974
v -0.22500 0.85875 0.04999
v -0.22654 0.85875 0.04974
v -0.22793 0.85875 0.04904
v -0.22904 0.85875 0.04793
v -0.22974 0.85875 0.04654
v -0.22999 0.85875 0.04500
v -0.22974 0.85875 0.04346
v -0.22904 0.85875 0.04207
v -0.22793 0.85875 0.04096
v -0.22654 0.85875 0.04026
v -0.22500 0.85875 0.04001
v -0.22346 0.85875 0.04026
v -0.22207 0.85875 0.04096
v -0.22096 0.85875 0.04207
v -0.22026 0.85875 0.04346
v -0.22001 0.85875 0.04500
v -0.22153 0.85779 0.04500
v -0.22170 0.85779 0.04607
v -0.22219 0.85779 0.04704
v -0.22296 0.85779 0.04781
v -0.22393 0.85779 0.04830
v -0.22500 0.85779 0.04847
v -0.22607 0.85779 0.04830
v -0.22704 0.85779 0.04781
v -0.22781 0.85779 0.04704
v -0.22830 0.85779 0.04607
v -0.22847 0.85779 0.04500
v -0.22830 0.85779 0.04393
v -0.22781 0.85779 0.04296
v -0.22704 0.85779 0.04219
v -0.22607 0.85779 0.04170
v -0.22500 0.85779 0.04153
v -0.22393 0.85779 0.04170
v -0.22296 0.85779 0.04219
v -0.22219 0.85779 0.04296
v -0.22170 0.85779 0.04393
v -0.22153 0.85779 0.04500
v -0.22322 0.85720 0.04500
v -0.22331 0.85720 0.04555
v -0.22356 0.85720 0.04605
v -0.22395 0.85720 0.04644
v -0.22445 0.85720 0.04669
v -0.22500 0.85720 0.04678
v -0.22555 0.85720 0.04669
v -0.22605 0.85720 0.04644
v -0.22644 0.85720 0.04605
v -0.22669 0.85720 0.04555
v -0.22678 0.85720 0.04500
v -0.22669 0.85720 0.04445
v -0.22644 0.85720 0.04395
v -0.22605 0.85720 0.04356
v -0.22555 0.85720 0.04331
v -0.22500 0.85720 0.04322
v -0.22445 0.85720 0.04331
v -0.22395 0.85720 0.04356
v -0.22356 0.85720 0.04395
v -0.22331 0.85720 0.04445
v -0.22322 0.85720 0.04500
v -0.22500 0.85700 0.04500
v -0.22500 0.85700 0.04500
v -0.22500 0.85700 0.04500
v -0.22500 0.85700 0.04500
v -0.22500 0.85700 0.04500
v -0.22500 0.85700 0.04500
v -0.22500 0.85700 0.04500
v -0.22500 0.85700 0.04500
v -0.22500 0.85700 0.04500
v -0.22500 0.85700 0.04500
v -0.22500 0.85700 0.04500
v -0.22500 0.85700 0.04500
v -0.22500 0.85700 0.04500
v -0.22500 0.85700 0.04500
v -0.22500 0.85700 0.04500
v -0.22500 0.85700 0.04500
v -0.22500 0.85700 0.04500
v -0.22500 0.85700 0.04500
v -0.22500 0.85700 0.04500
v -0.22500 0.85700 0.04500
v -0.22500 0.85700 0.04500
v 0.20500 1.54700 0.00000
v 0.20500 1.54700 0.00000
v 0.20500 1.54700 0.00000
v 0.20500 1.54700 0.00000
v 0.20500 1.54700 0.00000
v 0.20500 1.54700 0.00000
v 0.20500 1.54700 0.00000
v 0.20500 1.54700 0.00000
v 0.20500 1.54700 0.00000
v 0.20500 1.54700 0.00000
v 0.20500 1.54700 0.00000
v 0.20500 1.54700 0.00000
v 0.20500 1.54700 0.00000
v 0.20500 1.54700 0.00000
v 0.20500 1.54700 0.00000
v 0.20500 1.54700 0.00000
v 0.20500 1.54700 0.00000
v 0.20500 1.54700 0.00000
v 0.20500 1.54700 0.00000
v 0.20500 1.54700 0.00000
v 0.20500 1.54700 0.00000
v 0.21880 1.54545 0.00000
v 0.21812 1.54545 0.00426
v 0.21616 1.54545 0.00811
v 0.21311 1.54545 0.01116
v 0.20926 1.54545 0.01312
v 0.20500 1.54545 0.01380
v 0.20074 1.54545 0.01312
v 0.19689 1.54545 0.01116
v 0.19384 1.54545 0.00811
v 0.19188 1.54545 0.00426
v 0.19120 1.54545 0.00000
v 0.19188 1.54545 -0.00426
v 0.19384 1.54545 -0.00811
v 0.19689 1.54545 -0.01116
v 0.20074 1.54545 -0.01312
v 0.20500 1.54545 -0.01380
v 0.20926 1.54545 -0.01312
v 0.21311 1.54545 -0.01116
v 0.21616 1.54545 -0.00811
v 0.21812 1.54545 -0.00426
v 0.21880 1.54545 -0.00000
v 0.23190 1.54086 0.00000
v 0.23058 1.54086 0.00831
v 0.22676 1.54086 0.01581
v 0.22081 1.54086 0.02176
v 0.21331 1.54086 0.02558
v 0.20500 1.54086 0.02690
v 0.19669 1.54086 0.02558
v 0.18919 1.54086 0.02176
v 0.18324 1.54086 0.01581
v 0.17942 1.54086 0.00831
v 0.17810 1.54086 0.00000
v 0.17942 1.54086 -0.00831
v 0.18324 1.54086 -0.01581
v 0.18919 1.54086 -0.02176
v 0.19669 1.54086 -0.02558
v 0.20500 1.54086 -0.02690
v 0.21331 1.54086 -0.02558
v 0.22081 1.54086 -0.02176
v 0.22676 1.54086 -0.01581
v 0.23058 1.54086 -0.00831
v 0.23190 1.54086 -0.00000
v 0.24366 1.53347 0.00000
v 0.24176 1.53347 0.01195
v 0.23627 1.53347 0.02272
v 0.22772 1.53347 0.03127
v 0.21695 1.53347 0.03676
v 0.20500 1.53347 0.03866
v 0.19305 1.53347 0.03676
v 0.18228 1.53347 0.03127
v 0.17373 1.53347 0.02272
v 0.16824 1.53347 0.01195
v 0.16634 1.53347 0.00000
v 0.16824 1.53347 -0.01195
v 0.17373 1.53347 -0.02272
v 0.18228 1.53347 -0.03127
v 0.19305 1.53347 -0.03676
v 0.20500 1.53347 -0.03866
v 0.21695 1.53347 -0.03676
v 0.22772 1.53347 -0.03127
v 0.23627 1.53347 -0.02272
v 0.24176 1.53347 -0.01195
v 0.24366 1.53347 -0.00000
v 0.25347 1.52366 0.00000
v 0.25110 1.52366 0.01498
v 0.24422 1.52366 0.02849
v 0.23349 1.52366 0.03922
v 0.21998 1.52366 0.04610
v 0.20500 1.52366 0.04847
v 0.19002 1.52366 0.04610
v 0.17651 1.52366 0.03922
v 0.16578 1.52366 0.02849
v 0.15890 1.52366 0.01498
v 0.15653 1.52366 0.00000
v 0.15890 1.52366 -0.01498
v 0.16578 1.52366 -0.02849
v 0.17651 1.52366 -0.03922
v 0.19002 1.52366 -0.04610
v 0.20500 1.52366 -0.04847
v 0.21998 1.52366 -0.04610
v 0.23349 1.52366 -0.03922
v 0.24422 1.52366 -0.02849
v 0.25110 1.52366 -0.01498
v 0.25347 1.52366 -0.00000
v 0.26086 1.51190 0.00000
v 0.25813 1.51190 0.01726
v 0.25019 1.51190 0.03283
v 0.23783 1.51190 0.04519
v 0.22226 1.51190 0.05313
v 0.20500 1.51190 0.05586
v 0.18774 1.51190 0.05313
v 0.17217 1.51190 0.04519
v 0.15981 1.51190 0.03283
v 0.15187 1.51190 0.01726
v 0.14914 1.51190 0.00000
v 0.15187 1.51190 -0.01726
v 0.15981 1.51190 -0.03283
v 0.17217 1.51190 -0.04519
v 0.18774 1.51190 -0.05313
v 0.20500 1.51190 -0.05586
v 0.22226 1.51190 -0.05313
v 0.23783 1.51190 -0.04519
v 0.25019 1.51190 -0.03283
v 0.25813 1.51190 -0.01726
v 0.26086 1.51190 -0.00000
v 0.26545 1.49880 0.00000
v 0.26249 1.49880 0.01868
v 0.25390 1.49880 0.03553
v 0.24053 1.49880 0.04890
v 0.22368 1.49880 0.05749
v 0.20500 1.49880 0.06045
v 0.18632 1.49880 0.05749
v 0.16947 1.49880 0.04890
v 0.15610 1.49880 0.03553
v 0.14751 1.49880 0.01868
v 0.14455 1.49880 0.00000
v 0.14751 1.49880 -0.01868
v 0.15610 1.49880 -0.03553
v 0.16947 1.49880 -0.04890
v 0.18632 1.49880 -0.05749
v 0.20500 1.49880 -0.06045
v 0.22368 1.49880 -0.05749
v 0.24053 1.49880 -0.04890
v 0.25390 1.49880 -0.03553
v 0.26249 1.49880 -0.01868
v 0.26545 1.49880 -0.00000
v 0.26700 1.48500 0.00000
v 0.26397 1.48500 0.01916
v 0.25516 1.48500 0.03644
v 0.24144 1.48500 0.05016
v 0.22416 1.48500 0.05897
v 0.20500 1.48500 0.06200
v 0.18584 1.48500 0.05897
v 0.16856 1.48500 0.05016
v 0.15484 1.48500 0.03644
v 0.14603 1.48500 0.01916
v 0.14300 1.48500 0.00000
v 0.14603 1.48500 -0.01916
v 0.15484 1.48500 -0.03644
v 0.16856 1.48500 -0.05016
v 0.18584 1.48500 -0.05897
v 0.20500 1.48500 -0.06200
v 0.22416 1.48500 -0.05897
v 0.24144 1.48500 -0.05016
v 0.25516 1.48500 -0.03644
v 0.26397 1.48500 -0.01916
v 0.26700 1.48500 -0.00000
v 0.26545 1.47120 0.00000
v 0.26249 1.47120 0.01868
v 0.25390 1.47120 0.03553
v 0.24053 1.47120 0.04890
v 0.22368 1.47120 0.05749
v 0.20500 1.47120 0.06045
v 0.18632 1.47120 0.05749
v 0.16947 1.47120 0.04890
v 0.15610 1.47120 0.03553
v 0.14751 1.47120 0.01868
v 0.14455 1.47120 0.00000
v 0.14751 1.47120 -0.01868
v 0.15610 1.47120 -0.03553
v 0.16947 1.47120 -0.04890
v 0.18632 1.47120 -0.05749
v 0.20500 1.47120 -0.06045
v 0.22368 1.47120 -0.05749
v 0.24053 1.47120 -0.04890
v 0.25390 1.47120 -0.03553
v 0.26249 1.47120 -0.01868
v 0.26545 1.47120 -0.00000
v 0.26086 1.45810 0.00000
v 0.25813 1.45810 0.01726
v 0.25019 1.45810 0.03283
v 0.23783 1.45810 0.04519
v 0.22226 1.45810 0.05313
v 0.20500 1.45810 0.05586
v 0.18774 1.45810 0.05313
v 0.17217 1.45810 0.04519
v 0.15981 1.45810 0.03283
v 0.15187 1.45810 0.01726
v 0.14914 1.45810 0.00000
v 0.15187 1.45810 -0.01726
v 0.15981 1.45810 -0.03283
v 0.17217 1.45810 -0.04519
v 0.18774 1.45810 -0.05313
v 0.20500 1.45810 -0.05586
v 0.22226 1.45810 -0.05313
v 0.23783 1.45810 -0.04519
v 0.25019 1.45810 -0.03283
v 0.25813 1.45810 -0.01726
v 0.26086 1.45810 -0.00000
v 0.25347 1.44634 0.00000
v 0.25110 1.44634 0.01498
v 0.24422 1.44634 0.02849
v 0.23349 1.44634 0.03922
v 0.21998 1.44634 0.04610
v 0.20500 1.44634 0.04847
v 0.19002 1.44634 0.04610
v 0.17651 1.44634 0.03922
v 0.16578 1.44634 0.02849
v 0.15890 1.44634 0.01498
v 0.15653 1.44634 0.00000
v 0.15890 1.44634 -0.01498
v 0.16578 1.44634 -0.02849
v 0.17651 1.44634 -0.03922
v 0.19002 1.44634 -0.04610
v 0.20500 1.44634 -0.04847
v 0.21998 1.44634 -0.04610
v 0.23349 1.44634 -0.03922
v 0.24422 1.44634 -0.02849
v 0.25110 1.44634 -0.01498
v 0.25347 1.44634 -0.00000
v 0.24366 1.43653 0.00000
v 0.24176 1.43653 0.01195
v 0.23627 1.43653 0.02272
v 0.22772 1.43653 0.03127
v 0.21695 1.43653 0.03676
v 0.20500 1.43653 0.03866
v 0.19305 1.43653 0.03676
v 0.18228 1.43653 0.03127
v 0.17373 1.43653 0.02272
v 0.16824 1.43653 0.01195
v 0.16634 1.43653 0.00000
v 0.16824 1.43653 -0.01195
v 0.17373 1.43653 -0.02272
v 0.18228 1.43653 -0.03127
v 0.19305 1.43653 -0.03676
v 0.20500 1.43653 -0.03866
v 0.21695 1.43653 -0.03676
v 0.22772 1.43653 -0.03127
v 0.23627 1.43653 -0.02272
v 0.24176 1.43653 -0.01195
v 0.24366 1.43653 -0.00000
v 0.23190 1.42914 0.00000
v 0.23058 1.42914 0.00831
v 0.22676 1.42914 0.01581
v 0.22081 1.42914 0.02176
v 0.21331 1.42914 0.02558
v 0.20500 1.42914 0.02690
v 0.19669 1.42914 0.02558
v 0.18919 1.42914 0.02176
v 0.18324 1.42914 0.01581
v 0.17942 1.42914 0.00831
v 0.17810 1.42914 0.00000
v 0.17942 1.42914 -0.00831
v 0.18324 1.42914 -0.01581
v 0.18919 1.42914 -0.02176
v 0.19669 1.42914 -0.02558
v 0.20500 1.42914 -0.02690
v 0.21331 1.42914 -0.02558
v 0.22081 1.42914 -0.02176
v 0.22676 1.42914 -0.01581
v 0.23058 1.42914 -0.00831
v 0.23190 1.42914 -0.00000
v 0.21880 1.42455 0.00000
v 0.21812 1.42455 0.00426
v 0.21616 1.42455 0.00811
v 0.21311 1.42455 0.01116
v 0.20926 1.42455 0.01312
v 0.20500 1.42455 0.01380
v 0.20074 1.42455 0.01312
v 0.19689 1.42455 0.01116
v 0.19384 1.42455 0.00811
v 0.19188 1.42455 0.00426
v 0.19120 1.42455 0.00000
v 0.19188 1.42455 -0.00426
v 0.19384 1.42455 -0.00811
v 0.19689 1.42455 -0.01116
v 0.20074 1.42455 -0.01312
v 0.20500 1.42455 -0.01380
v 0.20926 1.42455 -0.01312
v 0.21311 1.42455 -0.01116
v 0.21616 1.42455 -0.00811
v 0.21812 1.42455 -0.00426
v 0.21880 1.42455 -0.00000
v 0.20500 1.42300 0.00000
v 0.20500 1.42300 0.00000
v 0.20500 1.42300 0.00000
v 0.20500 1.42300 0.00000
v 0.20500 1.42300 0.00000
v 0.20500 1.42300 0.00000
v 0.20500 1.42300 0.00000
v 0.20500 1.42300 0.00000
v 0.20500 1.42300 0.00000
v 0.20500 1.42300 0.00000
v 0.20500 1.42300 0.00000
v 0.20500 1.42300 -0.00000
v 0.20500 1.42300 -0.00000
v 0.20500 1.42300 -0.00000
v 0.20500 1.42300 -0.00000
v 0.20500 1.42300 -0.00000
v 0.20500 1.42300 -0.00000
v 0.20500 1.42300 -0.00000
v 0.20500 1.42300 -0.00000
v 0.20500 1.42300 -0.00000
v 0.20500 1.42300 -0.00000
v 0.16034 1.47707 -0.02104
v 0.21248 1.19834 -0.00767
v 0.15584 1.47695 -0.00427
v 0.20870 1.19824 0.00642
v 0.15727 1.47779 0.01302
v 0.20990 1.19895 0.02094
v 0.16445 1.47951 0.02874
v 0.21594 1.20039 0.03414
v 0.17653 1.48189 0.04098
v 0.22608 1.20239 0.04443
v 0.19204 1.48464 0.04829
v 0.23911 1.20470 0.05056
v 0.20911 1.48744 0.04977
v 0.25345 1.20705 0.05181
v 0.22569 1.48994 0.04525
v 0.26738 1.20915 0.04801
v 0.23977 1.49185 0.03527
v 0.27921 1.21075 0.03963
v 0.24966 1.49293 0.02104
v 0.28752 1.21166 0.02767
v 0.25416 1.49305 0.00427
v 0.29130 1.21176 0.01358
v 0.25273 1.49221 -0.01302
v 0.29010 1.21105 -0.00094
v 0.24555 1.49049 -0.02874
v 0.28406 1.20961 -0.01414
v 0.23347 1.48811 -0.04098
v 0.27392 1.20761 -0.02443
v 0.21796 1.48536 -0.04829
v 0.26089 1.20530 -0.03056
v 0.20089 1.48256 -0.04977
v 0.24655 1.20295 -0.03181
v 0.18431 1.48006 -0.04525
v 0.23262 1.20085 -0.02801
v 0.17023 1.47815 -0.03527
v 0.22079 1.19925 -0.01963
v 0.16034 1.47707 -0.02104
v 0.21248 1.19834 -0.00767
v 0.20500 1.48500 0.00000
v 0.25000 1.20500 0.01000
v 0.25000 1.25500 0.01000
v 0.25000 1.25500 0.01000
v 0.25000 1.25500 0.01000
v 0.25000 1.25500 0.01000
v 0.25000 1.25500 0.01000
v 0.25000 1.25500 0.01000
v 0.25000 1.25500 0.01000
v 0.25000 1.25500 0.01000
v 0.25000 1.25500 0.01000
v 0.25000 1.25500 0.01000
v 0.25000 1.25500 0.01000
v 0.25000 1.25500 0.01000
v 0.25000 1.25500 0.01000
v 0.25000 1.25500 0.01000
v 0.25000 1.25500 0.01000
v 0.25000 1.25500 0.01000
v 0.25000 1.25500 0.01000
v 0.25000 1.25500 0.01000
v 0.25000 1.25500 0.01000
v 0.25000 1.25500 0.01000
v 0.25000 1.25500 0.01000
v 0.26113 1.25375 0.01000
v 0.26058 1.25375 0.01344
v 0.25900 1.25375 0.01654
v 0.25654 1.25375 0.01900
v 0.25344 1.25375 0.02058
v 0.25000 1.25375 0.02113
v 0.24656 1.25375 0.02058
v 0.24346 1.25375 0.01900
v 0.24100 1.25375 0.01654
v 0.23942 1.25375 0.01344
v 0.23887 1.25375 0.01000
v 0.23942 1.25375 0.00656
v 0.24100 1.25375 0.00346
v 0.24346 1.25375 0.00100
v 0.24656 1.25375 -0.00058
v 0.25000 1.25375 -0.00113
v 0.25344 1.25375 -0.00058
v 0.25654 1.25375 0.00100
v 0.25900 1.25375 0.00346
v 0.26058 1.25375 0.00656
v 0.26113 1.25375 0.01000
v 0.27169 1.25005 0.01000
v 0.27063 1.25005 0.01670
v 0.26755 1.25005 0.02275
v 0.26275 1.25005 0.02755
v 0.25670 1.25005 0.03063
v 0.25000 1.25005 0.03169
v 0.24330 1.25005 0.03063
v 0.23725 1.25005 0.02755
v 0.23245 1.25005 0.02275
v 0.22937 1.25005 0.01670
v 0.22831 1.25005 0.01000
v 0.22937 1.25005 0.00330
v 0.23245 1.25005 -0.00275
v 0.23725 1.25005 -0.00755
v 0.24330 1.25005 -0.01063
v 0.25000 1.25005 -0.01169
v 0.25670 1.25005 -0.01063
v 0.26275 1.25005 -0.00755
v 0.26755 1.25005 -0.00275
v 0.27063 1.25005 0.00330
v 0.27169 1.25005 0.01000
v 0.28117 1.24409 0.01000
v 0.27965 1.24409 0.01963
v 0.27522 1.24409 0.02832
v 0.26832 1.24409 0.03522
v 0.25963 1.24409 0.03965
v 0.25000 1.24409 0.04117
v 0.24037 1.24409 0.03965
v 0.23168 1.24409 0.03522
v 0.22478 1.24409 0.02832
v 0.22035 1.24409 0.01963
v 0.21883 1.24409 0.01000
v 0.22035 1.24409 0.00037
v 0.22478 1.24409 -0.00832
v 0.23168 1.24409 -0.01522
v 0.24037 1.24409 -0.01965
v 0.25000 1.24409 -0.02117
v 0.25963 1.24409 -0.01965
v 0.26832 1.24409 -0.01522
v 0.27522 1.24409 -0.00832
v 0.27965 1.24409 0.00037
v 0.28117 1.24409 0.01000
v 0.28909 1.23617 0.01000
v 0.28718 1.23617 0.02208
v 0.28163 1.23617 0.03298
v 0.27298 1.23617 0.04163
v 0.26208 1.23617 0.04718
v 0.25000 1.23617 0.04909
v 0.23792 1.23617 0.04718
v 0.22702 1.23617 0.04163
v 0.21837 1.23617 0.03298
v 0.21282 1.23617 0.02208
v 0.21091 1.23617 0.01000
v 0.21282 1.23617 -0.00208
v 0.21837 1.23617 -0.01298
v 0.22702 1.23617 -0.02163
v 0.23792 1.23617 -0.02718
v 0.25000 1.23617 -0.02909
v 0.26208 1.23617 -0.02718
v 0.27298 1.23617 -0.02163
v 0.28163 1.23617 -0.01298
v 0.28718 1.23617 -0.00208
v 0.28909 1.23617 0.01000
v 0.29505 1.22669 0.01000
v 0.29284 1.22669 0.02392
v 0.28644 1.22669 0.03648
v 0.27648 1.22669 0.04644
v 0.26392 1.22669 0.05284
v 0.25000 1.22669 0.05505
v 0.23608 1.22669 0.05284
v 0.22352 1.22669 0.04644
v 0.21356 1.22669 0.03648
v 0.20716 1.22669 0.02392
v 0.20495 1.22669 0.01000
v 0.20716 1.22669 -0.00392
v 0.21356 1.22669 -0.01648
v 0.22352 1.22669 -0.02644
v 0.23608 1.22669 -0.03284
v 0.25000 1.22669 -0.03505
v 0.26392 1.22669 -0.03284
v 0.27648 1.22669 -0.02644
v 0.28644 1.22669 -0.01648
v 0.29284 1.22669 -0.00392
v 0.29505 1.22669 0.01000
v 0.29875 1.21613 0.01000
v 0.29636 1.21613 0.02506
v 0.28944 1.21613 0.03865
v 0.27865 1.21613 0.04944
v 0.26506 1.21613 0.05636
v 0.25000 1.21613 0.05875
v 0.23494 1.21613 0.05636
v 0.22135 1.21613 0.04944
v 0.21056 1.21613 0.03865
v 0.20364 1.21613 0.02506
v 0.20125 1.21613 0.01000
v 0.20364 1.21613 -0.00506
v 0.21056 1.21613 -0.01865
v 0.22135 1.21613 -0.02944
v 0.23494 1.21613 -0.03636
v 0.25000 1.21613 -0.03875
v 0.26506 1.21613 -0.03636
v 0.27865 1.21613 -0.02944
v 0.28944 1.21613 -0.01865
v 0.29636 1.21613 -0.00506
v 0.29875 1.21613 0.01000
v 0.30000 1.20500 0.01000
v 0.29755 1.20500 0.02545
v 0.29045 1.20500 0.03939
v 0.27939 1.20500 0.05045
v 0.26545 1.20500 0.05755
v 0.25000 1.20500 0.06000
v 0.23455 1.20500 0.05755
v 0.22061 1.20500 0.05045
v 0.20955 1.20500 0.03939
v 0.20245 1.20500 0.02545
v 0.20000 1.20500 0.01000
v 0.20245 1.20500 -0.00545
v 0.20955 1.20500 -0.01939
v 0.22061 1.20500 -0.03045
v 0.23455 1.20500 -0.03755
v 0.25000 1.20500 -0.04000
v 0.26545 1.20500 -0.03755
v 0.27939 1.20500 -0.03045
v 0.29045 1.20500 -0.01939
v 0.29755 1.20500 -0.00545
v 0.30000 1.20500 0.01000
v 0.29875 1.19387 0.01000
v 0.29636 1.19387 0.02506
v 0.28944 1.19387 0.03865
v 0.27865 1.19387 0.04944
v 0.26506 1.19387 0.05636
v 0.25000 1.19387 0.05875
v 0.23494 1.19387 0.05636
v 0.22135 1.19387 0.04944
v 0.21056 1.19387 0.03865
v 0.20364 1.19387 0.02506
v 0.20125 1.19387 0.01000
v 0.20364 1.19387 -0.00506
v 0.21056 1.19387 -0.01865
v 0.22135 1.19387 -0.02944
v 0.23494 1.19387 -0.03636
v 0.25000 1.19387 -0.03875
v 0.26506 1.19387 -0.03636
v 0.27865 1.19387 -0.02944
v 0.28944 1.19387 -0.01865
v 0.29636 1.19387 -0.00506
v 0.29875 1.19387 0.01000
v 0.29505 1.18331 0.01000
v 0.29284 1.18331 0.02392
v 0.28644 1.18331 0.03648
v 0.27648 1.18331 0.04644
v 0.26392 1.18331 0.05284
v 0.25000 1.18331 0.05505
v 0.23608 1.18331 0.05284
v 0.22352 1.18331 0.04644
v 0.21356 1.18331 0.03648
v 0.20716 1.18331 0.02392
v 0.20495 1.18331 0.01000
v 0.20716 1.18331 -0.00392
v 0.21356 1.18331 -0.01648
v 0.22352 1.18331 -0.02644
v 0.23608 1.18331 -0.03284
v 0.25000 1.18331 -0.03505
v 0.26392 1.18331 -0.03284
v 0.27648 1.18331 -0.02644
v 0.28644 1.18331 -0.01648
v 0.29284 1.18331 -0.00392
v 0.29505 1.18331 0.01000
v 0.28909 1.17383 0.01000
v 0.28718 1.17383 0.02208
v 0.28163 1.17383 0.03298
v 0.27298 1.17383 0.04163
v 0.26208 1.17383 0.04718
v 0.25000 1.17383 0.04909
v 0.23792 1.17383 0.04718
v 0.22702 1.17383 0.04163
v 0.21837 1.17383 0.03298
v 0.21282 1.17383 0.02208
v 0.21091 1.17383 0.01000
v 0.21282 1.17383 -0.00208
v 0.21837 1.17383 -0.01298
v 0.22702 1.17383 -0.02163
v 0.23792 1.17383 -0.02718
v 0.25000 1.17383 -0.02909
v 0.26208 1.17383 -0.02718
v 0.27298 1.17383 -0.02163
v 0.28163 1.17383 -0.01298
v 0.28718 1.17383 -0.00208
v 0.28909 1.17383 0.01000
v 0.28117 1.16591 0.01000
v 0.27965 1.16591 0.01963
v 0.27522 1.16591 0.02832
v 0.26832 1.16591 0.03522
v 0.25963 1.16591 0.03965
v 0.25000 1.16591 0.04117
v 0.24037 1.16591 0.03965
v 0.23168 1.16591 0.03522
v 0.22478 1.16591 0.02832
v 0.22035 1.16591 0.01963
v 0.21883 1.16591 0.01000
v 0.22035 1.16591 0.00037
v 0.22478 1.16591 -0.00832
v 0.23168 1.16591 -0.01522
v 0.24037 1.16591 -0.01965
v 0.25000 1.16591 -0.02117
v 0.25963 1.16591 -0.01965
v 0.26832 1.16591 -0.01522
v 0.27522 1.16591 -0.00832
v 0.27965 1.16591 0.00037
v 0.28117 1.16591 0.01000
v 0.27169 1.15995 0.01000
v 0.27063 1.15995 0.01670
v 0.26755 1.15995 0.02275
v 0.26275 1.15995 0.02755
v 0.25670 1.15995 0.03063
v 0.25000 1.15995 0.03169
v 0.24330 1.15995 0.03063
v 0.23725 1.15995 0.02755
v 0.23245 1.15995 0.02275
v 0.22937 1.15995 0.01670
v 0.22831 1.15995 0.01000
v 0.22937 1.15995 0.00330
v 0.23245 1.15995 -0.00275
v 0.23725 1.15995 -0.00755
v 0.24330 1.15995 -0.01063
v 0.25000 1.15995 -0.01169
v 0.25670 1.15995 -0.01063
v 0.26275 1.15995 -0.00755
v 0.26755 1.15995 -0.00275
v 0.27063 1.15995 0.00330
v 0.27169 1.15995 0.01000
v 0.26113 1.15625 0.01000
v 0.26058 1.15625 0.01344
v 0.25900 1.15625 0.01654
v 0.25654 1.15625 0.01900
v 0.25344 1.15625 0.02058
v 0.25000 1.15625 0.02113
v 0.24656 1.15625 0.02058
v 0.24346 1.15625 0.01900
v 0.24100 1.15625 0.01654
v 0.23942 1.15625 0.01344
v 0.23887 1.15625 0.01000
v 0.23942 1.15625 0.00656
v 0.24100 1.15625 0.00346
v 0.24346 1.15625 0.00100
v 0.24656 1.15625 -0.00058
v 0.25000 1.15625 -0.00113
v 0.25344 1.15625 -0.00058
v 0.25654 1.15625 0.00100
v 0.25900 1.15625 0.00346
v 0.26058 1.15625 0.00656
v 0.26113 1.15625 0.01000
v 0.25000 1.15500 0.01000
v 0.25000 1.15500 0.01000
v 0.25000 1.15500 0.01000
v 0.25000 1.15500 0.01000
v 0.25000 1.15500 0.01000
v 0.25000 1.15500 0.01000
v 0.25000 1.15500 0.01000
v 0.25000 1.15500 0.01000
v 0.25000 1.15500 0.01000
v 0.25000 1.15500 0.01000
v 0.25000 1.15500 0.01000
v 0.25000 1.15500 0.01000
v 0.25000 1.15500 0.01000
v 0.25000 1.15500 0.01000
v 0.25000 1.15500 0.01000
v 0.25000 1.15500 0.01000
v 0.25000 1.15500 0.01000
v 0.25000 1.15500 0.01000
v 0.25000 1.15500 0.01000
v 0.25000 1.15500 0.01000
v 0.25000 1.15500 0.01000
v 0.21666 1.20037 -0.01511
v 0.25301 0.93125 -0.00033
v 0.21008 1.20012 -0.00210
v 0.24768 0.93105 0.01021
v 0.20831 1.20046 0.01238
v 0.24625 0.93132 0.02192
v 0.21158 1.20134 0.02657
v 0.24890 0.93204 0.03341
v 0.21948 1.20267 0.03876
v 0.25529 0.93312 0.04328
v 0.23106 1.20428 0.04748
v 0.26467 0.93442 0.05034
v 0.24492 1.20598 0.05168
v 0.27589 0.93579 0.05374
v 0.25940 1.20756 0.05085
v 0.28761 0.93707 0.05307
v 0.27274 1.20883 0.04510
v 0.29841 0.93810 0.04842
v 0.28334 1.20963 0.03511
v 0.30699 0.93875 0.04033
v 0.28992 1.20988 0.02210
v 0.31232 0.93895 0.02979
v 0.29169 1.20954 0.00762
v 0.31375 0.93868 0.01808
v 0.28842 1.20866 -0.00657
v 0.31110 0.93796 0.00659
v 0.28052 1.20733 -0.01876
v 0.30471 0.93688 -0.00328
v 0.26894 1.20572 -0.02748
v 0.29533 0.93558 -0.01034
v 0.25508 1.20402 -0.03168
v 0.28411 0.93421 -0.01374
v 0.24060 1.20244 -0.03085
v 0.27239 0.93293 -0.01307
v 0.22726 1.20117 -0.02510
v 0.26159 0.93190 -0.00842
v 0.21666 1.20037 -0.01511
v 0.25301 0.93125 -0.00033
v 0.25000 1.20500 0.01000
v 0.28000 0.93500 0.02000
v 0.28000 0.97500 0.02000
v 0.28000 0.97500 0.02000
v 0.28000 0.97500 0.02000
v 0.28000 0.97500 0.02000
v 0.28000 0.97500 0.02000
v 0.28000 0.97500 0.02000
v 0.28000 0.97500 0.02000
v 0.28000 0.97500 0.02000
v 0.28000 0.97500 0.02000
v 0.28000 0.97500 0.02000
v 0.28000 0.97500 0.02000
v 0.28000 0.97500 0.02000
v 0.28000 0.97500 0.02000
v 0.28000 0.97500 0.02000
v 0.28000 0.97500 0.02000
v 0.28000 0.97500 0.02000
v 0.28000 0.97500 0.02000
v 0.28000 0.97500 0.02000
v 0.28000 0.97500 0.02000
v 0.28000 0.97500 0.02000
v 0.28000 0.97500 0.02000
v 0.28890 0.97400 0.02000
v 0.28847 0.97400 0.02275
v 0.28720 0.97400 0.02523
v 0.28523 0.97400 0.02720
v 0.28275 0.97400 0.02847
v 0.28000 0.97400 0.02890
v 0.27725 0.97400 0.02847
v 0.27477 0.97400 0.02720
v 0.27280 0.97400 0.02523
v 0.27153 0.97400 0.02275
v 0.27110 0.97400 0.02000
v 0.27153 0.97400 0.01725
v 0.27280 0.97400 0.01477
v 0.27477 0.97400 0.01280
v 0.27725 0.97400 0.01153
v 0.28000 0.97400 0.01110
v 0.28275 0.97400 0.01153
v 0.28523 0.97400 0.01280
v 0.28720 0.97400 0.01477
v 0.28847 0.97400 0.01725
v 0.28890 0.97400 0.02000
v 0.29736 0.97104 0.02000
v 0.29651 0.97104 0.02536
v 0.29404 0.97104 0.03020
v 0.29020 0.97104 0.03404
v 0.28536 0.97104 0.03651
v 0.28000 0.97104 0.03736
v 0.27464 0.97104 0.03651
v 0.26980 0.97104 0.03404
v 0.26596 0.97104 0.03020
v 0.26349 0.97104 0.02536
v 0.26264 0.97104 0.02000
v 0.26349 0.97104 0.01464
v 0.26596 0.97104 0.00980
v 0.26980 0.97104 0.00596
v 0.27464 0.97104 0.00349
v 0.28000 0.97104 0.00264
v 0.28536 0.97104 0.00349
v 0.29020 0.97104 0.00596
v 0.29404 0.97104 0.00980
v 0.29651 0.97104 0.01464
v 0.29736 0.97104 0.02000
v 0.30494 0.96627 0.02000
v 0.30372 0.96627 0.02771
v 0.30018 0.96627 0.03466
v 0.29466 0.96627 0.04018
v 0.28771 0.96627 0.04372
v 0.28000 0.96627 0.04494
v 0.27229 0.96627 0.04372
v 0.26534 0.96627 0.04018
v 0.25982 0.96627 0.03466
v 0.25628 0.96627 0.02771
v 0.25506 0.96627 0.02000
v 0.25628 0.96627 0.01229
v 0.25982 0.96627 0.00534
v 0.26534 0.96627 -0.00018
v 0.27229 0.96627 -0.00372
v 0.28000 0.96627 -0.00494
v 0.28771 0.96627 -0.00372
v 0.29466 0.96627 -0.00018
v 0.30018 0.96627 0.00534
v 0.30372 0.96627 0.01229
v 0.30494 0.96627 0.02000
v 0.31127 0.95994 0.02000
v 0.30974 0.95994 0.02966
v 0.30530 0.95994 0.03838
v 0.29838 0.95994 0.04530
v 0.28966 0.95994 0.04974
v 0.28000 0.95994 0.05127
v 0.27034 0.95994 0.04974
v 0.26162 0.95994 0.04530
v 0.25470 0.95994 0.03838
v 0.25026 0.95994 0.02966
v 0.24873 0.95994 0.02000
v 0.25026 0.95994 0.01034
v 0.25470 0.95994 0.00162
v 0.26162 0.95994 -0.00530
v 0.27034 0.95994 -0.00974
v 0.28000 0.95994 -0.01127
v 0.28966 0.95994 -0.00974
v 0.29838 0.95994 -0.00530
v 0.30530 0.95994 0.00162
v 0.30974 0.95994 0.01034
v 0.31127 0.95994 0.02000
v 0.31604 0.95236 0.02000
v 0.31427 0.95236 0.03114
v 0.30916 0.95236 0.04118
v 0.30118 0.95236 0.04916
v 0.29114 0.95236 0.05427
v 0.28000 0.95236 0.05604
v 0.26886 0.95236 0.05427
v 0.25882 0.95236 0.04916
v 0.25084 0.95236 0.04118
v 0.24573 0.95236 0.03114
v 0.24396 0.95236 0.02000
v 0.24573 0.95236 0.00886
v 0.25084 0.95236 -0.00118
v 0.25882 0.95236 -0.00916
v 0.26886 0.95236 -0.01427
v 0.28000 0.95236 -0.01604
v 0.29114 0.95236 -0.01427
v 0.30118 0.95236 -0.00916
v 0.30916 0.95236 -0.00118
v 0.31427 0.95236 0.00886
v 0.31604 0.95236 0.02000
v 0.31900 0.94390 0.02000
v 0.31709 0.94390 0.03205
v 0.31155 0.94390 0.04292
v 0.30292 0.94390 0.05155
v 0.29205 0.94390 0.05709
v 0.28000 0.94390 0.05900
v 0.26795 0.94390 0.05709
v 0.25708 0.94390 0.05155
v 0.24845 0.94390 0.04292
v 0.24291 0.94390 0.03205
v 0.24100 0.94390 0.02000
v 0.24291 0.94390 0.00795
v 0.24845 0.94390 -0.00292
v 0.25708 0.94390 -0.01155
v 0.26795 0.94390 -0.01709
v 0.28000 0.94390 -0.01900
v 0.29205 0.94390 -0.01709
v 0.30292 0.94390 -0.01155
v 0.31155 0.94390 -0.00292
v 0.31709 0.94390 0.00795
v 0.31900 0.94390 0.02000
v 0.32000 0.93500 0.02000
v 0.31804 0.93500 0.03236
v 0.31236 0.93500 0.04351
v 0.30351 0.93500 0.05236
v 0.29236 0.93500 0.05804
v 0.28000 0.93500 0.06000
v 0.26764 0.93500 0.05804
v 0.25649 0.93500 0.05236
v 0.24764 0.93500 0.04351
v 0.24196 0.93500 0.03236
v 0.24000 0.93500 0.02000
v 0.24196 0.93500 0.00764
v 0.24764 0.93500 -0.00351
v 0.25649 0.93500 -0.01236
v 0.26764 0.93500 -0.01804
v 0.28000 0.93500 -0.02000
v 0.29236 0.93500 -0.01804
v 0.30351 0.93500 -0.01236
v 0.31236 0.93500 -0.00351
v 0.31804 0.93500 0.00764
v 0.32000 0.93500 0.02000
v 0.31900 0.92610 0.02000
v 0.31709 0.92610 0.03205
v 0.31155 0.92610 0.04292
v 0.30292 0.92610 0.05155
v 0.29205 0.92610 0.05709
v 0.28000 0.92610 0.05900
v 0.26795 0.92610 0.05709
v 0.25708 0.92610 0.05155
v 0.24845 0.92610 0.04292
v 0.24291 0.92610 0.03205
v 0.24100 0.92610 0.02000
v 0.24291 0.92610 0.00795
v 0.24845 0.92610 -0.00292
v 0.25708 0.92610 -0.01155
v 0.26795 0.92610 -0.01709
v 0.28000 0.92610 -0.01900
v 0.29205 0.92610 -0.01709
v 0.30292 0.92610 -0.01155
v 0.31155 0.92610 -0.00292
v 0.31709 0.92610 0.00795
v 0.31900 0.92610 0.02000
v 0.31604 0.91764 0.02000
v 0.31427 0.91764 0.03114
v 0.30916 0.91764 0.04118
v 0.30118 0.91764 0.04916
v 0.29114 0.91764 0.05427
v 0.28000 0.91764 0.05604
v 0.26886 0.91764 0.05427
v 0.25882 0.91764 0.04916
v 0.25084 0.91764 0.04118
v 0.24573 0.91764 0.03114
v 0.24396 0.91764 0.02000
v 0.24573 0.91764 0.00886
v 0.25084 0.91764 -0.00118
v 0.25882 0.91764 -0.00916
v 0.26886 0.91764 -0.01427
v 0.28000 0.91764 -0.01604
v 0.29114 0.91764 -0.01427
v 0.30118 0.91764 -0.00916
v 0.30916 0.91764 -0.00118
v 0.31427 0.91764 0.00886
v 0.31604 0.91764 0.02000
v 0.31127 0.91006 0.02000
v 0.30974 0.91006 0.02966
v 0.30530 0.91006 0.03838
v 0.29838 0.91006 0.04530
v 0.28966 0.91006 0.04974
v 0.28000 0.91006 0.05127
v 0.27034 0.91006 0.04974
v 0.26162 0.91006 0.04530
v 0.25470 0.91006 0.03838
v 0.25026 0.91006 0.02966
v 0.24873 0.91006 0.02000
v 0.25026 0.91006 0.01034
v 0.25470 0.91006 0.00162
v 0.26162 0.91006 -0.00530
v 0.27034 0.91006 -0.00974
v 0.28000 0.91006 -0.01127
v 0.28966 0.91006 -0.00974
v 0.29838 0.91006 -0.00530
v 0.30530 0.91006 0.00162
v 0.30974 0.91006 0.01034
v 0.31127 0.91006 0.02000
v 0.30494 0.90373 0.02000
v 0.30372 0.90373 0.02771
v 0.30018 0.90373 0.03466
v 0.29466 0.90373 0.04018
v 0.28771 0.90373 0.04372
v 0.28000 0.90373 0.04494
v 0.27229 0.90373 0.04372
v 0.26534 0.90373 0.04018
v 0.25982 0.90373 0.03466
v 0.25628 0.90373 0.02771
v 0.25506 0.90373 0.02000
v 0.25628 0.90373 0.01229
v 0.25982 0.90373 0.00534
v 0.26534 0.90373 -0.00018
v 0.27229 0.90373 -0.00372
v 0.28000 0.90373 -0.00494
v 0.28771 0.90373 -0.00372
v 0.29466 0.90373 -0.00018
v 0.30018 0.90373 0.00534
v 0.30372 0.90373 0.01229
v 0.30494 0.90373 0.02000
v 0.29736 0.89896 0.02000
v 0.29651 0.89896 0.02536
v 0.29404 0.89896 0.03020
v 0.29020 0.89896 0.03404
v 0.28536 0.89896 0.03651
v 0.28000 0.89896 0.03736
v 0.27464 0.89896 0.03651
v 0.26980 0.89896 0.03404
v 0.26596 0.89896 0.03020
v 0.26349 0.89896 0.02536
v 0.26264 0.89896 0.02000
v 0.26349 0.89896 0.01464
v 0.26596 0.89896 0.00980
v 0.26980 0.89896 0.00596
v 0.27464 0.89896 0.00349
v 0.28000 0.89896 0.00264
v 0.28536 0.89896 0.00349
v 0.29020 0.89896 0.00596
v 0.29404 0.89896 0.00980
v 0.29651 0.89896 0.01464
v 0.29736 0.89896 0.02000
v 0.28890 0.89600 0.02000
v 0.28847 0.89600 0.02275
v 0.28720 0.89600 0.02523
v 0.28523 0.89600 0.02720
v 0.28275 0.89600 0.02847
v 0.28000 0.89600 0.02890
v 0.27725 0.89600 0.02847
v 0.27477 0.89600 0.02720
v 0.27280 0.89600 0.02523
v 0.27153 0.89600 0.02275
v 0.27110 0.89600 0.02000
v 0.27153 0.89600 0.01725
v 0.27280 0.89600 0.01477
v 0.27477 0.89600 0.01280
v 0.27725 0.89600 0.01153
v 0.28000 0.89600 0.01110
v 0.28275 0.89600 0.01153
v 0.28523 0.89600 0.01280
v 0.28720 0.89600 0.01477
v 0.28847 0.89600 0.01725
v 0.28890 0.89600 0.02000
v 0.28000 0.89500 0.02000
v 0.28000 0.89500 0.02000
v 0.28000 0.89500 0.02000
v 0.28000 0.89500 0.02000
v 0.28000 0.89500 0.02000
v 0.28000 0.89500 0.02000
v 0.28000 0.89500 0.02000
v 0.28000 0.89500 0.02000
v 0.28000 0.89500 0.02000
v 0.28000 0.89500 0.02000
v 0.28000 0.89500 0.02000
v 0.28000 0.89500 0.02000
v 0.28000 0.89500 0.02000
v 0.28000 0.89500 0.02000
v 0.28000 0.89500 0.02000
v 0.28000 0.89500 0.02000
v 0.28000 0.89500 0.02000
v 0.28000 0.89500 0.02000
v 0.28000 0.89500 0.02000
v 0.28000 0.89500 0.02000
v 0.28000 0.89500 0.02000
v 0.19789 1.46353 -0.03336
v 0.24289 1.22353 -0.02336
v 0.19760 1.46373 -0.02725
v 0.24260 1.22373 -0.01725
v 0.20164 1.46467 -0.02275
v 0.24664 1.22467 -0.01275
v 0.20765 1.46581 -0.02250
v 0.25265 1.22581 -0.01250
v 0.21211 1.46647 -0.02664
v 0.25711 1.22647 -0.01664
v 0.21240 1.46627 -0.03275
v 0.25740 1.22627 -0.02275
v 0.20836 1.46533 -0.03725
v 0.25336 1.22533 -0.02725
v 0.20235 1.46419 -0.03750
v 0.24735 1.22419 -0.02750
v 0.19789 1.46353 -0.03336
v 0.24289 1.22353 -0.02336
v 0.20500 1.46500 -0.03000
v 0.25000 1.22500 -0.02000
v 0.25100 0.84750 0.01100
v 0.30900 0.84750 0.01100
v 0.30900 0.92250 0.01100
v 0.25100 0.92250 0.01100
v 0.25100 0.84750 0.03900
v 0.30900 0.84750 0.03900
v 0.30900 0.92250 0.03900
v 0.25100 0.92250 0.03900
v 0.26850 0.84500 0.03100
v 0.26750 0.82316 0.03300
v 0.26572 0.84439 0.02431
v 0.26501 0.82261 0.02701
v 0.25900 0.84413 0.02154
v 0.25900 0.82238 0.02454
v 0.25228 0.84439 0.02431
v 0.25299 0.82261 0.02701
v 0.24950 0.84500 0.03100
v 0.25050 0.82316 0.03300
v 0.25228 0.84561 0.03769
v 0.25299 0.82371 0.03899
v 0.25900 0.84587 0.04046
v 0.25900 0.82394 0.04146
v 0.26572 0.84561 0.03769
v 0.26501 0.82371 0.03899
v 0.26850 0.84500 0.03100
v 0.26750 0.82316 0.03300
v 0.25900 0.84500 0.03100
v 0.25900 0.82316 0.03300
v 0.25900 0.83166 0.03300
v 0.25900 0.83166 0.03300
v 0.25900 0.83166 0.03300
v 0.25900 0.83166 0.03300
v 0.25900 0.83166 0.03300
v 0.25900 0.83166 0.03300
v 0.25900 0.83166 0.03300
v 0.25900 0.83166 0.03300
v 0.25900 0.83166 0.03300
v 0.25900 0.83166 0.03300
v 0.25900 0.83166 0.03300
v 0.25900 0.83166 0.03300
v 0.25900 0.83166 0.03300
v 0.25900 0.83166 0.03300
v 0.25900 0.83166 0.03300
v 0.25900 0.83166 0.03300
v 0.25900 0.83166 0.03300
v 0.25900 0.83166 0.03300
v 0.25900 0.83166 0.03300
v 0.25900 0.83166 0.03300
v 0.25900 0.83166 0.03300
v 0.26089 0.83145 0.03300
v 0.26080 0.83145 0.03358
v 0.26053 0.83145 0.03411
v 0.26011 0.83145 0.03453
v 0.25958 0.83145 0.03480
v 0.25900 0.83145 0.03489
v 0.25842 0.83145 0.03480
v 0.25789 0.83145 0.03453
v 0.25747 0.83145 0.03411
v 0.25720 0.83145 0.03358
v 0.25711 0.83145 0.03300
v 0.25720 0.83145 0.03242
v 0.25747 0.83145 0.03189
v 0.25789 0.83145 0.03147
v 0.25842 0.83145 0.03120
v 0.25900 0.83145 0.03111
v 0.25958 0.83145 0.03120
v 0.26011 0.83145 0.03147
v 0.26053 0.83145 0.03189
v 0.26080 0.83145 0.03242
v 0.26089 0.83145 0.03300
v 0.26269 0.83082 0.03300
v 0.26251 0.83082 0.03414
v 0.26198 0.83082 0.03517
v 0.26117 0.83082 0.03598
v 0.26014 0.83082 0.03651
v 0.25900 0.83082 0.03669
v 0.25786 0.83082 0.03651
v 0.25683 0.83082 0.03598
v 0.25602 0.83082 0.03517
v 0.25549 0.83082 0.03414
v 0.25531 0.83082 0.03300
v 0.25549 0.83082 0.03186
v 0.25602 0.83082 0.03083
v 0.25683 0.83082 0.03002
v 0.25786 0.83082 0.02949
v 0.25900 0.83082 0.02931
v 0.26014 0.83082 0.02949
v 0.26117 0.83082 0.03002
v 0.26198 0.83082 0.03083
v 0.26251 0.83082 0.03186
v 0.26269 0.83082 0.03300
v 0.26430 0.82981 0.03300
v 0.26404 0.82981 0.03464
v 0.26329 0.82981 0.03612
v 0.26212 0.82981 0.03729
v 0.26064 0.82981 0.03804
v 0.25900 0.82981 0.03830
v 0.25736 0.82981 0.03804
v 0.25588 0.82981 0.03729
v 0.25471 0.82981 0.03612
v 0.25396 0.82981 0.03464
v 0.25370 0.82981 0.03300
v 0.25396 0.82981 0.03136
v 0.25471 0.82981 0.02988
v 0.25588 0.82981 0.02871
v 0.25736 0.82981 0.02796
v 0.25900 0.82981 0.02770
v 0.26064 0.82981 0.02796
v 0.26212 0.82981 0.02871
v 0.26329 0.82981 0.02988
v 0.26404 0.82981 0.03136
v 0.26430 0.82981 0.03300
v 0.26565 0.82846 0.03300
v 0.26532 0.82846 0.03505
v 0.26438 0.82846 0.03691
v 0.26291 0.82846 0.03838
v 0.26105 0.82846 0.03932
v 0.25900 0.82846 0.03965
v 0.25695 0.82846 0.03932
v 0.25509 0.82846 0.03838
v 0.25362 0.82846 0.03691
v 0.25268 0.82846 0.03505
v 0.25235 0.82846 0.03300
v 0.25268 0.82846 0.03095
v 0.25362 0.82846 0.02909
v 0.25509 0.82846 0.02762
v 0.25695 0.82846 0.02668
v 0.25900 0.82846 0.02635
v 0.26105 0.82846 0.02668
v 0.26291 0.82846 0.02762
v 0.26438 0.82846 0.02909
v 0.26532 0.82846 0.03095
v 0.26565 0.82846 0.03300
v 0.26666 0.82685 0.03300
v 0.26628 0.82685 0.03537
v 0.26520 0.82685 0.03750
v 0.26350 0.82685 0.03920
v 0.26137 0.82685 0.04028
v 0.25900 0.82685 0.04066
v 0.25663 0.82685 0.04028
v 0.25450 0.82685 0.03920
v 0.25280 0.82685 0.03750
v 0.25172 0.82685 0.03537
v 0.25134 0.82685 0.03300
v 0.25172 0.82685 0.03063
v 0.25280 0.82685 0.02850
v 0.25450 0.82685 0.02680
v 0.25663 0.82685 0.02572
v 0.25900 0.82685 0.02534
v 0.26137 0.82685 0.02572
v 0.26350 0.82685 0.02680
v 0.26520 0.82685 0.02850
v 0.26628 0.82685 0.03063
v 0.26666 0.82685 0.03300
v 0.26729 0.82505 0.03300
v 0.26688 0.82505 0.03556
v 0.26570 0.82505 0.03787
v 0.26387 0.82505 0.03970
v 0.26156 0.82505 0.04088
v 0.25900 0.82505 0.04129
v 0.25644 0.82505 0.04088
v 0.25413 0.82505 0.03970
v 0.25230 0.82505 0.03787
v 0.25112 0.82505 0.03556
v 0.25071 0.82505 0.03300
v 0.25112 0.82505 0.03044
v 0.25230 0.82505 0.02813
v 0.25413 0.82505 0.02630
v 0.25644 0.82505 0.02512
v 0.25900 0.82505 0.02471
v 0.26156 0.82505 0.02512
v 0.26387 0.82505 0.02630
v 0.26570 0.82505 0.02813
v 0.26688 0.82505 0.03044
v 0.26729 0.82505 0.03300
v 0.26750 0.82316 0.03300
v 0.26708 0.82316 0.03563
v 0.26588 0.82316 0.03800
v 0.26400 0.82316 0.03988
v 0.26163 0.82316 0.04108
v 0.25900 0.82316 0.04150
v 0.25637 0.82316 0.04108
v 0.25400 0.82316 0.03988
v 0.25212 0.82316 0.03800
v 0.25092 0.82316 0.03563
v 0.25050 0.82316 0.03300
v 0.25092 0.82316 0.03037
v 0.25212 0.82316 0.02800
v 0.25400 0.82316 0.02612
v 0.25637 0.82316 0.02492
v 0.25900 0.82316 0.02450
v 0.26163 0.82316 0.02492
v 0.26400 0.82316 0.02612
v 0.26588 0.82316 0.02800
v 0.26708 0.82316 0.03037
v 0.26750 0.82316 0.03300
v 0.26729 0.82127 0.03300
v 0.26688 0.82127 0.03556
v 0.26570 0.82127 0.03787
v 0.26387 0.82127 0.03970
v 0.26156 0.82127 0.04088
v 0.25900 0.82127 0.04129
v 0.25644 0.82127 0.04088
v 0.25413 0.82127 0.03970
v 0.25230 0.82127 0.03787
v 0.25112 0.82127 0.03556
v 0.25071 0.82127 0.03300
v 0.25112 0.82127 0.03044
v 0.25230 0.82127 0.02813
v 0.25413 0.82127 0.02630
v 0.25644 0.82127 0.02512
v 0.25900 0.82127 0.02471
v 0.26156 0.82127 0.02512
v 0.26387 0.82127 0.02630
v 0.26570 0.82127 0.02813
v 0.26688 0.82127 0.03044
v 0.26729 0.82127 0.03300
v 0.26666 0.81947 0.03300
v 0.26628 0.81947 0.03537
v 0.26520 0.81947 0.03750
v 0.26350 0.81947 0.03920
v 0.26137 0.81947 0.04028
v 0.25900 0.81947 0.04066
v 0.25663 0.81947 0.04028
v 0.25450 0.81947 0.03920
v 0.25280 0.81947 0.03750
v 0.25172 0.81947 0.03537
v 0.25134 0.81947 0.03300
v 0.25172 0.81947 0.03063
v 0.25280 0.81947 0.02850
v 0.25450 0.81947 0.02680
v 0.25663 0.81947 0.02572
v 0.25900 0.81947 0.02534
v 0.26137 0.81947 0.02572
v 0.26350 0.81947 0.02680
v 0.26520 0.81947 0.02850
v 0.26628 0.81947 0.03063
v 0.26666 0.81947 0.03300
v 0.26565 0.81786 0.03300
v 0.26532 0.81786 0.03505
v 0.26438 0.81786 0.03691
v 0.26291 0.81786 0.03838
v 0.26105 0.81786 0.03932
v 0.25900 0.81786 0.03965
v 0.25695 0.81786 0.03932
v 0.25509 0.81786 0.03838
v 0.25362 0.81786 0.03691
v 0.25268 0.81786 0.03505
v 0.25235 0.81786 0.03300
v 0.25268 0.81786 0.03095
v 0.25362 0.81786 0.02909
v 0.25509 0.81786 0.02762
v 0.25695 0.81786 0.02668
v 0.25900 0.81786 0.02635
v 0.26105 0.81786 0.02668
v 0.26291 0.81786 0.02762
v 0.26438 0.81786 0.02909
v 0.26532 0.81786 0.03095
v 0.26565 0.81786 0.03300
v 0.26430 0.81651 0.03300
v 0.26404 0.81651 0.03464
v 0.26329 0.81651 0.03612
v 0.26212 0.81651 0.03729
v 0.26064 0.81651 0.03804
v 0.25900 0.81651 0.03830
v 0.25736 0.81651 0.03804
v 0.25588 0.81651 0.03729
v 0.25471 0.81651 0.03612
v 0.25396 0.81651 0.03464
v 0.25370 0.81651 0.03300
v 0.25396 0.81651 0.03136
v 0.25471 0.81651 0.02988
v 0.25588 0.81651 0.02871
v 0.25736 0.81651 0.02796
v 0.25900 0.81651 0.02770
v 0.26064 0.81651 0.02796
v 0.26212 0.81651 0.02871
v 0.26329 0.81651 0.02988
v 0.26404 0.81651 0.03136
v 0.26430 0.81651 0.03300
v 0.26269 0.81550 0.03300
v 0.26251 0.81550 0.03414
v 0.26198 0.81550 0.03517
v 0.26117 0.81550 0.03598
v 0.26014 0.81550 0.03651
v 0.25900 0.81550 0.03669
v 0.25786 0.81550 0.03651
v 0.25683 0.81550 0.03598
v 0.25602 0.81550 0.03517
v 0.25549 0.81550 0.03414
v 0.25531 0.81550 0.03300
v 0.25549 0.81550 0.03186
v 0.25602 0.81550 0.03083
v 0.25683 0.81550 0.03002
v 0.25786 0.81550 0.02949
v 0.25900 0.81550 0.02931
v 0.26014 0.81550 0.02949
v 0.26117 0.81550 0.03002
v 0.26198 0.81550 0.03083
v 0.26251 0.81550 0.03186
v 0.26269 0.81550 0.03300
v 0.26089 0.81487 0.03300
v 0.26080 0.81487 0.03358
v 0.26053 0.81487 0.03411
v 0.26011 0.81487 0.03453
v 0.25958 0.81487 0.03480
v 0.25900 0.81487 0.03489
v 0.25842 0.81487 0.03480
v 0.25789 0.81487 0.03453
v 0.25747 0.81487 0.03411
v 0.25720 0.81487 0.03358
v 0.25711 0.81487 0.03300
v 0.25720 0.81487 0.03242
v 0.25747 0.81487 0.03189
v 0.25789 0.81487 0.03147
v 0.25842 0.81487 0.03120
v 0.25900 0.81487 0.03111
v 0.25958 0.81487 0.03120
v 0.26011 0.81487 0.03147
v 0.26053 0.81487 0.03189
v 0.26080 0.81487 0.03242
v 0.26089 0.81487 0.03300
v 0.25900 0.81466 0.03300
v 0.25900 0.81466 0.03300
v 0.25900 0.81466 0.03300
v 0.25900 0.81466 0.03300
v 0.25900 0.81466 0.03300
v 0.25900 0.81466 0.03300
v 0.25900 0.81466 0.03300
v 0.25900 0.81466 0.03300
v 0.25900 0.81466 0.03300
v 0.25900 0.81466 0.03300
v 0.25900 0.81466 0.03300
v 0.25900 0.81466 0.03300
v 0.25900 0.81466 0.03300
v 0.25900 0.81466 0.03300
v 0.25900 0.81466 0.03300
v 0.25900 0.81466 0.03300
v 0.25900 0.81466 0.03300
v 0.25900 0.81466 0.03300
v 0.25900 0.81466 0.03300
v 0.25900 0.81466 0.03300
v 0.25900 0.81466 0.03300
v 0.26700 0.82316 0.03300
v 0.26600 0.80652 0.03500
v 0.26466 0.82248 0.02738
v 0.26395 0.80593 0.03009
v 0.25900 0.82221 0.02506
v 0.25900 0.80568 0.02805
v 0.25334 0.82248 0.02738
v 0.25405 0.80593 0.03009
v 0.25100 0.82316 0.03300
v 0.25200 0.80652 0.03500
v 0.25334 0.82384 0.03862
v 0.25405 0.80711 0.03991
v 0.25900 0.82411 0.04094
v 0.25900 0.80736 0.04195
v 0.26466 0.82384 0.03862
v 0.26395 0.80711 0.03991
v 0.26700 0.82316 0.03300
v 0.26600 0.80652 0.03500
v 0.25900 0.82316 0.03300
v 0.25900 0.80652 0.03500
v 0.25900 0.81352 0.03500
v 0.25900 0.81352 0.03500
v 0.25900 0.81352 0.03500
v 0.25900 0.81352 0.03500
v 0.25900 0.81352 0.03500
v 0.25900 0.81352 0.03500
v 0.25900 0.81352 0.03500
v 0.25900 0.81352 0.03500
v 0.25900 0.81352 0.03500
v 0.25900 0.81352 0.03500
v 0.25900 0.81352 0.03500
v 0.25900 0.81352 0.03500
v 0.25900 0.81352 0.03500
v 0.25900 0.81352 0.03500
v 0.25900 0.81352 0.03500
v 0.25900 0.81352 0.03500
v 0.25900 0.81352 0.03500
v 0.25900 0.81352 0.03500
v 0.25900 0.81352 0.03500
v 0.25900 0.81352 0.03500
v 0.25900 0.81352 0.03500
v 0.26056 0.81334 0.03500
v 0.26048 0.81334 0.03548
v 0.26026 0.81334 0.03592
v 0.25992 0.81334 0.03626
v 0.25948 0.81334 0.03648
v 0.25900 0.81334 0.03656
v 0.25852 0.81334 0.03648
v 0.25808 0.81334 0.03626
v 0.25774 0.81334 0.03592
v 0.25752 0.81334 0.03548
v 0.25744 0.81334 0.03500
v 0.25752 0.81334 0.03452
v 0.25774 0.81334 0.03408
v 0.25808 0.81334 0.03374
v 0.25852 0.81334 0.03352
v 0.25900 0.81334 0.03344
v 0.25948 0.81334 0.03352
v 0.25992 0.81334 0.03374
v 0.26026 0.81334 0.03408
v 0.26048 0.81334 0.03452
v 0.26056 0.81334 0.03500
v 0.26204 0.81283 0.03500
v 0.26189 0.81283 0.03594
v 0.26146 0.81283 0.03679
v 0.26079 0.81283 0.03746
v 0.25994 0.81283 0.03789
v 0.25900 0.81283 0.03804
v 0.25806 0.81283 0.03789
v 0.25721 0.81283 0.03746
v 0.25654 0.81283 0.03679
v 0.25611 0.81283 0.03594
v 0.25596 0.81283 0.03500
v 0.25611 0.81283 0.03406
v 0.25654 0.81283 0.03321
v 0.25721 0.81283 0.03254
v 0.25806 0.81283 0.03211
v 0.25900 0.81283 0.03196
v 0.25994 0.81283 0.03211
v 0.26079 0.81283 0.03254
v 0.26146 0.81283 0.03321
v 0.26189 0.81283 0.03406
v 0.26204 0.81283 0.03500
v 0.26336 0.81199 0.03500
v 0.26315 0.81199 0.03635
v 0.26253 0.81199 0.03757
v 0.26157 0.81199 0.03853
v 0.26035 0.81199 0.03915
v 0.25900 0.81199 0.03936
v 0.25765 0.81199 0.03915
v 0.25643 0.81199 0.03853
v 0.25547 0.81199 0.03757
v 0.25485 0.81199 0.03635
v 0.25464 0.81199 0.03500
v 0.25485 0.81199 0.03365
v 0.25547 0.81199 0.03243
v 0.25643 0.81199 0.03147
v 0.25765 0.81199 0.03085
v 0.25900 0.81199 0.03064
v 0.26035 0.81199 0.03085
v 0.26157 0.81199 0.03147
v 0.26253 0.81199 0.03243
v 0.26315 0.81199 0.03365
v 0.26336 0.81199 0.03500
v 0.26447 0.81088 0.03500
v 0.26420 0.81088 0.03669
v 0.26343 0.81088 0.03822
v 0.26222 0.81088 0.03943
v 0.26069 0.81088 0.04020
v 0.25900 0.81088 0.04047
v 0.25731 0.81088 0.04020
v 0.25578 0.81088 0.03943
v 0.25457 0.81088 0.03822
v 0.25380 0.81088 0.03669
v 0.25353 0.81088 0.03500
v 0.25380 0.81088 0.03331
v 0.25457 0.81088 0.03178
v 0.25578 0.81088 0.03057
v 0.25731 0.81088 0.02980
v 0.25900 0.81088 0.02953
v 0.26069 0.81088 0.02980
v 0.26222 0.81088 0.03057
v 0.26343 0.81088 0.03178
v 0.26420 0.81088 0.03331
v 0.26447 0.81088 0.03500
v 0.26531 0.80956 0.03500
v 0.26500 0.80956 0.03695
v 0.26410 0.80956 0.03871
v 0.26271 0.80956 0.04010
v 0.26095 0.80956 0.04100
v 0.25900 0.80956 0.04131
v 0.25705 0.80956 0.04100
v 0.25529 0.80956 0.04010
v 0.25390 0.80956 0.03871
v 0.25300 0.80956 0.03695
v 0.25269 0.80956 0.03500
v 0.25300 0.80956 0.03305
v 0.25390 0.80956 0.03129
v 0.25529 0.80956 0.02990
v 0.25705 0.80956 0.02900
v 0.25900 0.80956 0.02869
v 0.26095 0.80956 0.02900
v 0.26271 0.80956 0.02990
v 0.26410 0.80956 0.03129
v 0.26500 0.80956 0.03305
v 0.26531 0.80956 0.03500
v 0.26582 0.80808 0.03500
v 0.26549 0.80808 0.03711
v 0.26452 0.80808 0.03901
v 0.26301 0.80808 0.04052
v 0.26111 0.80808 0.04149
v 0.25900 0.80808 0.04182
v 0.25689 0.80808 0.04149
v 0.25499 0.80808 0.04052
v 0.25348 0.80808 0.03901
v 0.25251 0.80808 0.03711
v 0.25218 0.80808 0.03500
v 0.25251 0.80808 0.03289
v 0.25348 0.80808 0.03099
v 0.25499 0.80808 0.02948
v 0.25689 0.80808 0.02851
v 0.25900 0.80808 0.02818
v 0.26111 0.80808 0.02851
v 0.26301 0.80808 0.02948
v 0.26452 0.80808 0.03099
v 0.26549 0.80808 0.03289
v 0.26582 0.80808 0.03500
v 0.26600 0.80652 0.03500
v 0.26566 0.80652 0.03716
v 0.26466 0.80652 0.03911
v 0.26311 0.80652 0.04066
v 0.26116 0.80652 0.04166
v 0.25900 0.80652 0.04200
v 0.25684 0.80652 0.04166
v 0.25489 0.80652 0.04066
v 0.25334 0.80652 0.03911
v 0.25234 0.80652 0.03716
v 0.25200 0.80652 0.03500
v 0.25234 0.80652 0.03284
v 0.25334 0.80652 0.03089
v 0.25489 0.80652 0.02934
v 0.25684 0.80652 0.02834
v 0.25900 0.80652 0.02800
v 0.26116 0.80652 0.02834
v 0.26311 0.80652 0.02934
v 0.26466 0.80652 0.03089
v 0.26566 0.80652 0.03284
v 0.26600 0.80652 0.03500
v 0.26582 0.80496 0.03500
v 0.26549 0.80496 0.03711
v 0.26452 0.80496 0.03901
v 0.26301 0.80496 0.04052
v 0.26111 0.80496 0.04149
v 0.25900 0.80496 0.04182
v 0.25689 0.80496 0.04149
v 0.25499 0.80496 0.04052
v 0.25348 0.80496 0.03901
v 0.25251 0.80496 0.03711
v 0.25218 0.80496 0.03500
v 0.25251 0.80496 0.03289
v 0.25348 0.80496 0.03099
v 0.25499 0.80496 0.02948
v 0.25689 0.80496 0.02851
v 0.25900 0.80496 0.02818
v 0.26111 0.80496 0.02851
v 0.26301 0.80496 0.02948
v 0.26452 0.80496 0.03099
v 0.26549 0.80496 0.03289
v 0.26582 0.80496 0.03500
v 0.26531 0.80348 0.03500
v 0.26500 0.80348 0.03695
v 0.26410 0.80348 0.03871
v 0.26271 0.80348 0.04010
v 0.26095 0.80348 0.04100
v 0.25900 0.80348 0.04131
v 0.25705 0.80348 0.04100
v 0.25529 0.80348 0.04010
v 0.25390 0.80348 0.03871
v 0.25300 0.80348 0.03695
v 0.25269 0.80348 0.03500
v 0.25300 0.80348 0.03305
v 0.25390 0.80348 0.03129
v 0.25529 0.80348 0.02990
v 0.25705 0.80348 0.02900
v 0.25900 0.80348 0.02869
v 0.26095 0.80348 0.02900
v 0.26271 0.80348 0.02990
v 0.26410 0.80348 0.03129
v 0.26500 0.80348 0.03305
v 0.26531 0.80348 0.03500
v 0.26447 0.80216 0.03500
v 0.26420 0.80216 0.03669
v 0.26343 0.80216 0.03822
v 0.26222 0.80216 0.03943
v 0.26069 0.80216 0.04020
v 0.25900 0.80216 0.04047
v 0.25731 0.80216 0.04020
v 0.25578 0.80216 0.03943
v 0.25457 0.80216 0.03822
v 0.25380 0.80216 0.03669
v 0.25353 0.80216 0.03500
v 0.25380 0.80216 0.03331
v 0.25457 0.80216 0.03178
v 0.25578 0.80216 0.03057
v 0.25731 0.80216 0.02980
v 0.25900 0.80216 0.02953
v 0.26069 0.80216 0.02980
v 0.26222 0.80216 0.03057
v 0.26343 0.80216 0.03178
v 0.26420 0.80216 0.03331
v 0.26447 0.80216 0.03500
v 0.26336 0.80105 0.03500
v 0.26315 0.80105 0.03635
v 0.26253 0.80105 0.03757
v 0.26157 0.80105 0.03853
v 0.26035 0.80105 0.03915
v 0.25900 0.80105 0.03936
v 0.25765 0.80105 0.03915
v 0.25643 0.80105 0.03853
v 0.25547 0.80105 0.03757
v 0.25485 0.80105 0.03635
v 0.25464 0.80105 0.03500
v 0.25485 0.80105 0.03365
v 0.25547 0.80105 0.03243
v 0.25643 0.80105 0.03147
v 0.25765 0.80105 0.03085
v 0.25900 0.80105 0.03064
v 0.26035 0.80105 0.03085
v 0.26157 0.80105 0.03147
v 0.26253 0.80105 0.03243
v 0.26315 0.80105 0.03365
v 0.26336 0.80105 0.03500
v 0.26204 0.80021 0.03500
v 0.26189 0.80021 0.03594
v 0.26146 0.80021 0.03679
v 0.26079 0.80021 0.03746
v 0.25994 0.80021 0.03789
v 0.25900 0.80021 0.03804
v 0.25806 0.80021 0.03789
v 0.25721 0.80021 0.03746
v 0.25654 0.80021 0.03679
v 0.25611 0.80021 0.03594
v 0.25596 0.80021 0.03500
v 0.25611 0.80021 0.03406
v 0.25654 0.80021 0.03321
v 0.25721 0.80021 0.03254
v 0.25806 0.80021 0.03211
v 0.25900 0.80021 0.03196
v 0.25994 0.80021 0.03211
v 0.26079 0.80021 0.03254
v 0.26146 0.80021 0.03321
v 0.26189 0.80021 0.03406
v 0.26204 0.80021 0.03500
v 0.26056 0.79970 0.03500
v 0.26048 0.79970 0.03548
v 0.26026 0.79970 0.03592
v 0.25992 0.79970 0.03626
v 0.25948 0.79970 0.03648
v 0.25900 0.79970 0.03656
v 0.25852 0.79970 0.03648
v 0.25808 0.79970 0.03626
v 0.25774 0.79970 0.03592
v 0.25752 0.79970 0.03548
v 0.25744 0.79970 0.03500
v 0.25752 0.79970 0.03452
v 0.25774 0.79970 0.03408
v 0.25808 0.79970 0.03374
v 0.25852 0.79970 0.03352
v 0.25900 0.79970 0.03344
v 0.25948 0.79970 0.03352
v 0.25992 0.79970 0.03374
v 0.26026 0.79970 0.03408
v 0.26048 0.79970 0.03452
v 0.26056 0.79970 0.03500
v 0.25900 0.79952 0.03500
v 0.25900 0.79952 0.03500
v 0.25900 0.79952 0.03500
v 0.25900 0.79952 0.03500
v 0.25900 0.79952 0.03500
v 0.25900 0.79952 0.03500
v 0.25900 0.79952 0.03500
v 0.25900 0.79952 0.03500
v 0.25900 0.79952 0.03500
v 0.25900 0.79952 0.03500
v 0.25900 0.79952 0.03500
v 0.25900 0.79952 0.03500
v 0.25900 0.79952 0.03500
v 0.25900 0.79952 0.03500
v 0.25900 0.79952 0.03500
v 0.25900 0.79952 0.03500
v 0.25900 0.79952 0.03500
v 0.25900 0.79952 0.03500
v 0.25900 0.79952 0.03500
v 0.25900 0.79952 0.03500
v 0.25900 0.79952 0.03500
v 0.26550 0.80652 0.03500
v 0.26450 0.79300 0.03700
v 0.26360 0.80585 0.03045
v 0.26289 0.79243 0.03315
v 0.25900 0.80557 0.02857
v 0.25900 0.79220 0.03156
v 0.25440 0.80585 0.03045
v 0.25511 0.79243 0.03315
v 0.25250 0.80652 0.03500
v 0.25350 0.79300 0.03700
v 0.25440 0.80719 0.03955
v 0.25511 0.79357 0.04085
v 0.25900 0.80747 0.04143
v 0.25900 0.79380 0.04244
v 0.26360 0.80719 0.03955
v 0.26289 0.79357 0.04085
v 0.26550 0.80652 0.03500
v 0.26450 0.79300 0.03700
v 0.25900 0.80652 0.03500
v 0.25900 0.79300 0.03700
v 0.25900 0.79850 0.03700
v 0.25900 0.79850 0.03700
v 0.25900 0.79850 0.03700
v 0.25900 0.79850 0.03700
v 0.25900 0.79850 0.03700
v 0.25900 0.79850 0.03700
v 0.25900 0.79850 0.03700
v 0.25900 0.79850 0.03700
v 0.25900 0.79850 0.03700
v 0.25900 0.79850 0.03700
v 0.25900 0.79850 0.03700
v 0.25900 0.79850 0.03700
v 0.25900 0.79850 0.03700
v 0.25900 0.79850 0.03700
v 0.25900 0.79850 0.03700
v 0.25900 0.79850 0.03700
v 0.25900 0.79850 0.03700
v 0.25900 0.79850 0.03700
v 0.25900 0.79850 0.03700
v 0.25900 0.79850 0.03700
v 0.25900 0.79850 0.03700
v 0.26022 0.79836 0.03700
v 0.26016 0.79836 0.03738
v 0.25999 0.79836 0.03772
v 0.25972 0.79836 0.03799
v 0.25938 0.79836 0.03816
v 0.25900 0.79836 0.03822
v 0.25862 0.79836 0.03816
v 0.25828 0.79836 0.03799
v 0.25801 0.79836 0.03772
v 0.25784 0.79836 0.03738
v 0.25778 0.79836 0.03700
v 0.25784 0.79836 0.03662
v 0.25801 0.79836 0.03628
v 0.25828 0.79836 0.03601
v 0.25862 0.79836 0.03584
v 0.25900 0.79836 0.03578
v 0.25938 0.79836 0.03584
v 0.25972 0.79836 0.03601
v 0.25999 0.79836 0.03628
v 0.26016 0.79836 0.03662
v 0.26022 0.79836 0.03700
v 0.26139 0.79796 0.03700
v 0.26127 0.79796 0.03774
v 0.26093 0.79796 0.03840
v 0.26040 0.79796 0.03893
v 0.25974 0.79796 0.03927
v 0.25900 0.79796 0.03939
v 0.25826 0.79796 0.03927
v 0.25760 0.79796 0.03893
v 0.25707 0.79796 0.03840
v 0.25673 0.79796 0.03774
v 0.25661 0.79796 0.03700
v 0.25673 0.79796 0.03626
v 0.25707 0.79796 0.03560
v 0.25760 0.79796 0.03507
v 0.25826 0.79796 0.03473
v 0.25900 0.79796 0.03461
v 0.25974 0.79796 0.03473
v 0.26040 0.79796 0.03507
v 0.26093 0.79796 0.03560
v 0.26127 0.79796 0.03626
v 0.26139 0.79796 0.03700
v 0.26243 0.79730 0.03700
v 0.26226 0.79730 0.03806
v 0.26177 0.79730 0.03902
v 0.26102 0.79730 0.03977
v 0.26006 0.79730 0.04026
v 0.25900 0.79730 0.04043
v 0.25794 0.79730 0.04026
v 0.25698 0.79730 0.03977
v 0.25623 0.79730 0.03902
v 0.25574 0.79730 0.03806
v 0.25557 0.79730 0.03700
v 0.25574 0.79730 0.03594
v 0.25623 0.79730 0.03498
v 0.25698 0.79730 0.03423
v 0.25794 0.79730 0.03374
v 0.25900 0.79730 0.03357
v 0.26006 0.79730 0.03374
v 0.26102 0.79730 0.03423
v 0.26177 0.79730 0.03498
v 0.26226 0.79730 0.03594
v 0.26243 0.79730 0.03700
v 0.26330 0.79643 0.03700
v 0.26309 0.79643 0.03833
v 0.26248 0.79643 0.03953
v 0.26153 0.79643 0.04048
v 0.26033 0.79643 0.04109
v 0.25900 0.79643 0.04130
v 0.25767 0.79643 0.04109
v 0.25647 0.79643 0.04048
v 0.25552 0.79643 0.03953
v 0.25491 0.79643 0.03833
v 0.25470 0.79643 0.03700
v 0.25491 0.79643 0.03567
v 0.25552 0.79643 0.03447
v 0.25647 0.79643 0.03352
v 0.25767 0.79643 0.03291
v 0.25900 0.79643 0.03270
v 0.26033 0.79643 0.03291
v 0.26153 0.79643 0.03352
v 0.26248 0.79643 0.03447
v 0.26309 0.79643 0.03567
v 0.26330 0.79643 0.03700
v 0.26396 0.79539 0.03700
v 0.26371 0.79539 0.03853
v 0.26301 0.79539 0.03991
v 0.26191 0.79539 0.04101
v 0.26053 0.79539 0.04171
v 0.25900 0.79539 0.04196
v 0.25747 0.79539 0.04171
v 0.25609 0.79539 0.04101
v 0.25499 0.79539 0.03991
v 0.25429 0.79539 0.03853
v 0.25404 0.79539 0.03700
v 0.25429 0.79539 0.03547
v 0.25499 0.79539 0.03409
v 0.25609 0.79539 0.03299
v 0.25747 0.79539 0.03229
v 0.25900 0.79539 0.03204
v 0.26053 0.79539 0.03229
v 0.26191 0.79539 0.03299
v 0.26301 0.79539 0.03409
v 0.26371 0.79539 0.03547
v 0.26396 0.79539 0.03700
v 0.26436 0.79422 0.03700
v 0.26410 0.79422 0.03866
v 0.26334 0.79422 0.04015
v 0.26215 0.79422 0.04134
v 0.26066 0.79422 0.04210
v 0.25900 0.79422 0.04236
v 0.25734 0.79422 0.04210
v 0.25585 0.79422 0.04134
v 0.25466 0.79422 0.04015
v 0.25390 0.79422 0.03866
v 0.25364 0.79422 0.03700
v 0.25390 0.79422 0.03534
v 0.25466 0.79422 0.03385
v 0.25585 0.79422 0.03266
v 0.25734 0.79422 0.03190
v 0.25900 0.79422 0.03164
v 0.26066 0.79422 0.03190
v 0.26215 0.79422 0.03266
v 0.26334 0.79422 0.03385
v 0.26410 0.79422 0.03534
v 0.26436 0.79422 0.03700
v 0.26450 0.79300 0.03700
v 0.26423 0.79300 0.03870
v 0.26345 0.79300 0.04023
v 0.26223 0.79300 0.04145
v 0.26070 0.79300 0.04223
v 0.25900 0.79300 0.04250
v 0.25730 0.79300 0.04223
v 0.25577 0.79300 0.04145
v 0.25455 0.79300 0.04023
v 0.25377 0.79300 0.03870
v 0.25350 0.79300 0.03700
v 0.25377 0.79300 0.03530
v 0.25455 0.79300 0.03377
v 0.25577 0.79300 0.03255
v 0.25730 0.79300 0.03177
v 0.25900 0.79300 0.03150
v 0.26070 0.79300 0.03177
v 0.26223 0.79300 0.03255
v 0.26345 0.79300 0.03377
v 0.26423 0.79300 0.03530
v 0.26450 0.79300 0.03700
v 0.26436 0.79178 0.03700
v 0.26410 0.79178 0.03866
v 0.26334 0.79178 0.04015
v 0.26215 0.79178 0.04134
v 0.26066 0.79178 0.04210
v 0.25900 0.79178 0.04236
v 0.25734 0.79178 0.04210
v 0.25585 0.79178 0.04134
v 0.25466 0.79178 0.04015
v 0.25390 0.79178 0.03866
v 0.25364 0.79178 0.03700
v 0.25390 0.79178 0.03534
v 0.25466 0.79178 0.03385
v 0.25585 0.79178 0.03266
v 0.25734 0.79178 0.03190
v 0.25900 0.79178 0.03164
v 0.26066 0.79178 0.03190
v 0.26215 0.79178 0.03266
v 0.26334 0.79178 0.03385
v 0.26410 0.79178 0.03534
v 0.26436 0.79178 0.03700
v 0.26396 0.79061 0.03700
v 0.26371 0.79061 0.03853
v 0.26301 0.79061 0.03991
v 0.26191 0.79061 0.04101
v 0.26053 0.79061 0.04171
v 0.25900 0.79061 0.04196
v 0.25747 0.79061 0.04171
v 0.25609 0.79061 0.04101
v 0.25499 0.79061 0.03991
v 0.25429 0.79061 0.03853
v 0.25404 0.79061 0.03700
v 0.25429 0.79061 0.03547
v 0.25499 0.79061 0.03409
v 0.25609 0.79061 0.03299
v 0.25747 0.79061 0.03229
v 0.25900 0.79061 0.03204
v 0.26053 0.79061 0.03229
v 0.26191 0.79061 0.03299
v 0.26301 0.79061 0.03409
v 0.26371 0.79061 0.03547
v 0.26396 0.79061 0.03700
v 0.26330 0.78957 0.03700
v 0.26309 0.78957 0.03833
v 0.26248 0.78957 0.03953
v 0.26153 0.78957 0.04048
v 0.26033 0.78957 0.04109
v 0.25900 0.78957 0.04130
v 0.25767 0.78957 0.04109
v 0.25647 0.78957 0.04048
v 0.25552 0.78957 0.03953
v 0.25491 0.78957 0.03833
v 0.25470 0.78957 0.03700
v 0.25491 0.78957 0.03567
v 0.25552 0.78957 0.03447
v 0.25647 0.78957 0.03352
v 0.25767 0.78957 0.03291
v 0.25900 0.78957 0.03270
v 0.26033 0.78957 0.03291
v 0.26153 0.78957 0.03352
v 0.26248 0.78957 0.03447
v 0.26309 0.78957 0.03567
v 0.26330 0.78957 0.03700
v 0.26243 0.78870 0.03700
v 0.26226 0.78870 0.03806
v 0.26177 0.78870 0.03902
v 0.26102 0.78870 0.03977
v 0.26006 0.78870 0.04026
v 0.25900 0.78870 0.04043
v 0.25794 0.78870 0.04026
v 0.25698 0.78870 0.03977
v 0.25623 0.78870 0.03902
v 0.25574 0.78870 0.03806
v 0.25557 0.78870 0.03700
v 0.25574 0.78870 0.03594
v 0.25623 0.78870 0.03498
v 0.25698 0.78870 0.03423
v 0.25794 0.78870 0.03374
v 0.25900 0.78870 0.03357
v 0.26006 0.78870 0.03374
v 0.26102 0.78870 0.03423
v 0.26177 0.78870 0.03498
v 0.26226 0.78870 0.03594
v 0.26243 0.78870 0.03700
v 0.26139 0.78804 0.03700
v 0.26127 0.78804 0.03774
v 0.26093 0.78804 0.03840
v 0.26040 0.78804 0.03893
v 0.25974 0.78804 0.03927
v 0.25900 0.78804 0.03939
v 0.25826 0.78804 0.03927
v 0.25760 0.78804 0.03893
v 0.25707 0.78804 0.03840
v 0.25673 0.78804 0.03774
v 0.25661 0.78804 0.03700
v 0.25673 0.78804 0.03626
v 0.25707 0.78804 0.03560
v 0.25760 0.78804 0.03507
v 0.25826 0.78804 0.03473
v 0.25900 0.78804 0.03461
v 0.25974 0.78804 0.03473
v 0.26040 0.78804 0.03507
v 0.26093 0.78804 0.03560
v 0.26127 0.78804 0.03626
v 0.26139 0.78804 0.03700
v 0.26022 0.78764 0.03700
v 0.26016 0.78764 0.03738
v 0.25999 0.78764 0.03772
v 0.25972 0.78764 0.03799
v 0.25938 0.78764 0.03816
v 0.25900 0.78764 0.03822
v 0.25862 0.78764 0.03816
v 0.25828 0.78764 0.03799
v 0.25801 0.78764 0.03772
v 0.25784 0.78764 0.03738
v 0.25778 0.78764 0.03700
v 0.25784 0.78764 0.03662
v 0.25801 0.78764 0.03628
v 0.25828 0.78764 0.03601
v 0.25862 0.78764 0.03584
v 0.25900 0.78764 0.03578
v 0.25938 0.78764 0.03584
v 0.25972 0.78764 0.03601
v 0.25999 0.78764 0.03628
v 0.26016 0.78764 0.03662
v 0.26022 0.78764 0.03700
v 0.25900 0.78750 0.03700
v 0.25900 0.78750 0.03700
v 0.25900 0.78750 0.03700
v 0.25900 0.78750 0.03700
v 0.25900 0.78750 0.03700
v 0.25900 0.78750 0.03700
v 0.25900 0.78750 0.03700
v 0.25900 0.78750 0.03700
v 0.25900 0.78750 0.03700
v 0.25900 0.78750 0.03700
v 0.25900 0.78750 0.03700
v 0.25900 0.78750 0.03700
v 0.25900 0.78750 0.03700
v 0.25900 0.78750 0.03700
v 0.25900 0.78750 0.03700
v 0.25900 0.78750 0.03700
v 0.25900 0.78750 0.03700
v 0.25900 0.78750 0.03700
v 0.25900 0.78750 0.03700
v 0.25900 0.78750 0.03700
v 0.25900 0.78750 0.03700
v 0.28250 0.84500 0.03100
v 0.28150 0.82064 0.03300
v 0.27972 0.84445 0.02431
v 0.27901 0.82015 0.02701
v 0.27300 0.84422 0.02153
v 0.27300 0.81994 0.02453
v 0.26628 0.84445 0.02431
v 0.26699 0.82015 0.02701
v 0.26350 0.84500 0.03100
v 0.26450 0.82064 0.03300
v 0.26628 0.84555 0.03769
v 0.26699 0.82113 0.03899
v 0.27300 0.84578 0.04047
v 0.27300 0.82134 0.04147
v 0.27972 0.84555 0.03769
v 0.27901 0.82113 0.03899
v 0.28250 0.84500 0.03100
v 0.28150 0.82064 0.03300
v 0.27300 0.84500 0.03100
v 0.27300 0.82064 0.03300
v 0.27300 0.82914 0.03300
v 0.27300 0.82914 0.03300
v 0.27300 0.82914 0.03300
v 0.27300 0.82914 0.03300
v 0.27300 0.82914 0.03300
v 0.27300 0.82914 0.03300
v 0.27300 0.82914 0.03300
v 0.27300 0.82914 0.03300
v 0.27300 0.82914 0.03300
v 0.27300 0.82914 0.03300
v 0.27300 0.82914 0.03300
v 0.27300 0.82914 0.03300
v 0.27300 0.82914 0.03300
v 0.27300 0.82914 0.03300
v 0.27300 0.82914 0.03300
v 0.27300 0.82914 0.03300
v 0.27300 0.82914 0.03300
v 0.27300 0.82914 0.03300
v 0.27300 0.82914 0.03300
v 0.27300 0.82914 0.03300
v 0.27300 0.82914 0.03300
v 0.27489 0.82893 0.03300
v 0.27480 0.82893 0.03358
v 0.27453 0.82893 0.03411
v 0.27411 0.82893 0.03453
v 0.27358 0.82893 0.03480
v 0.27300 0.82893 0.03489
v 0.27242 0.82893 0.03480
v 0.27189 0.82893 0.03453
v 0.27147 0.82893 0.03411
v 0.27120 0.82893 0.03358
v 0.27111 0.82893 0.03300
v 0.27120 0.82893 0.03242
v 0.27147 0.82893 0.03189
v 0.27189 0.82893 0.03147
v 0.27242 0.82893 0.03120
v 0.27300 0.82893 0.03111
v 0.27358 0.82893 0.03120
v 0.27411 0.82893 0.03147
v 0.27453 0.82893 0.03189
v 0.27480 0.82893 0.03242
v 0.27489 0.82893 0.03300
v 0.27669 0.82830 0.03300
v 0.27651 0.82830 0.03414
v 0.27598 0.82830 0.03517
v 0.27517 0.82830 0.03598
v 0.27414 0.82830 0.03651
v 0.27300 0.82830 0.03669
v 0.27186 0.82830 0.03651
v 0.27083 0.82830 0.03598
v 0.27002 0.82830 0.03517
v 0.26949 0.82830 0.03414
v 0.26931 0.82830 0.03300
v 0.26949 0.82830 0.03186
v 0.27002 0.82830 0.03083
v 0.27083 0.82830 0.03002
v 0.27186 0.82830 0.02949
v 0.27300 0.82830 0.02931
v 0.27414 0.82830 0.02949
v 0.27517 0.82830 0.03002
v 0.27598 0.82830 0.03083
v 0.27651 0.82830 0.03186
v 0.27669 0.82830 0.03300
v 0.27830 0.82729 0.03300
v 0.27804 0.82729 0.03464
v 0.27729 0.82729 0.03612
v 0.27612 0.82729 0.03729
v 0.27464 0.82729 0.03804
v 0.27300 0.82729 0.03830
v 0.27136 0.82729 0.03804
v 0.26988 0.82729 0.03729
v 0.26871 0.82729 0.03612
v 0.26796 0.82729 0.03464
v 0.26770 0.82729 0.03300
v 0.26796 0.82729 0.03136
v 0.26871 0.82729 0.02988
v 0.26988 0.82729 0.02871
v 0.27136 0.82729 0.02796
v 0.27300 0.82729 0.02770
v 0.27464 0.82729 0.02796
v 0.27612 0.82729 0.02871
v 0.27729 0.82729 0.02988
v 0.27804 0.82729 0.03136
v 0.27830 0.82729 0.03300
v 0.27965 0.82594 0.03300
v 0.27932 0.82594 0.03505
v 0.27838 0.82594 0.03691
v 0.27691 0.82594 0.03838
v 0.27505 0.82594 0.03932
v 0.27300 0.82594 0.03965
v 0.27095 0.82594 0.03932
v 0.26909 0.82594 0.03838
v 0.26762 0.82594 0.03691
v 0.26668 0.82594 0.03505
v 0.26635 0.82594 0.03300
v 0.26668 0.82594 0.03095
v 0.26762 0.82594 0.02909
v 0.26909 0.82594 0.02762
v 0.27095 0.82594 0.02668
v 0.27300 0.82594 0.02635
v 0.27505 0.82594 0.02668
v 0.27691 0.82594 0.02762
v 0.27838 0.82594 0.02909
v 0.27932 0.82594 0.03095
v 0.27965 0.82594 0.03300
v 0.28066 0.82433 0.03300
v 0.28028 0.82433 0.03537
v 0.27920 0.82433 0.03750
v 0.27750 0.82433 0.03920
v 0.27537 0.82433 0.04028
v 0.27300 0.82433 0.04066
v 0.27063 0.82433 0.04028
v 0.26850 0.82433 0.03920
v 0.26680 0.82433 0.03750
v 0.26572 0.82433 0.03537
v 0.26534 0.82433 0.03300
v 0.26572 0.82433 0.03063
v 0.26680 0.82433 0.02850
v 0.26850 0.82433 0.02680
v 0.27063 0.82433 0.02572
v 0.27300 0.82433 0.02534
v 0.27537 0.82433 0.02572
v 0.27750 0.82433 0.02680
v 0.27920 0.82433 0.02850
v 0.28028 0.82433 0.03063
v 0.28066 0.82433 0.03300
v 0.28129 0.82253 0.03300
v 0.28088 0.82253 0.03556
v 0.27970 0.82253 0.03787
v 0.27787 0.82253 0.03970
v 0.27556 0.82253 0.04088
v 0.27300 0.82253 0.04129
v 0.27044 0.82253 0.04088
v 0.26813 0.82253 0.03970
v 0.26630 0.82253 0.03787
v 0.26512 0.82253 0.03556
v 0.26471 0.82253 0.03300
v 0.26512 0.82253 0.03044
v 0.26630 0.82253 0.02813
v 0.26813 0.82253 0.02630
v 0.27044 0.82253 0.02512
v 0.27300 0.82253 0.02471
v 0.27556 0.82253 0.02512
v 0.27787 0.82253 0.02630
v 0.27970 0.82253 0.02813
v 0.28088 0.82253 0.03044
v 0.28129 0.82253 0.03300
v 0.28150 0.82064 0.03300
v 0.28108 0.82064 0.03563
v 0.27988 0.82064 0.03800
v 0.27800 0.82064 0.03988
v 0.27563 0.82064 0.04108
v 0.27300 0.82064 0.04150
v 0.27037 0.82064 0.04108
v 0.26800 0.82064 0.03988
v 0.26612 0.82064 0.03800
v 0.26492 0.82064 0.03563
v 0.26450 0.82064 0.03300
v 0.26492 0.82064 0.03037
v 0.26612 0.82064 0.02800
v 0.26800 0.82064 0.02612
v 0.27037 0.82064 0.02492
v 0.27300 0.82064 0.02450
v 0.27563 0.82064 0.02492
v 0.27800 0.82064 0.02612
v 0.27988 0.82064 0.02800
v 0.28108 0.82064 0.03037
v 0.28150 0.82064 0.03300
v 0.28129 0.81875 0.03300
v 0.28088 0.81875 0.03556
v 0.27970 0.81875 0.03787
v 0.27787 0.81875 0.03970
v 0.27556 0.81875 0.04088
v 0.27300 0.81875 0.04129
v 0.27044 0.81875 0.04088
v 0.26813 0.81875 0.03970
v 0.26630 0.81875 0.03787
v 0.26512 0.81875 0.03556
v 0.26471 0.81875 0.03300
v 0.26512 0.81875 0.03044
v 0.26630 0.81875 0.02813
v 0.26813 0.81875 0.02630
v 0.27044 0.81875 0.02512
v 0.27300 0.81875 0.02471
v 0.27556 0.81875 0.02512
v 0.27787 0.81875 0.02630
v 0.27970 0.81875 0.02813
v 0.28088 0.81875 0.03044
v 0.28129 0.81875 0.03300
v 0.28066 0.81695 0.03300
v 0.28028 0.81695 0.03537
v 0.27920 0.81695 0.03750
v 0.27750 0.81695 0.03920
v 0.27537 0.81695 0.04028
v 0.27300 0.81695 0.04066
v 0.27063 0.81695 0.04028
v 0.26850 0.81695 0.03920
v 0.26680 0.81695 0.03750
v 0.26572 0.81695 0.03537
v 0.26534 0.81695 0.03300
v 0.26572 0.81695 0.03063
v 0.26680 0.81695 0.02850
v 0.26850 0.81695 0.02680
v 0.27063 0.81695 0.02572
v 0.27300 0.81695 0.02534
v 0.27537 0.81695 0.02572
v 0.27750 0.81695 0.02680
v 0.27920 0.81695 0.02850
v 0.28028 0.81695 0.03063
v 0.28066 0.81695 0.03300
v 0.27965 0.81534 0.03300
v 0.27932 0.81534 0.03505
v 0.27838 0.81534 0.03691
v 0.27691 0.81534 0.03838
v 0.27505 0.81534 0.03932
v 0.27300 0.81534 0.03965
v 0.27095 0.81534 0.03932
v 0.26909 0.81534 0.03838
v 0.26762 0.81534 0.03691
v 0.26668 0.81534 0.03505
v 0.26635 0.81534 0.03300
v 0.26668 0.81534 0.03095
v 0.26762 0.81534 0.02909
v 0.26909 0.81534 0.02762
v 0.27095 0.81534 0.02668
v 0.27300 0.81534 0.02635
v 0.27505 0.81534 0.02668
v 0.27691 0.81534 0.02762
v 0.27838 0.81534 0.02909
v 0.27932 0.81534 0.03095
v 0.27965 0.81534 0.03300
v 0.27830 0.81399 0.03300
v 0.27804 0.81399 0.03464
v 0.27729 0.81399 0.03612
v 0.27612 0.81399 0.03729
v 0.27464 0.81399 0.03804
v 0.27300 0.81399 0.03830
v 0.27136 0.81399 0.03804
v 0.26988 0.81399 0.03729
v 0.26871 0.81399 0.03612
v 0.26796 0.81399 0.03464
v 0.26770 0.81399 0.03300
v 0.26796 0.81399 0.03136
v 0.26871 0.81399 0.02988
v 0.26988 0.81399 0.02871
v 0.27136 0.81399 0.02796
v 0.27300 0.81399 0.02770
v 0.27464 0.81399 0.02796
v 0.27612 0.81399 0.02871
v 0.27729 0.81399 0.02988
v 0.27804 0.81399 0.03136
v 0.27830 0.81399 0.03300
v 0.27669 0.81298 0.03300
v 0.27651 0.81298 0.03414
v 0.27598 0.81298 0.03517
v 0.27517 0.81298 0.03598
v 0.27414 0.81298 0.03651
v 0.27300 0.81298 0.03669
v 0.27186 0.81298 0.03651
v 0.27083 0.81298 0.03598
v 0.27002 0.81298 0.03517
v 0.26949 0.81298 0.03414
v 0.26931 0.81298 0.03300
v 0.26949 0.81298 0.03186
v 0.27002 0.81298 0.03083
v 0.27083 0.81298 0.03002
v 0.27186 0.81298 0.02949
v 0.27300 0.81298 0.02931
v 0.27414 0.81298 0.02949
v 0.27517 0.81298 0.03002
v 0.27598 0.81298 0.03083
v 0.27651 0.81298 0.03186
v 0.27669 0.81298 0.03300
v 0.27489 0.81235 0.03300
v 0.27480 0.81235 0.03358
v 0.27453 0.81235 0.03411
v 0.27411 0.81235 0.03453
v 0.27358 0.81235 0.03480
v 0.27300 0.81235 0.03489
v 0.27242 0.81235 0.03480
v 0.27189 0.81235 0.03453
v 0.27147 0.81235 0.03411
v 0.27120 0.81235 0.03358
v 0.27111 0.81235 0.03300
v 0.27120 0.81235 0.03242
v 0.27147 0.81235 0.03189
v 0.27189 0.81235 0.03147
v 0.27242 0.81235 0.03120
v 0.27300 0.81235 0.03111
v 0.27358 0.81235 0.03120
v 0.27411 0.81235 0.03147
v 0.27453 0.81235 0.03189
v 0.27480 0.81235 0.03242
v 0.27489 0.81235 0.03300
v 0.27300 0.81214 0.03300
v 0.27300 0.81214 0.03300
v 0.27300 0.81214 0.03300
v 0.27300 0.81214 0.03300
v 0.27300 0.81214 0.03300
v 0.27300 0.81214 0.03300
v 0.27300 0.81214 0.03300
v 0.27300 0.81214 0.03300
v 0.27300 0.81214 0.03300
v 0.27300 0.81214 0.03300
v 0.27300 0.81214 0.03300
v 0.27300 0.81214 0.03300
v 0.27300 0.81214 0.03300
v 0.27300 0.81214 0.03300
v 0.27300 0.81214 0.03300
v 0.27300 0.81214 0.03300
v 0.27300 0.81214 0.03300
v 0.27300 0.81214 0.03300
v 0.27300 0.81214 0.03300
v 0.27300 0.81214 0.03300
v 0.27300 0.81214 0.03300
v 0.28100 0.82064 0.03300
v 0.28000 0.80208 0.03500
v 0.27866 0.82003 0.02738
v 0.27795 0.80155 0.03008
v 0.27300 0.81978 0.02505
v 0.27300 0.80133 0.02804
v 0.26734 0.82003 0.02738
v 0.26805 0.80155 0.03008
v 0.26500 0.82064 0.03300
v 0.26600 0.80208 0.03500
v 0.26734 0.82125 0.03862
v 0.26805 0.80261 0.03992
v 0.27300 0.82150 0.04095
v 0.27300 0.80283 0.04196
v 0.27866 0.82125 0.03862
v 0.27795 0.80261 0.03992
v 0.28100 0.82064 0.03300
v 0.28000 0.80208 0.03500
v 0.27300 0.82064 0.03300
v 0.27300 0.80208 0.03500
v 0.27300 0.80908 0.03500
v 0.27300 0.80908 0.03500
v 0.27300 0.80908 0.03500
v 0.27300 0.80908 0.03500
v 0.27300 0.80908 0.03500
v 0.27300 0.80908 0.03500
v 0.27300 0.80908 0.03500
v 0.27300 0.80908 0.03500
v 0.27300 0.80908 0.03500
v 0.27300 0.80908 0.03500
v 0.27300 0.80908 0.03500
v 0.27300 0.80908 0.03500
v 0.27300 0.80908 0.03500
v 0.27300 0.80908 0.03500
v 0.27300 0.80908 0.03500
v 0.27300 0.80908 0.03500
v 0.27300 0.80908 0.03500
v 0.27300 0.80908 0.03500
v 0.27300 0.80908 0.03500
v 0.27300 0.80908 0.03500
v 0.27300 0.80908 0.03500
v 0.27456 0.80890 0.03500
v 0.27448 0.80890 0.03548
v 0.27426 0.80890 0.03592
v 0.27392 0.80890 0.03626
v 0.27348 0.80890 0.03648
v 0.27300 0.80890 0.03656
v 0.27252 0.80890 0.03648
v 0.27208 0.80890 0.03626
v 0.27174 0.80890 0.03592
v 0.27152 0.80890 0.03548
v 0.27144 0.80890 0.03500
v 0.27152 0.80890 0.03452
v 0.27174 0.80890 0.03408
v 0.27208 0.80890 0.03374
v 0.27252 0.80890 0.03352
v 0.27300 0.80890 0.03344
v 0.27348 0.80890 0.03352
v 0.27392 0.80890 0.03374
v 0.27426 0.80890 0.03408
v 0.27448 0.80890 0.03452
v 0.27456 0.80890 0.03500
v 0.27604 0.80839 0.03500
v 0.27589 0.80839 0.03594
v 0.27546 0.80839 0.03679
v 0.27479 0.80839 0.03746
v 0.27394 0.80839 0.03789
v 0.27300 0.80839 0.03804
v 0.27206 0.80839 0.03789
v 0.27121 0.80839 0.03746
v 0.27054 0.80839 0.03679
v 0.27011 0.80839 0.03594
v 0.26996 0.80839 0.03500
v 0.27011 0.80839 0.03406
v 0.27054 0.80839 0.03321
v 0.27121 0.80839 0.03254
v 0.27206 0.80839 0.03211
v 0.27300 0.80839 0.03196
v 0.27394 0.80839 0.03211
v 0.27479 0.80839 0.03254
v 0.27546 0.80839 0.03321
v 0.27589 0.80839 0.03406
v 0.27604 0.80839 0.03500
v 0.27736 0.80755 0.03500
v 0.27715 0.80755 0.03635
v 0.27653 0.80755 0.03757
v 0.27557 0.80755 0.03853
v 0.27435 0.80755 0.03915
v 0.27300 0.80755 0.03936
v 0.27165 0.80755 0.03915
v 0.27043 0.80755 0.03853
v 0.26947 0.80755 0.03757
v 0.26885 0.80755 0.03635
v 0.26864 0.80755 0.03500
v 0.26885 0.80755 0.03365
v 0.26947 0.80755 0.03243
v 0.27043 0.80755 0.03147
v 0.27165 0.80755 0.03085
v 0.27300 0.80755 0.03064
v 0.27435 0.80755 0.03085
v 0.27557 0.80755 0.03147
v 0.27653 0.80755 0.03243
v 0.27715 0.80755 0.03365
v 0.27736 0.80755 0.03500
v 0.27847 0.80644 0.03500
v 0.27820 0.80644 0.03669
v 0.27743 0.80644 0.03822
v 0.27622 0.80644 0.03943
v 0.27469 0.80644 0.04020
v 0.27300 0.80644 0.04047
v 0.27131 0.80644 0.04020
v 0.26978 0.80644 0.03943
v 0.26857 0.80644 0.03822
v 0.26780 0.80644 0.03669
v 0.26753 0.80644 0.03500
v 0.26780 0.80644 0.03331
v 0.26857 0.80644 0.03178
v 0.26978 0.80644 0.03057
v 0.27131 0.80644 0.02980
v 0.27300 0.80644 0.02953
v 0.27469 0.80644 0.02980
v 0.27622 0.80644 0.03057
v 0.27743 0.80644 0.03178
v 0.27820 0.80644 0.03331
v 0.27847 0.80644 0.03500
v 0.27931 0.80512 0.03500
v 0.27900 0.80512 0.03695
v 0.27810 0.80512 0.03871
v 0.27671 0.80512 0.04010
v 0.27495 0.80512 0.04100
v 0.27300 0.80512 0.04131
v 0.27105 0.80512 0.04100
v 0.26929 0.80512 0.04010
v 0.26790 0.80512 0.03871
v 0.26700 0.80512 0.03695
v 0.26669 0.80512 0.03500
v 0.26700 0.80512 0.03305
v 0.26790 0.80512 0.03129
v 0.26929 0.80512 0.02990
v 0.27105 0.80512 0.02900
v 0.27300 0.80512 0.02869
v 0.27495 0.80512 0.02900
v 0.27671 0.80512 0.02990
v 0.27810 0.80512 0.03129
v 0.27900 0.80512 0.03305
v 0.27931 0.80512 0.03500
v 0.27982 0.80364 0.03500
v 0.27949 0.80364 0.03711
v 0.27852 0.80364 0.03901
v 0.27701 0.80364 0.04052
v 0.27511 0.80364 0.04149
v 0.27300 0.80364 0.04182
v 0.27089 0.80364 0.04149
v 0.26899 0.80364 0.04052
v 0.26748 0.80364 0.03901
v 0.26651 0.80364 0.03711
v 0.26618 0.80364 0.03500
v 0.26651 0.80364 0.03289
v 0.26748 0.80364 0.03099
v 0.26899 0.80364 0.02948
v 0.27089 0.80364 0.02851
v 0.27300 0.80364 0.02818
v 0.27511 0.80364 0.02851
v 0.27701 0.80364 0.02948
v 0.27852 0.80364 0.03099
v 0.27949 0.80364 0.03289
v 0.27982 0.80364 0.03500
v 0.28000 0.80208 0.03500
v 0.27966 0.80208 0.03716
v 0.27866 0.80208 0.03911
v 0.27711 0.80208 0.04066
v 0.27516 0.80208 0.04166
v 0.27300 0.80208 0.04200
v 0.27084 0.80208 0.04166
v 0.26889 0.80208 0.04066
v 0.26734 0.80208 0.03911
v 0.26634 0.80208 0.03716
v 0.26600 0.80208 0.03500
v 0.26634 0.80208 0.03284
v 0.26734 0.80208 0.03089
v 0.26889 0.80208 0.02934
v 0.27084 0.80208 0.02834
v 0.27300 0.80208 0.02800
v 0.27516 0.80208 0.02834
v 0.27711 0.80208 0.02934
v 0.27866 0.80208 0.03089
v 0.27966 0.80208 0.03284
v 0.28000 0.80208 0.03500
v 0.27982 0.80052 0.03500
v 0.27949 0.80052 0.03711
v 0.27852 0.80052 0.03901
v 0.27701 0.80052 0.04052
v 0.27511 0.80052 0.04149
v 0.27300 0.80052 0.04182
v 0.27089 0.80052 0.04149
v 0.26899 0.80052 0.04052
v 0.26748 0.80052 0.03901
v 0.26651 0.80052 0.03711
v 0.26618 0.80052 0.03500
v 0.26651 0.80052 0.03289
v 0.26748 0.80052 0.03099
v 0.26899 0.80052 0.02948
v 0.27089 0.80052 0.02851
v 0.27300 0.80052 0.02818
v 0.27511 0.80052 0.02851
v 0.27701 0.80052 0.02948
v 0.27852 0.80052 0.03099
v 0.27949 0.80052 0.03289
v 0.27982 0.80052 0.03500
v 0.27931 0.79904 0.03500
v 0.27900 0.79904 0.03695
v 0.27810 0.79904 0.03871
v 0.27671 0.79904 0.04010
v 0.27495 0.79904 0.04100
v 0.27300 0.79904 0.04131
v 0.27105 0.79904 0.04100
v 0.26929 0.79904 0.04010
v 0.26790 0.79904 0.03871
v 0.26700 0.79904 0.03695
v 0.26669 0.79904 0.03500
v 0.26700 0.79904 0.03305
v 0.26790 0.79904 0.03129
v 0.26929 0.79904 0.02990
v 0.27105 0.79904 0.02900
v 0.27300 0.79904 0.02869
v 0.27495 0.79904 0.02900
v 0.27671 0.79904 0.02990
v 0.27810 0.79904 0.03129
v 0.27900 0.79904 0.03305
v 0.27931 0.79904 0.03500
v 0.27847 0.79772 0.03500
v 0.27820 0.79772 0.03669
v 0.27743 0.79772 0.03822
v 0.27622 0.79772 0.03943
v 0.27469 0.79772 0.04020
v 0.27300 0.79772 0.04047
v 0.27131 0.79772 0.04020
v 0.26978 0.79772 0.03943
v 0.26857 0.79772 0.03822
v 0.26780 0.79772 0.03669
v 0.26753 0.79772 0.03500
v 0.26780 0.79772 0.03331
v 0.26857 0.79772 0.03178
v 0.26978 0.79772 0.03057
v 0.27131 0.79772 0.02980
v 0.27300 0.79772 0.02953
v 0.27469 0.79772 0.02980
v 0.27622 0.79772 0.03057
v 0.27743 0.79772 0.03178
v 0.27820 0.79772 0.03331
v 0.27847 0.79772 0.03500
v 0.27736 0.79661 0.03500
v 0.27715 0.79661 0.03635
v 0.27653 0.79661 0.03757
v 0.27557 0.79661 0.03853
v 0.27435 0.79661 0.03915
v 0.27300 0.79661 0.03936
v 0.27165 0.79661 0.03915
v 0.27043 0.79661 0.03853
v 0.26947 0.79661 0.03757
v 0.26885 0.79661 0.03635
v 0.26864 0.79661 0.03500
v 0.26885 0.79661 0.03365
v 0.26947 0.79661 0.03243
v 0.27043 0.79661 0.03147
v 0.27165 0.79661 0.03085
v 0.27300 0.79661 0.03064
v 0.27435 0.79661 0.03085
v 0.27557 0.79661 0.03147
v 0.27653 0.79661 0.03243
v 0.27715 0.79661 0.03365
v 0.27736 0.79661 0.03500
v 0.27604 0.79577 0.03500
v 0.27589 0.79577 0.03594
v 0.27546 0.79577 0.03679
v 0.27479 0.79577 0.03746
v 0.27394 0.79577 0.03789
v 0.27300 0.79577 0.03804
v 0.27206 0.79577 0.03789
v 0.27121 0.79577 0.03746
v 0.27054 0.79577 0.03679
v 0.27011 0.79577 0.03594
v 0.26996 0.79577 0.03500
v 0.27011 0.79577 0.03406
v 0.27054 0.79577 0.03321
v 0.27121 0.79577 0.03254
v 0.27206 0.79577 0.03211
v 0.27300 0.79577 0.03196
v 0.27394 0.79577 0.03211
v 0.27479 0.79577 0.03254
v 0.27546 0.79577 0.03321
v 0.27589 0.79577 0.03406
v 0.27604 0.79577 0.03500
v 0.27456 0.79526 0.03500
v 0.27448 0.79526 0.03548
v 0.27426 0.79526 0.03592
v 0.27392 0.79526 0.03626
v 0.27348 0.79526 0.03648
v 0.27300 0.79526 0.03656
v 0.27252 0.79526 0.03648
v 0.27208 0.79526 0.03626
v 0.27174 0.79526 0.03592
v 0.27152 0.79526 0.03548
v 0.27144 0.79526 0.03500
v 0.27152 0.79526 0.03452
v 0.27174 0.79526 0.03408
v 0.27208 0.79526 0.03374
v 0.27252 0.79526 0.03352
v 0.27300 0.79526 0.03344
v 0.27348 0.79526 0.03352
v 0.27392 0.79526 0.03374
v 0.27426 0.79526 0.03408
v 0.27448 0.79526 0.03452
v 0.27456 0.79526 0.03500
v 0.27300 0.79508 0.03500
v 0.27300 0.79508 0.03500
v 0.27300 0.79508 0.03500
v 0.27300 0.79508 0.03500
v 0.27300 0.79508 0.03500
v 0.27300 0.79508 0.03500
v 0.27300 0.79508 0.03500
v 0.27300 0.79508 0.03500
v 0.27300 0.79508 0.03500
v 0.27300 0.79508 0.03500
v 0.27300 0.79508 0.03500
v 0.27300 0.79508 0.03500
v 0.27300 0.79508 0.03500
v 0.27300 0.79508 0.03500
v 0.27300 0.79508 0.03500
v 0.27300 0.79508 0.03500
v 0.27300 0.79508 0.03500
v 0.27300 0.79508 0.03500
v 0.27300 0.79508 0.03500
v 0.27300 0.79508 0.03500
v 0.27300 0.79508 0.03500
v 0.27950 0.80208 0.03500
v 0.27850 0.78700 0.03700
v 0.27760 0.80148 0.03044
v 0.27689 0.78649 0.03314
v 0.27300 0.80123 0.02856
v 0.27300 0.78628 0.03155
v 0.26840 0.80148 0.03044
v 0.26911 0.78649 0.03314
v 0.26650 0.80208 0.03500
v 0.26750 0.78700 0.03700
v 0.26840 0.80268 0.03956
v 0.26911 0.78751 0.04086
v 0.27300 0.80293 0.04144
v 0.27300 0.78772 0.04245
v 0.27760 0.80268 0.03956
v 0.27689 0.78751 0.04086
v 0.27950 0.80208 0.03500
v 0.27850 0.78700 0.03700
v 0.27300 0.80208 0.03500
v 0.27300 0.78700 0.03700
v 0.27300 0.79250 0.03700
v 0.27300 0.79250 0.03700
v 0.27300 0.79250 0.03700
v 0.27300 0.79250 0.03700
v 0.27300 0.79250 0.03700
v 0.27300 0.79250 0.03700
v 0.27300 0.79250 0.03700
v 0.27300 0.79250 0.03700
v 0.27300 0.79250 0.03700
v 0.27300 0.79250 0.03700
v 0.27300 0.79250 0.03700
v 0.27300 0.79250 0.03700
v 0.27300 0.79250 0.03700
v 0.27300 0.79250 0.03700
v 0.27300 0.79250 0.03700
v 0.27300 0.79250 0.03700
v 0.27300 0.79250 0.03700
v 0.27300 0.79250 0.03700
v 0.27300 0.79250 0.03700
v 0.27300 0.79250 0.03700
v 0.27300 0.79250 0.03700
v 0.27422 0.79236 0.03700
v 0.27416 0.79236 0.03738
v 0.27399 0.79236 0.03772
v 0.27372 0.79236 0.03799
v 0.27338 0.79236 0.03816
v 0.27300 0.79236 0.03822
v 0.27262 0.79236 0.03816
v 0.27228 0.79236 0.03799
v 0.27201 0.79236 0.03772
v 0.27184 0.79236 0.03738
v 0.27178 0.79236 0.03700
v 0.27184 0.79236 0.03662
v 0.27201 0.79236 0.03628
v 0.27228 0.79236 0.03601
v 0.27262 0.79236 0.03584
v 0.27300 0.79236 0.03578
v 0.27338 0.79236 0.03584
v 0.27372 0.79236 0.03601
v 0.27399 0.79236 0.03628
v 0.27416 0.79236 0.03662
v 0.27422 0.79236 0.03700
v 0.27539 0.79196 0.03700
v 0.27527 0.79196 0.03774
v 0.27493 0.79196 0.03840
v 0.27440 0.79196 0.03893
v 0.27374 0.79196 0.03927
v 0.27300 0.79196 0.03939
v 0.27226 0.79196 0.03927
v 0.27160 0.79196 0.03893
v 0.27107 0.79196 0.03840
v 0.27073 0.79196 0.03774
v 0.27061 0.79196 0.03700
v 0.27073 0.79196 0.03626
v 0.27107 0.79196 0.03560
v 0.27160 0.79196 0.03507
v 0.27226 0.79196 0.03473
v 0.27300 0.79196 0.03461
v 0.27374 0.79196 0.03473
v 0.27440 0.79196 0.03507
v 0.27493 0.79196 0.03560
v 0.27527 0.79196 0.03626
v 0.27539 0.79196 0.03700
v 0.27643 0.79130 0.03700
v 0.27626 0.79130 0.03806
v 0.27577 0.79130 0.03902
v 0.27502 0.79130 0.03977
v 0.27406 0.79130 0.04026
v 0.27300 0.79130 0.04043
v 0.27194 0.79130 0.04026
v 0.27098 0.79130 0.03977
v 0.27023 0.79130 0.03902
v 0.26974 0.79130 0.03806
v 0.26957 0.79130 0.03700
v 0.26974 0.79130 0.03594
v 0.27023 0.79130 0.03498
v 0.27098 0.79130 0.03423
v 0.27194 0.79130 0.03374
v 0.27300 0.79130 0.03357
v 0.27406 0.79130 0.03374
v 0.27502 0.79130 0.03423
v 0.27577 0.79130 0.03498
v 0.27626 0.79130 0.03594
v 0.27643 0.79130 0.03700
v 0.27730 0.79043 0.03700
v 0.27709 0.79043 0.03833
v 0.27648 0.79043 0.03953
v 0.27553 0.79043 0.04048
v 0.27433 0.79043 0.04109
v 0.27300 0.79043 0.04130
v 0.27167 0.79043 0.04109
v 0.27047 0.79043 0.04048
v 0.26952 0.79043 0.03953
v 0.26891 0.79043 0.03833
v 0.26870 0.79043 0.03700
v 0.26891 0.79043 0.03567
v 0.26952 0.79043 0.03447
v 0.27047 0.79043 0.03352
v 0.27167 0.79043 0.03291
v 0.27300 0.79043 0.03270
v 0.27433 0.79043 0.03291
v 0.27553 0.79043 0.03352
v 0.27648 0.79043 0.03447
v 0.27709 0.79043 0.03567
v 0.27730 0.79043 0.03700
v 0.27796 0.78939 0.03700
v 0.27771 0.78939 0.03853
v 0.27701 0.78939 0.03991
v 0.27591 0.78939 0.04101
v 0.27453 0.78939 0.04171
v 0.27300 0.78939 0.04196
v 0.27147 0.78939 0.04171
v 0.27009 0.78939 0.04101
v 0.26899 0.78939 0.03991
v 0.26829 0.78939 0.03853
v 0.26804 0.78939 0.03700
v 0.26829 0.78939 0.03547
v 0.26899 0.78939 0.03409
v 0.27009 0.78939 0.03299
v 0.27147 0.78939 0.03229
v 0.27300 0.78939 0.03204
v 0.27453 0.78939 0.03229
v 0.27591 0.78939 0.03299
v 0.27701 0.78939 0.03409
v 0.27771 0.78939 0.03547
v 0.27796 0.78939 0.03700
v 0.27836 0.78822 0.03700
v 0.27810 0.78822 0.03866
v 0.27734 0.78822 0.04015
v 0.27615 0.78822 0.04134
v 0.27466 0.78822 0.04210
v 0.27300 0.78822 0.04236
v 0.27134 0.78822 0.04210
v 0.26985 0.78822 0.04134
v 0.26866 0.78822 0.04015
v 0.26790 0.78822 0.03866
v 0.26764 0.78822 0.03700
v 0.26790 0.78822 0.03534
v 0.26866 0.78822 0.03385
v 0.26985 0.78822 0.03266
v 0.27134 0.78822 0.03190
v 0.27300 0.78822 0.03164
v 0.27466 0.78822 0.03190
v 0.27615 0.78822 0.03266
v 0.27734 0.78822 0.03385
v 0.27810 0.78822 0.03534
v 0.27836 0.78822 0.03700
v 0.27850 0.78700 0.03700
v 0.27823 0.78700 0.03870
v 0.27745 0.78700 0.04023
v 0.27623 0.78700 0.04145
v 0.27470 0.78700 0.04223
v 0.27300 0.78700 0.04250
v 0.27130 0.78700 0.04223
v 0.26977 0.78700 0.04145
v 0.26855 0.78700 0.04023
v 0.26777 0.78700 0.03870
v 0.26750 0.78700 0.03700
v 0.26777 0.78700 0.03530
v 0.26855 0.78700 0.03377
v 0.26977 0.78700 0.03255
v 0.27130 0.78700 0.03177
v 0.27300 0.78700 0.03150
v 0.27470 0.78700 0.03177
v 0.27623 0.78700 0.03255
v 0.27745 0.78700 0.03377
v 0.27823 0.78700 0.03530
v 0.27850 0.78700 0.03700
v 0.27836 0.78578 0.03700
v 0.27810 0.78578 0.03866
v 0.27734 0.78578 0.04015
v 0.27615 0.78578 0.04134
v 0.27466 0.78578 0.04210
v 0.27300 0.78578 0.04236
v 0.27134 0.78578 0.04210
v 0.26985 0.78578 0.04134
v 0.26866 0.78578 0.04015
v 0.26790 0.78578 0.03866
v 0.26764 0.78578 0.03700
v 0.26790 0.78578 0.03534
v 0.26866 0.78578 0.03385
v 0.26985 0.78578 0.03266
v 0.27134 0.78578 0.03190
v 0.27300 0.78578 0.03164
v 0.27466 0.78578 0.03190
v 0.27615 0.78578 0.03266
v 0.27734 0.78578 0.03385
v 0.27810 0.78578 0.03534
v 0.27836 0.78578 0.03700
v 0.27796 0.78461 0.03700
v 0.27771 0.78461 0.03853
v 0.27701 0.78461 0.03991
v 0.27591 0.78461 0.04101
v 0.27453 0.78461 0.04171
v 0.27300 0.78461 0.04196
v 0.27147 0.78461 0.04171
v 0.27009 0.78461 0.04101
v 0.26899 0.78461 0.03991
v 0.26829 0.78461 0.03853
v 0.26804 0.78461 0.03700
v 0.26829 0.78461 0.03547
v 0.26899 0.78461 0.03409
v 0.27009 0.78461 0.03299
v 0.27147 0.78461 0.03229
v 0.27300 0.78461 0.03204
v 0.27453 0.78461 0.03229
v 0.27591 0.78461 0.03299
v 0.27701 0.78461 0.03409
v 0.27771 0.78461 0.03547
v 0.27796 0.78461 0.03700
v 0.27730 0.78357 0.03700
v 0.27709 0.78357 0.03833
v 0.27648 0.78357 0.03953
v 0.27553 0.78357 0.04048
v 0.27433 0.78357 0.04109
v 0.27300 0.78357 0.04130
v 0.27167 0.78357 0.04109
v 0.27047 0.78357 0.04048
v 0.26952 0.78357 0.03953
v 0.26891 0.78357 0.03833
v 0.26870 0.78357 0.03700
v 0.26891 0.78357 0.03567
v 0.26952 0.78357 0.03447
v 0.27047 0.78357 0.03352
v 0.27167 0.78357 0.03291
v 0.27300 0.78357 0.03270
v 0.27433 0.78357 0.03291
v 0.27553 0.78357 0.03352
v 0.27648 0.78357 0.03447
v 0.27709 0.78357 0.03567
v 0.27730 0.78357 0.03700
v 0.27643 0.78270 0.03700
v 0.27626 0.78270 0.03806
v 0.27577 0.78270 0.03902
v 0.27502 0.78270 0.03977
v 0.27406 0.78270 0.04026
v 0.27300 0.78270 0.04043
v 0.27194 0.78270 0.04026
v 0.27098 0.78270 0.03977
v 0.27023 0.78270 0.03902
v 0.26974 0.78270 0.03806
v 0.26957 0.78270 0.03700
v 0.26974 0.78270 0.03594
v 0.27023 0.78270 0.03498
v 0.27098 0.78270 0.03423
v 0.27194 0.78270 0.03374
v 0.27300 0.78270 0.03357
v 0.27406 0.78270 0.03374
v 0.27502 0.78270 0.03423
v 0.27577 0.78270 0.03498
v 0.27626 0.78270 0.03594
v 0.27643 0.78270 0.03700
v 0.27539 0.78204 0.03700
v 0.27527 0.78204 0.03774
v 0.27493 0.78204 0.03840
v 0.27440 0.78204 0.03893
v 0.27374 0.78204 0.03927
v 0.27300 0.78204 0.03939
v 0.27226 0.78204 0.03927
v 0.27160 0.78204 0.03893
v 0.27107 0.78204 0.03840
v 0.27073 0.78204 0.03774
v 0.27061 0.78204 0.03700
v 0.27073 0.78204 0.03626
v 0.27107 0.78204 0.03560
v 0.27160 0.78204 0.03507
v 0.27226 0.78204 0.03473
v 0.27300 0.78204 0.03461
v 0.27374 0.78204 0.03473
v 0.27440 0.78204 0.03507
v 0.27493 0.78204 0.03560
v 0.27527 0.78204 0.03626
v 0.27539 0.78204 0.03700
v 0.27422 0.78164 0.03700
v 0.27416 0.78164 0.03738
v 0.27399 0.78164 0.03772
v 0.27372 0.78164 0.03799
v 0.27338 0.78164 0.03816
v 0.27300 0.78164 0.03822
v 0.27262 0.78164 0.03816
v 0.27228 0.78164 0.03799
v 0.27201 0.78164 0.03772
v 0.27184 0.78164 0.03738
v 0.27178 0.78164 0.03700
v 0.27184 0.78164 0.03662
v 0.27201 0.78164 0.03628
v 0.27228 0.78164 0.03601
v 0.27262 0.78164 0.03584
v 0.27300 0.78164 0.03578
v 0.27338 0.78164 0.03584
v 0.27372 0.78164 0.03601
v 0.27399 0.78164 0.03628
v 0.27416 0.78164 0.03662
v 0.27422 0.78164 0.03700
v 0.27300 0.78150 0.03700
v 0.27300 0.78150 0.03700
v 0.27300 0.78150 0.03700
v 0.27300 0.78150 0.03700
v 0.27300 0.78150 0.03700
v 0.27300 0.78150 0.03700
v 0.27300 0.78150 0.03700
v 0.27300 0.78150 0.03700
v 0.27300 0.78150 0.03700
v 0.27300 0.78150 0.03700
v 0.27300 0.78150 0.03700
v 0.27300 0.78150 0.03700
v 0.27300 0.78150 0.03700
v 0.27300 0.78150 0.03700
v 0.27300 0.78150 0.03700
v 0.27300 0.78150 0.03700
v 0.27300 0.78150 0.03700
v 0.27300 0.78150 0.03700
v 0.27300 0.78150 0.03700
v 0.27300 0.78150 0.03700
v 0.27300 0.78150 0.03700
v 0.29650 0.84500 0.03100
v 0.29550 0.82232 0.03300
v 0.29372 0.84441 0.02431
v 0.29301 0.82179 0.02701
v 0.28700 0.84417 0.02154
v 0.28700 0.82157 0.02453
v 0.28028 0.84441 0.02431
v 0.28099 0.82179 0.02701
v 0.27750 0.84500 0.03100
v 0.27850 0.82232 0.03300
v 0.28028 0.84559 0.03769
v 0.28099 0.82285 0.03899
v 0.28700 0.84583 0.04046
v 0.28700 0.82307 0.04147
v 0.29372 0.84559 0.03769
v 0.29301 0.82285 0.03899
v 0.29650 0.84500 0.03100
v 0.29550 0.82232 0.03300
v 0.28700 0.84500 0.03100
v 0.28700 0.82232 0.03300
v 0.28700 0.83082 0.03300
v 0.28700 0.83082 0.03300
v 0.28700 0.83082 0.03300
v 0.28700 0.83082 0.03300
v 0.28700 0.83082 0.03300
v 0.28700 0.83082 0.03300
v 0.28700 0.83082 0.03300
v 0.28700 0.83082 0.03300
v 0.28700 0.83082 0.03300
v 0.28700 0.83082 0.03300
v 0.28700 0.83082 0.03300
v 0.28700 0.83082 0.03300
v 0.28700 0.83082 0.03300
v 0.28700 0.83082 0.03300
v 0.28700 0.83082 0.03300
v 0.28700 0.83082 0.03300
v 0.28700 0.83082 0.03300
v 0.28700 0.83082 0.03300
v 0.28700 0.83082 0.03300
v 0.28700 0.83082 0.03300
v 0.28700 0.83082 0.03300
v 0.28889 0.83061 0.03300
v 0.28880 0.83061 0.03358
v 0.28853 0.83061 0.03411
v 0.28811 0.83061 0.03453
v 0.28758 0.83061 0.03480
v 0.28700 0.83061 0.03489
v 0.28642 0.83061 0.03480
v 0.28589 0.83061 0.03453
v 0.28547 0.83061 0.03411
v 0.28520 0.83061 0.03358
v 0.28511 0.83061 0.03300
v 0.28520 0.83061 0.03242
v 0.28547 0.83061 0.03189
v 0.28589 0.83061 0.03147
v 0.28642 0.83061 0.03120
v 0.28700 0.83061 0.03111
v 0.28758 0.83061 0.03120
v 0.28811 0.83061 0.03147
v 0.28853 0.83061 0.03189
v 0.28880 0.83061 0.03242
v 0.28889 0.83061 0.03300
v 0.29069 0.82998 0.03300
v 0.29051 0.82998 0.03414
v 0.28998 0.82998 0.03517
v 0.28917 0.82998 0.03598
v 0.28814 0.82998 0.03651
v 0.28700 0.82998 0.03669
v 0.28586 0.82998 0.03651
v 0.28483 0.82998 0.03598
v 0.28402 0.82998 0.03517
v 0.28349 0.82998 0.03414
v 0.28331 0.82998 0.03300
v 0.28349 0.82998 0.03186
v 0.28402 0.82998 0.03083
v 0.28483 0.82998 0.03002
v 0.28586 0.82998 0.02949
v 0.28700 0.82998 0.02931
v 0.28814 0.82998 0.02949
v 0.28917 0.82998 0.03002
v 0.28998 0.82998 0.03083
v 0.29051 0.82998 0.03186
v 0.29069 0.82998 0.03300
v 0.29230 0.82897 0.03300
v 0.29204 0.82897 0.03464
v 0.29129 0.82897 0.03612
v 0.29012 0.82897 0.03729
v 0.28864 0.82897 0.03804
v 0.28700 0.82897 0.03830
v 0.28536 0.82897 0.03804
v 0.28388 0.82897 0.03729
v 0.28271 0.82897 0.03612
v 0.28196 0.82897 0.03464
v 0.28170 0.82897 0.03300
v 0.28196 0.82897 0.03136
v 0.28271 0.82897 0.02988
v 0.28388 0.82897 0.02871
v 0.28536 0.82897 0.02796
v 0.28700 0.82897 0.02770
v 0.28864 0.82897 0.02796
v 0.29012 0.82897 0.02871
v 0.29129 0.82897 0.02988
v 0.29204 0.82897 0.03136
v 0.29230 0.82897 0.03300
v 0.29365 0.82762 0.03300
v 0.29332 0.82762 0.03505
v 0.29238 0.82762 0.03691
v 0.29091 0.82762 0.03838
v 0.28905 0.82762 0.03932
v 0.28700 0.82762 0.03965
v 0.28495 0.82762 0.03932
v 0.28309 0.82762 0.03838
v 0.28162 0.82762 0.03691
v 0.28068 0.82762 0.03505
v 0.28035 0.82762 0.03300
v 0.28068 0.82762 0.03095
v 0.28162 0.82762 0.02909
v 0.28309 0.82762 0.02762
v 0.28495 0.82762 0.02668
v 0.28700 0.82762 0.02635
v 0.28905 0.82762 0.02668
v 0.29091 0.82762 0.02762
v 0.29238 0.82762 0.02909
v 0.29332 0.82762 0.03095
v 0.29365 0.82762 0.03300
v 0.29466 0.82601 0.03300
v 0.29428 0.82601 0.03537
v 0.29320 0.82601 0.03750
v 0.29150 0.82601 0.03920
v 0.28937 0.82601 0.04028
v 0.28700 0.82601 0.04066
v 0.28463 0.82601 0.04028
v 0.28250 0.82601 0.03920
v 0.28080 0.82601 0.03750
v 0.27972 0.82601 0.03537
v 0.27934 0.82601 0.03300
v 0.27972 0.82601 0.03063
v 0.28080 0.82601 0.02850
v 0.28250 0.82601 0.02680
v 0.28463 0.82601 0.02572
v 0.28700 0.82601 0.02534
v 0.28937 0.82601 0.02572
v 0.29150 0.82601 0.02680
v 0.29320 0.82601 0.02850
v 0.29428 0.82601 0.03063
v 0.29466 0.82601 0.03300
v 0.29529 0.82421 0.03300
v 0.29488 0.82421 0.03556
v 0.29370 0.82421 0.03787
v 0.29187 0.82421 0.03970
v 0.28956 0.82421 0.04088
v 0.28700 0.82421 0.04129
v 0.28444 0.82421 0.04088
v 0.28213 0.82421 0.03970
v 0.28030 0.82421 0.03787
v 0.27912 0.82421 0.03556
v 0.27871 0.82421 0.03300
v 0.27912 0.82421 0.03044
v 0.28030 0.82421 0.02813
v 0.28213 0.82421 0.02630
v 0.28444 0.82421 0.02512
v 0.28700 0.82421 0.02471
v 0.28956 0.82421 0.02512
v 0.29187 0.82421 0.02630
v 0.29370 0.82421 0.02813
v 0.29488 0.82421 0.03044
v 0.29529 0.82421 0.03300
v 0.29550 0.82232 0.03300
v 0.29508 0.82232 0.03563
v 0.29388 0.82232 0.03800
v 0.29200 0.82232 0.03988
v 0.28963 0.82232 0.04108
v 0.28700 0.82232 0.04150
v 0.28437 0.82232 0.04108
v 0.28200 0.82232 0.03988
v 0.28012 0.82232 0.03800
v 0.27892 0.82232 0.03563
v 0.27850 0.82232 0.03300
v 0.27892 0.82232 0.03037
v 0.28012 0.82232 0.02800
v 0.28200 0.82232 0.02612
v 0.28437 0.82232 0.02492
v 0.28700 0.82232 0.02450
v 0.28963 0.82232 0.02492
v 0.29200 0.82232 0.02612
v 0.29388 0.82232 0.02800
v 0.29508 0.82232 0.03037
v 0.29550 0.82232 0.03300
v 0.29529 0.82043 0.03300
v 0.29488 0.82043 0.03556
v 0.29370 0.82043 0.03787
v 0.29187 0.82043 0.03970
v 0.28956 0.82043 0.04088
v 0.28700 0.82043 0.04129
v 0.28444 0.82043 0.04088
v 0.28213 0.82043 0.03970
v 0.28030 0.82043 0.03787
v 0.27912 0.82043 0.03556
v 0.27871 0.82043 0.03300
v 0.27912 0.82043 0.03044
v 0.28030 0.82043 0.02813
v 0.28213 0.82043 0.02630
v 0.28444 0.82043 0.02512
v 0.28700 0.82043 0.02471
v 0.28956 0.82043 0.02512
v 0.29187 0.82043 0.02630
v 0.29370 0.82043 0.02813
v 0.29488 0.82043 0.03044
v 0.29529 0.82043 0.03300
v 0.29466 0.81863 0.03300
v 0.29428 0.81863 0.03537
v 0.29320 0.81863 0.03750
v 0.29150 0.81863 0.03920
v 0.28937 0.81863 0.04028
v 0.28700 0.81863 0.04066
v 0.28463 0.81863 0.04028
v 0.28250 0.81863 0.03920
v 0.28080 0.81863 0.03750
v 0.27972 0.81863 0.03537
v 0.27934 0.81863 0.03300
v 0.27972 0.81863 0.03063
v 0.28080 0.81863 0.02850
v 0.28250 0.81863 0.02680
v 0.28463 0.81863 0.02572
v 0.28700 0.81863 0.02534
v 0.28937 0.81863 0.02572
v 0.29150 0.81863 0.02680
v 0.29320 0.81863 0.02850
v 0.29428 0.81863 0.03063
v 0.29466 0.81863 0.03300
v 0.29365 0.81702 0.03300
v 0.29332 0.81702 0.03505
v 0.29238 0.81702 0.03691
v 0.29091 0.81702 0.03838
v 0.28905 0.81702 0.03932
v 0.28700 0.81702 0.03965
v 0.28495 0.81702 0.03932
v 0.28309 0.81702 0.03838
v 0.28162 0.81702 0.03691
v 0.28068 0.81702 0.03505
v 0.28035 0.81702 0.03300
v 0.28068 0.81702 0.03095
v 0.28162 0.81702 0.02909
v 0.28309 0.81702 0.02762
v 0.28495 0.81702 0.02668
v 0.28700 0.81702 0.02635
v 0.28905 0.81702 0.02668
v 0.29091 0.81702 0.02762
v 0.29238 0.81702 0.02909
v 0.29332 0.81702 0.03095
v 0.29365 0.81702 0.03300
v 0.29230 0.81567 0.03300
v 0.29204 0.81567 0.03464
v 0.29129 0.81567 0.03612
v 0.29012 0.81567 0.03729
v 0.28864 0.81567 0.03804
v 0.28700 0.81567 0.03830
v 0.28536 0.81567 0.03804
v 0.28388 0.81567 0.03729
v 0.28271 0.81567 0.03612
v 0.28196 0.81567 0.03464
v 0.28170 0.81567 0.03300
v 0.28196 0.81567 0.03136
v 0.28271 0.81567 0.02988
v 0.28388 0.81567 0.02871
v 0.28536 0.81567 0.02796
v 0.28700 0.81567 0.02770
v 0.28864 0.81567 0.02796
v 0.29012 0.81567 0.02871
v 0.29129 0.81567 0.02988
v 0.29204 0.81567 0.03136
v 0.29230 0.81567 0.03300
v 0.29069 0.81466 0.03300
v 0.29051 0.81466 0.03414
v 0.28998 0.81466 0.03517
v 0.28917 0.81466 0.03598
v 0.28814 0.81466 0.03651
v 0.28700 0.81466 0.03669
v 0.28586 0.81466 0.03651
v 0.28483 0.81466 0.03598
v 0.28402 0.81466 0.03517
v 0.28349 0.81466 0.03414
v 0.28331 0.81466 0.03300
v 0.28349 0.81466 0.03186
v 0.28402 0.81466 0.03083
v 0.28483 0.81466 0.03002
v 0.28586 0.81466 0.02949
v 0.28700 0.81466 0.02931
v 0.28814 0.81466 0.02949
v 0.28917 0.81466 0.03002
v 0.28998 0.81466 0.03083
v 0.29051 0.81466 0.03186
v 0.29069 0.81466 0.03300
v 0.28889 0.81403 0.03300
v 0.28880 0.81403 0.03358
v 0.28853 0.81403 0.03411
v 0.28811 0.81403 0.03453
v 0.28758 0.81403 0.03480
v 0.28700 0.81403 0.03489
v 0.28642 0.81403 0.03480
v 0.28589 0.81403 0.03453
v 0.28547 0.81403 0.03411
v 0.28520 0.81403 0.03358
v 0.28511 0.81403 0.03300
v 0.28520 0.81403 0.03242
v 0.28547 0.81403 0.03189
v 0.28589 0.81403 0.03147
v 0.28642 0.81403 0.03120
v 0.28700 0.81403 0.03111
v 0.28758 0.81403 0.03120
v 0.28811 0.81403 0.03147
v 0.28853 0.81403 0.03189
v 0.28880 0.81403 0.03242
v 0.28889 0.81403 0.03300
v 0.28700 0.81382 0.03300
v 0.28700 0.81382 0.03300
v 0.28700 0.81382 0.03300
v 0.28700 0.81382 0.03300
v 0.28700 0.81382 0.03300
v 0.28700 0.81382 0.03300
v 0.28700 0.81382 0.03300
v 0.28700 0.81382 0.03300
v 0.28700 0.81382 0.03300
v 0.28700 0.81382 0.03300
v 0.28700 0.81382 0.03300
v 0.28700 0.81382 0.03300
v 0.28700 0.81382 0.03300
v 0.28700 0.81382 0.03300
v 0.28700 0.81382 0.03300
v 0.28700 0.81382 0.03300
v 0.28700 0.81382 0.03300
v 0.28700 0.81382 0.03300
v 0.28700 0.81382 0.03300
v 0.28700 0.81382 0.03300
v 0.28700 0.81382 0.03300
v 0.29500 0.82232 0.03300
v 0.29400 0.80504 0.03500
v 0.29266 0.82167 0.02738
v 0.29195 0.80447 0.03008
v 0.28700 0.82140 0.02505
v 0.28700 0.80424 0.02805
v 0.28134 0.82167 0.02738
v 0.28205 0.80447 0.03008
v 0.27900 0.82232 0.03300
v 0.28000 0.80504 0.03500
v 0.28134 0.82297 0.03862
v 0.28205 0.80561 0.03992
v 0.28700 0.82324 0.04095
v 0.28700 0.80584 0.04195
v 0.29266 0.82297 0.03862
v 0.29195 0.80561 0.03992
v 0.29500 0.82232 0.03300
v 0.29400 0.80504 0.03500
v 0.28700 0.82232 0.03300
v 0.28700 0.80504 0.03500
v 0.28700 0.81204 0.03500
v 0.28700 0.81204 0.03500
v 0.28700 0.81204 0.03500
v 0.28700 0.81204 0.03500
v 0.28700 0.81204 0.03500
v 0.28700 0.81204 0.03500
v 0.28700 0.81204 0.03500
v 0.28700 0.81204 0.03500
v 0.28700 0.81204 0.03500
v 0.28700 0.81204 0.03500
v 0.28700 0.81204 0.03500
v 0.28700 0.81204 0.03500
v 0.28700 0.81204 0.03500
v 0.28700 0.81204 0.03500
v 0.28700 0.81204 0.03500
v 0.28700 0.81204 0.03500
v 0.28700 0.81204 0.03500
v 0.28700 0.81204 0.03500
v 0.28700 0.81204 0.03500
v 0.28700 0.81204 0.03500
v 0.28700 0.81204 0.03500
v 0.28856 0.81186 0.03500
v 0.28848 0.81186 0.03548
v 0.28826 0.81186 0.03592
v 0.28792 0.81186 0.03626
v 0.28748 0.81186 0.03648
v 0.28700 0.81186 0.03656
v 0.28652 0.81186 0.03648
v 0.28608 0.81186 0.03626
v 0.28574 0.81186 0.03592
v 0.28552 0.81186 0.03548
v 0.28544 0.81186 0.03500
v 0.28552 0.81186 0.03452
v 0.28574 0.81186 0.03408
v 0.28608 0.81186 0.03374
v 0.28652 0.81186 0.03352
v 0.28700 0.81186 0.03344
v 0.28748 0.81186 0.03352
v 0.28792 0.81186 0.03374
v 0.28826 0.81186 0.03408
v 0.28848 0.81186 0.03452
v 0.28856 0.81186 0.03500
v 0.29004 0.81135 0.03500
v 0.28989 0.81135 0.03594
v 0.28946 0.81135 0.03679
v 0.28879 0.81135 0.03746
v 0.28794 0.81135 0.03789
v 0.28700 0.81135 0.03804
v 0.28606 0.81135 0.03789
v 0.28521 0.81135 0.03746
v 0.28454 0.81135 0.03679
v 0.28411 0.81135 0.03594
v 0.28396 0.81135 0.03500
v 0.28411 0.81135 0.03406
v 0.28454 0.81135 0.03321
v 0.28521 0.81135 0.03254
v 0.28606 0.81135 0.03211
v 0.28700 0.81135 0.03196
v 0.28794 0.81135 0.03211
v 0.28879 0.81135 0.03254
v 0.28946 0.81135 0.03321
v 0.28989 0.81135 0.03406
v 0.29004 0.81135 0.03500
v 0.29136 0.81051 0.03500
v 0.29115 0.81051 0.03635
v 0.29053 0.81051 0.03757
v 0.28957 0.81051 0.03853
v 0.28835 0.81051 0.03915
v 0.28700 0.81051 0.03936
v 0.28565 0.81051 0.03915
v 0.28443 0.81051 0.03853
v 0.28347 0.81051 0.03757
v 0.28285 0.81051 0.03635
v 0.28264 0.81051 0.03500
v 0.28285 0.81051 0.03365
v 0.28347 0.81051 0.03243
v 0.28443 0.81051 0.03147
v 0.28565 0.81051 0.03085
v 0.28700 0.81051 0.03064
v 0.28835 0.81051 0.03085
v 0.28957 0.81051 0.03147
v 0.29053 0.81051 0.03243
v 0.29115 0.81051 0.03365
v 0.29136 0.81051 0.03500
v 0.29247 0.80940 0.03500
v 0.29220 0.80940 0.03669
v 0.29143 0.80940 0.03822
v 0.29022 0.80940 0.03943
v 0.28869 0.80940 0.04020
v 0.28700 0.80940 0.04047
v 0.28531 0.80940 0.04020
v 0.28378 0.80940 0.03943
v 0.28257 0.80940 0.03822
v 0.28180 0.80940 0.03669
v 0.28153 0.80940 0.03500
v 0.28180 0.80940 0.03331
v 0.28257 0.80940 0.03178
v 0.28378 0.80940 0.03057
v 0.28531 0.80940 0.02980
v 0.28700 0.80940 0.02953
v 0.28869 0.80940 0.02980
v 0.29022 0.80940 0.03057
v 0.29143 0.80940 0.03178
v 0.29220 0.80940 0.03331
v 0.29247 0.80940 0.03500
v 0.29331 0.80808 0.03500
v 0.29300 0.80808 0.03695
v 0.29210 0.80808 0.03871
v 0.29071 0.80808 0.04010
v 0.28895 0.80808 0.04100
v 0.28700 0.80808 0.04131
v 0.28505 0.80808 0.04100
v 0.28329 0.80808 0.04010
v 0.28190 0.80808 0.03871
v 0.28100 0.80808 0.03695
v 0.28069 0.80808 0.03500
v 0.28100 0.80808 0.03305
v 0.28190 0.80808 0.03129
v 0.28329 0.80808 0.02990
v 0.28505 0.80808 0.02900
v 0.28700 0.80808 0.02869
v 0.28895 0.80808 0.02900
v 0.29071 0.80808 0.02990
v 0.29210 0.80808 0.03129
v 0.29300 0.80808 0.03305
v 0.29331 0.80808 0.03500
v 0.29382 0.80660 0.03500
v 0.29349 0.80660 0.03711
v 0.29252 0.80660 0.03901
v 0.29101 0.80660 0.04052
v 0.28911 0.80660 0.04149
v 0.28700 0.80660 0.04182
v 0.28489 0.80660 0.04149
v 0.28299 0.80660 0.04052
v 0.28148 0.80660 0.03901
v 0.28051 0.80660 0.03711
v 0.28018 0.80660 0.03500
v 0.28051 0.80660 0.03289
v 0.28148 0.80660 0.03099
v 0.28299 0.80660 0.02948
v 0.28489 0.80660 0.02851
v 0.28700 0.80660 0.02818
v 0.28911 0.80660 0.02851
v 0.29101 0.80660 0.02948
v 0.29252 0.80660 0.03099
v 0.29349 0.80660 0.03289
v 0.29382 0.80660 0.03500
v 0.29400 0.80504 0.03500
v 0.29366 0.80504 0.03716
v 0.29266 0.80504 0.03911
v 0.29111 0.80504 0.04066
v 0.28916 0.80504 0.04166
v 0.28700 0.80504 0.04200
v 0.28484 0.80504 0.04166
v 0.28289 0.80504 0.04066
v 0.28134 0.80504 0.03911
v 0.28034 0.80504 0.03716
v 0.28000 0.80504 0.03500
v 0.28034 0.80504 0.03284
v 0.28134 0.80504 0.03089
v 0.28289 0.80504 0.02934
v 0.28484 0.80504 0.02834
v 0.28700 0.80504 0.02800
v 0.28916 0.80504 0.02834
v 0.29111 0.80504 0.02934
v 0.29266 0.80504 0.03089
v 0.29366 0.80504 0.03284
v 0.29400 0.80504 0.03500
v 0.29382 0.80348 0.03500
v 0.29349 0.80348 0.03711
v 0.29252 0.80348 0.03901
v 0.29101 0.80348 0.04052
v 0.28911 0.80348 0.04149
v 0.28700 0.80348 0.04182
v 0.28489 0.80348 0.04149
v 0.28299 0.80348 0.04052
v 0.28148 0.80348 0.03901
v 0.28051 0.80348 0.03711
v 0.28018 0.80348 0.03500
v 0.28051 0.80348 0.03289
v 0.28148 0.80348 0.03099
v 0.28299 0.80348 0.02948
v 0.28489 0.80348 0.02851
v 0.28700 0.80348 0.02818
v 0.28911 0.80348 0.02851
v 0.29101 0.80348 0.02948
v 0.29252 0.80348 0.03099
v 0.29349 0.80348 0.03289
v 0.29382 0.80348 0.03500
v 0.29331 0.80200 0.03500
v 0.29300 0.80200 0.03695
v 0.29210 0.80200 0.03871
v 0.29071 0.80200 0.04010
v 0.28895 0.80200 0.04100
v 0.28700 0.80200 0.04131
v 0.28505 0.80200 0.04100
v 0.28329 0.80200 0.04010
v 0.28190 0.80200 0.03871
v 0.28100 0.80200 0.03695
v 0.28069 0.80200 0.03500
v 0.28100 0.80200 0.03305
v 0.28190 0.80200 0.03129
v 0.28329 0.80200 0.02990
v 0.28505 0.80200 0.02900
v 0.28700 0.80200 0.02869
v 0.28895 0.80200 0.02900
v 0.29071 0.80200 0.02990
v 0.29210 0.80200 0.03129
v 0.29300 0.80200 0.03305
v 0.29331 0.80200 0.03500
v 0.29247 0.80068 0.03500
v 0.29220 0.80068 0.03669
v 0.29143 0.80068 0.03822
v 0.29022 0.80068 0.03943
v 0.28869 0.80068 0.04020
v 0.28700 0.80068 0.04047
v 0.28531 0.80068 0.04020
v 0.28378 0.80068 0.03943
v 0.28257 0.80068 0.03822
v 0.28180 0.80068 0.03669
v 0.28153 0.80068 0.03500
v 0.28180 0.80068 0.03331
v 0.28257 0.80068 0.03178
v 0.28378 0.80068 0.03057
v 0.28531 0.80068 0.02980
v 0.28700 0.80068 0.02953
v 0.28869 0.80068 0.02980
v 0.29022 0.80068 0.03057
v 0.29143 0.80068 0.03178
v 0.29220 0.80068 0.03331
v 0.29247 0.80068 0.03500
v 0.29136 0.79957 0.03500
v 0.29115 0.79957 0.03635
v 0.29053 0.79957 0.03757
v 0.28957 0.79957 0.03853
v 0.28835 0.79957 0.03915
v 0.28700 0.79957 0.03936
v 0.28565 0.79957 0.03915
v 0.28443 0.79957 0.03853
v 0.28347 0.79957 0.03757
v 0.28285 0.79957 0.03635
v 0.28264 0.79957 0.03500
v 0.28285 0.79957 0.03365
v 0.28347 0.79957 0.03243
v 0.28443 0.79957 0.03147
v 0.28565 0.79957 0.03085
v 0.28700 0.79957 0.03064
v 0.28835 0.79957 0.03085
v 0.28957 0.79957 0.03147
v 0.29053 0.79957 0.03243
v 0.29115 0.79957 0.03365
v 0.29136 0.79957 0.03500
v 0.29004 0.79873 0.03500
v 0.28989 0.79873 0.03594
v 0.28946 0.79873 0.03679
v 0.28879 0.79873 0.03746
v 0.28794 0.79873 0.03789
v 0.28700 0.79873 0.03804
v 0.28606 0.79873 0.03789
v 0.28521 0.79873 0.03746
v 0.28454 0.79873 0.03679
v 0.28411 0.79873 0.03594
v 0.28396 0.79873 0.03500
v 0.28411 0.79873 0.03406
v 0.28454 0.79873 0.03321
v 0.28521 0.79873 0.03254
v 0.28606 0.79873 0.03211
v 0.28700 0.79873 0.03196
v 0.28794 0.79873 0.03211
v 0.28879 0.79873 0.03254
v 0.28946 0.79873 0.03321
v 0.28989 0.79873 0.03406
v 0.29004 0.79873 0.03500
v 0.28856 0.79822 0.03500
v 0.28848 0.79822 0.03548
v 0.28826 0.79822 0.03592
v 0.28792 0.79822 0.03626
v 0.28748 0.79822 0.03648
v 0.28700 0.79822 0.03656
v 0.28652 0.79822 0.03648
v 0.28608 0.79822 0.03626
v 0.28574 0.79822 0.03592
v 0.28552 0.79822 0.03548
v 0.28544 0.79822 0.03500
v 0.28552 0.79822 0.03452
v 0.28574 0.79822 0.03408
v 0.28608 0.79822 0.03374
v 0.28652 0.79822 0.03352
v 0.28700 0.79822 0.03344
v 0.28748 0.79822 0.03352
v 0.28792 0.79822 0.03374
v 0.28826 0.79822 0.03408
v 0.28848 0.79822 0.03452
v 0.28856 0.79822 0.03500
v 0.28700 0.79804 0.03500
v 0.28700 0.79804 0.03500
v 0.28700 0.79804 0.03500
v 0.28700 0.79804 0.03500
v 0.28700 0.79804 0.03500
v 0.28700 0.79804 0.03500
v 0.28700 0.79804 0.03500
v 0.28700 0.79804 0.03500
v 0.28700 0.79804 0.03500
v 0.28700 0.79804 0.03500
v 0.28700 0.79804 0.03500
v 0.28700 0.79804 0.03500
v 0.28700 0.79804 0.03500
v 0.28700 0.79804 0.03500
v 0.28700 0.79804 0.03500
v 0.28700 0.79804 0.03500
v 0.28700 0.79804 0.03500
v 0.28700 0.79804 0.03500
v 0.28700 0.79804 0.03500
v 0.28700 0.79804 0.03500
v 0.28700 0.79804 0.03500
v 0.29350 0.80504 0.03500
v 0.29250 0.79100 0.03700
v 0.29160 0.80439 0.03045
v 0.29089 0.79045 0.03315
v 0.28700 0.80412 0.02856
v 0.28700 0.79022 0.03155
v 0.28240 0.80439 0.03045
v 0.28311 0.79045 0.03315
v 0.28050 0.80504 0.03500
v 0.28150 0.79100 0.03700
v 0.28240 0.80569 0.03955
v 0.28311 0.79155 0.04085
v 0.28700 0.80596 0.04144
v 0.28700 0.79178 0.04245
v 0.29160 0.80569 0.03955
v 0.29089 0.79155 0.04085
v 0.29350 0.80504 0.03500
v 0.29250 0.79100 0.03700
v 0.28700 0.80504 0.03500
v 0.28700 0.79100 0.03700
v 0.28700 0.79650 0.03700
v 0.28700 0.79650 0.03700
v 0.28700 0.79650 0.03700
v 0.28700 0.79650 0.03700
v 0.28700 0.79650 0.03700
v 0.28700 0.79650 0.03700
v 0.28700 0.79650 0.03700
v 0.28700 0.79650 0.03700
v 0.28700 0.79650 0.03700
v 0.28700 0.79650 0.03700
v 0.28700 0.79650 0.03700
v 0.28700 0.79650 0.03700
v 0.28700 0.79650 0.03700
v 0.28700 0.79650 0.03700
v 0.28700 0.79650 0.03700
v 0.28700 0.79650 0.03700
v 0.28700 0.79650 0.03700
v 0.28700 0.79650 0.03700
v 0.28700 0.79650 0.03700
v 0.28700 0.79650 0.03700
v 0.28700 0.79650 0.03700
v 0.28822 0.79636 0.03700
v 0.28816 0.79636 0.03738
v 0.28799 0.79636 0.03772
v 0.28772 0.79636 0.03799
v 0.28738 0.79636 0.03816
v 0.28700 0.79636 0.03822
v 0.28662 0.79636 0.03816
v 0.28628 0.79636 0.03799
v 0.28601 0.79636 0.03772
v 0.28584 0.79636 0.03738
v 0.28578 0.79636 0.03700
v 0.28584 0.79636 0.03662
v 0.28601 0.79636 0.03628
v 0.28628 0.79636 0.03601
v 0.28662 0.79636 0.03584
v 0.28700 0.79636 0.03578
v 0.28738 0.79636 0.03584
v 0.28772 0.79636 0.03601
v 0.28799 0.79636 0.03628
v 0.28816 0.79636 0.03662
v 0.28822 0.79636 0.03700
v 0.28939 0.79596 0.03700
v 0.28927 0.79596 0.03774
v 0.28893 0.79596 0.03840
v 0.28840 0.79596 0.03893
v 0.28774 0.79596 0.03927
v 0.28700 0.79596 0.03939
v 0.28626 0.79596 0.03927
v 0.28560 0.79596 0.03893
v 0.28507 0.79596 0.03840
v 0.28473 0.79596 0.03774
v 0.28461 0.79596 0.03700
v 0.28473 0.79596 0.03626
v 0.28507 0.79596 0.03560
v 0.28560 0.79596 0.03507
v 0.28626 0.79596 0.03473
v 0.28700 0.79596 0.03461
v 0.28774 0.79596 0.03473
v 0.28840 0.79596 0.03507
v 0.28893 0.79596 0.03560
v 0.28927 0.79596 0.03626
v 0.28939 0.79596 0.03700
v 0.29043 0.79530 0.03700
v 0.29026 0.79530 0.03806
v 0.28977 0.79530 0.03902
v 0.28902 0.79530 0.03977
v 0.28806 0.79530 0.04026
v 0.28700 0.79530 0.04043
v 0.28594 0.79530 0.04026
v 0.28498 0.79530 0.03977
v 0.28423 0.79530 0.03902
v 0.28374 0.79530 0.03806
v 0.28357 0.79530 0.03700
v 0.28374 0.79530 0.03594
v 0.28423 0.79530 0.03498
v 0.28498 0.79530 0.03423
v 0.28594 0.79530 0.03374
v 0.28700 0.79530 0.03357
v 0.28806 0.79530 0.03374
v 0.28902 0.79530 0.03423
v 0.28977 0.79530 0.03498
v 0.29026 0.79530 0.03594
v 0.29043 0.79530 0.03700
v 0.29130 0.79443 0.03700
v 0.29109 0.79443 0.03833
v 0.29048 0.79443 0.03953
v 0.28953 0.79443 0.04048
v 0.28833 0.79443 0.04109
v 0.28700 0.79443 0.04130
v 0.28567 0.79443 0.04109
v 0.28447 0.79443 0.04048
v 0.28352 0.79443 0.03953
v 0.28291 0.79443 0.03833
v 0.28270 0.79443 0.03700
v 0.28291 0.79443 0.03567
v 0.28352 0.79443 0.03447
v 0.28447 0.79443 0.03352
v 0.28567 0.79443 0.03291
v 0.28700 0.79443 0.03270
v 0.28833 0.79443 0.03291
v 0.28953 0.79443 0.03352
v 0.29048 0.79443 0.03447
v 0.29109 0.79443 0.03567
v 0.29130 0.79443 0.03700
v 0.29196 0.79339 0.03700
v 0.29171 0.79339 0.03853
v 0.29101 0.79339 0.03991
v 0.28991 0.79339 0.04101
v 0.28853 0.79339 0.04171
v 0.28700 0.79339 0.04196
v 0.28547 0.79339 0.04171
v 0.28409 0.79339 0.04101
v 0.28299 0.79339 0.03991
v 0.28229 0.79339 0.03853
v 0.28204 0.79339 0.03700
v 0.28229 0.79339 0.03547
v 0.28299 0.79339 0.03409
v 0.28409 0.79339 0.03299
v 0.28547 0.79339 0.03229
v 0.28700 0.79339 0.03204
v 0.28853 0.79339 0.03229
v 0.28991 0.79339 0.03299
v 0.29101 0.79339 0.03409
v 0.29171 0.79339 0.03547
v 0.29196 0.79339 0.03700
v 0.29236 0.79222 0.03700
v 0.29210 0.79222 0.03866
v 0.29134 0.79222 0.04015
v 0.29015 0.79222 0.04134
v 0.28866 0.79222 0.04210
v 0.28700 0.79222 0.04236
v 0.28534 0.79222 0.04210
v 0.28385 0.79222 0.04134
v 0.28266 0.79222 0.04015
v 0.28190 0.79222 0.03866
v 0.28164 0.79222 0.03700
v 0.28190 0.79222 0.03534
v 0.28266 0.79222 0.03385
v 0.28385 0.79222 0.03266
v 0.28534 0.79222 0.03190
v 0.28700 0.79222 0.03164
v 0.28866 0.79222 0.03190
v 0.29015 0.79222 0.03266
v 0.29134 0.79222 0.03385
v 0.29210 0.79222 0.03534
v 0.29236 0.79222 0.03700
v 0.29250 0.79100 0.03700
v 0.29223 0.79100 0.03870
v 0.29145 0.79100 0.04023
v 0.29023 0.79100 0.04145
v 0.28870 0.79100 0.04223
v 0.28700 0.79100 0.04250
v 0.28530 0.79100 0.04223
v 0.28377 0.79100 0.04145
v 0.28255 0.79100 0.04023
v 0.28177 0.79100 0.03870
v 0.28150 0.79100 0.03700
v 0.28177 0.79100 0.03530
v 0.28255 0.79100 0.03377
v 0.28377 0.79100 0.03255
v 0.28530 0.79100 0.03177
v 0.28700 0.79100 0.03150
v 0.28870 0.79100 0.03177
v 0.29023 0.79100 0.03255
v 0.29145 0.79100 0.03377
v 0.29223 0.79100 0.03530
v 0.29250 0.79100 0.03700
v 0.29236 0.78978 0.03700
v 0.29210 0.78978 0.03866
v 0.29134 0.78978 0.04015
v 0.29015 0.78978 0.04134
v 0.28866 0.78978 0.04210
v 0.28700 0.78978 0.04236
v 0.28534 0.78978 0.04210
v 0.28385 0.78978 0.04134
v 0.28266 0.78978 0.04015
v 0.28190 0.78978 0.03866
v 0.28164 0.78978 0.03700
v 0.28190 0.78978 0.03534
v 0.28266 0.78978 0.03385
v 0.28385 0.78978 0.03266
v 0.28534 0.78978 0.03190
v 0.28700 0.78978 0.03164
v 0.28866 0.78978 0.03190
v 0.29015 0.78978 0.03266
v 0.29134 0.78978 0.03385
v 0.29210 0.78978 0.03534
v 0.29236 0.78978 0.03700
v 0.29196 0.78861 0.03700
v 0.29171 0.78861 0.03853
v 0.29101 0.78861 0.03991
v 0.28991 0.78861 0.04101
v 0.28853 0.78861 0.04171
v 0.28700 0.78861 0.04196
v 0.28547 0.78861 0.04171
v 0.28409 0.78861 0.04101
v 0.28299 0.78861 0.03991
v 0.28229 0.78861 0.03853
v 0.28204 0.78861 0.03700
v 0.28229 0.78861 0.03547
v 0.28299 0.78861 0.03409
v 0.28409 0.78861 0.03299
v 0.28547 0.78861 0.03229
v 0.28700 0.78861 0.03204
v 0.28853 0.78861 0.03229
v 0.28991 0.78861 0.03299
v 0.29101 0.78861 0.03409
v 0.29171 0.78861 0.03547
v 0.29196 0.78861 0.03700
v 0.29130 0.78757 0.03700
v 0.29109 0.78757 0.03833
v 0.29048 0.78757 0.03953
v 0.28953 0.78757 0.04048
v 0.28833 0.78757 0.04109
v 0.28700 0.78757 0.04130
v 0.28567 0.78757 0.04109
v 0.28447 0.78757 0.04048
v 0.28352 0.78757 0.03953
v 0.28291 0.78757 0.03833
v 0.28270 0.78757 0.03700
v 0.28291 0.78757 0.03567
v 0.28352 0.78757 0.03447
v 0.28447 0.78757 0.03352
v 0.28567 0.78757 0.03291
v 0.28700 0.78757 0.03270
v 0.28833 0.78757 0.03291
v 0.28953 0.78757 0.03352
v 0.29048 0.78757 0.03447
v 0.29109 0.78757 0.03567
v 0.29130 0.78757 0.03700
v 0.29043 0.78670 0.03700
v 0.29026 0.78670 0.03806
v 0.28977 0.78670 0.03902
v 0.28902 0.78670 0.03977
v 0.28806 0.78670 0.04026
v 0.28700 0.78670 0.04043
v 0.28594 0.78670 0.04026
v 0.28498 0.78670 0.03977
v 0.28423 0.78670 0.03902
v 0.28374 0.78670 0.03806
v 0.28357 0.78670 0.03700
v 0.28374 0.78670 0.03594
v 0.28423 0.78670 0.03498
v 0.28498 0.78670 0.03423
v 0.28594 0.78670 0.03374
v 0.28700 0.78670 0.03357
v 0.28806 0.78670 0.03374
v 0.28902 0.78670 0.03423
v 0.28977 0.78670 0.03498
v 0.29026 0.78670 0.03594
v 0.29043 0.78670 0.03700
v 0.28939 0.78604 0.03700
v 0.28927 0.78604 0.03774
v 0.28893 0.78604 0.03840
v 0.28840 0.78604 0.03893
v 0.28774 0.78604 0.03927
v 0.28700 0.78604 0.03939
v 0.28626 0.78604 0.03927
v 0.28560 0.78604 0.03893
v 0.28507 0.78604 0.03840
v 0.28473 0.78604 0.03774
v 0.28461 0.78604 0.03700
v 0.28473 0.78604 0.03626
v 0.28507 0.78604 0.03560
v 0.28560 0.78604 0.03507
v 0.28626 0.78604 0.03473
v 0.28700 0.78604 0.03461
v 0.28774 0.78604 0.03473
v 0.28840 0.78604 0.03507
v 0.28893 0.78604 0.03560
v 0.28927 0.78604 0.03626
v 0.28939 0.78604 0.03700
v 0.28822 0.78564 0.03700
v 0.28816 0.78564 0.03738
v 0.28799 0.78564 0.03772
v 0.28772 0.78564 0.03799
v 0.28738 0.78564 0.03816
v 0.28700 0.78564 0.03822
v 0.28662 0.78564 0.03816
v 0.28628 0.78564 0.03799
v 0.28601 0.78564 0.03772
v 0.28584 0.78564 0.03738
v 0.28578 0.78564 0.03700
v 0.28584 0.78564 0.03662
v 0.28601 0.78564 0.03628
v 0.28628 0.78564 0.03601
v 0.28662 0.78564 0.03584
v 0.28700 0.78564 0.03578
v 0.28738 0.78564 0.03584
v 0.28772 0.78564 0.03601
v 0.28799 0.78564 0.03628
v 0.28816 0.78564 0.03662
v 0.28822 0.78564 0.03700
v 0.28700 0.78550 0.03700
v 0.28700 0.78550 0.03700
v 0.28700 0.78550 0.03700
v 0.28700 0.78550 0.03700
v 0.28700 0.78550 0.03700
v 0.28700 0.78550 0.03700
v 0.28700 0.78550 0.03700
v 0.28700 0.78550 0.03700
v 0.28700 0.78550 0.03700
v 0.28700 0.78550 0.03700
v 0.28700 0.78550 0.03700
v 0.28700 0.78550 0.03700
v 0.28700 0.78550 0.03700
v 0.28700 0.78550 0.03700
v 0.28700 0.78550 0.03700
v 0.28700 0.78550 0.03700
v 0.28700 0.78550 0.03700
v 0.28700 0.78550 0.03700
v 0.28700 0.78550 0.03700
v 0.28700 0.78550 0.03700
v 0.28700 0.78550 0.03700
v 0.31050 0.84500 0.03100
v 0.30950 0.82568 0.03300
v 0.30772 0.84431 0.02432
v 0.30701 0.82506 0.02702
v 0.30100 0.84402 0.02155
v 0.30100 0.82480 0.02455
v 0.29428 0.84431 0.02432
v 0.29499 0.82506 0.02702
v 0.29150 0.84500 0.03100
v 0.29250 0.82568 0.03300
v 0.29428 0.84569 0.03768
v 0.29499 0.82630 0.03898
v 0.30100 0.84598 0.04045
v 0.30100 0.82656 0.04145
v 0.30772 0.84569 0.03768
v 0.30701 0.82630 0.03898
v 0.31050 0.84500 0.03100
v 0.30950 0.82568 0.03300
v 0.30100 0.84500 0.03100
v 0.30100 0.82568 0.03300
v 0.30100 0.83418 0.03300
v 0.30100 0.83418 0.03300
v 0.30100 0.83418 0.03300
v 0.30100 0.83418 0.03300
v 0.30100 0.83418 0.03300
v 0.30100 0.83418 0.03300
v 0.30100 0.83418 0.03300
v 0.30100 0.83418 0.03300
v 0.30100 0.83418 0.03300
v 0.30100 0.83418 0.03300
v 0.30100 0.83418 0.03300
v 0.30100 0.83418 0.03300
v 0.30100 0.83418 0.03300
v 0.30100 0.83418 0.03300
v 0.30100 0.83418 0.03300
v 0.30100 0.83418 0.03300
v 0.30100 0.83418 0.03300
v 0.30100 0.83418 0.03300
v 0.30100 0.83418 0.03300
v 0.30100 0.83418 0.03300
v 0.30100 0.83418 0.03300
v 0.30289 0.83397 0.03300
v 0.30280 0.83397 0.03358
v 0.30253 0.83397 0.03411
v 0.30211 0.83397 0.03453
v 0.30158 0.83397 0.03480
v 0.30100 0.83397 0.03489
v 0.30042 0.83397 0.03480
v 0.29989 0.83397 0.03453
v 0.29947 0.83397 0.03411
v 0.29920 0.83397 0.03358
v 0.29911 0.83397 0.03300
v 0.29920 0.83397 0.03242
v 0.29947 0.83397 0.03189
v 0.29989 0.83397 0.03147
v 0.30042 0.83397 0.03120
v 0.30100 0.83397 0.03111
v 0.30158 0.83397 0.03120
v 0.30211 0.83397 0.03147
v 0.30253 0.83397 0.03189
v 0.30280 0.83397 0.03242
v 0.30289 0.83397 0.03300
v 0.30469 0.83334 0.03300
v 0.30451 0.83334 0.03414
v 0.30398 0.83334 0.03517
v 0.30317 0.83334 0.03598
v 0.30214 0.83334 0.03651
v 0.30100 0.83334 0.03669
v 0.29986 0.83334 0.03651
v 0.29883 0.83334 0.03598
v 0.29802 0.83334 0.03517
v 0.29749 0.83334 0.03414
v 0.29731 0.83334 0.03300
v 0.29749 0.83334 0.03186
v 0.29802 0.83334 0.03083
v 0.29883 0.83334 0.03002
v 0.29986 0.83334 0.02949
v 0.30100 0.83334 0.02931
v 0.30214 0.83334 0.02949
v 0.30317 0.83334 0.03002
v 0.30398 0.83334 0.03083
v 0.30451 0.83334 0.03186
v 0.30469 0.83334 0.03300
v 0.30630 0.83233 0.03300
v 0.30604 0.83233 0.03464
v 0.30529 0.83233 0.03612
v 0.30412 0.83233 0.03729
v 0.30264 0.83233 0.03804
v 0.30100 0.83233 0.03830
v 0.29936 0.83233 0.03804
v 0.29788 0.83233 0.03729
v 0.29671 0.83233 0.03612
v 0.29596 0.83233 0.03464
v 0.29570 0.83233 0.03300
v 0.29596 0.83233 0.03136
v 0.29671 0.83233 0.02988
v 0.29788 0.83233 0.02871
v 0.29936 0.83233 0.02796
v 0.30100 0.83233 0.02770
v 0.30264 0.83233 0.02796
v 0.30412 0.83233 0.02871
v 0.30529 0.83233 0.02988
v 0.30604 0.83233 0.03136
v 0.30630 0.83233 0.03300
v 0.30765 0.83098 0.03300
v 0.30732 0.83098 0.03505
v 0.30638 0.83098 0.03691
v 0.30491 0.83098 0.03838
v 0.30305 0.83098 0.03932
v 0.30100 0.83098 0.03965
v 0.29895 0.83098 0.03932
v 0.29709 0.83098 0.03838
v 0.29562 0.83098 0.03691
v 0.29468 0.83098 0.03505
v 0.29435 0.83098 0.03300
v 0.29468 0.83098 0.03095
v 0.29562 0.83098 0.02909
v 0.29709 0.83098 0.02762
v 0.29895 0.83098 0.02668
v 0.30100 0.83098 0.02635
v 0.30305 0.83098 0.02668
v 0.30491 0.83098 0.02762
v 0.30638 0.83098 0.02909
v 0.30732 0.83098 0.03095
v 0.30765 0.83098 0.03300
v 0.30866 0.82937 0.03300
v 0.30828 0.82937 0.03537
v 0.30720 0.82937 0.03750
v 0.30550 0.82937 0.03920
v 0.30337 0.82937 0.04028
v 0.30100 0.82937 0.04066
v 0.29863 0.82937 0.04028
v 0.29650 0.82937 0.03920
v 0.29480 0.82937 0.03750
v 0.29372 0.82937 0.03537
v 0.29334 0.82937 0.03300
v 0.29372 0.82937 0.03063
v 0.29480 0.82937 0.02850
v 0.29650 0.82937 0.02680
v 0.29863 0.82937 0.02572
v 0.30100 0.82937 0.02534
v 0.30337 0.82937 0.02572
v 0.30550 0.82937 0.02680
v 0.30720 0.82937 0.02850
v 0.30828 0.82937 0.03063
v 0.30866 0.82937 0.03300
v 0.30929 0.82757 0.03300
v 0.30888 0.82757 0.03556
v 0.30770 0.82757 0.03787
v 0.30587 0.82757 0.03970
v 0.30356 0.82757 0.04088
v 0.30100 0.82757 0.04129
v 0.29844 0.82757 0.04088
v 0.29613 0.82757 0.03970
v 0.29430 0.82757 0.03787
v 0.29312 0.82757 0.03556
v 0.29271 0.82757 0.03300
v 0.29312 0.82757 0.03044
v 0.29430 0.82757 0.02813
v 0.29613 0.82757 0.02630
v 0.29844 0.82757 0.02512
v 0.30100 0.82757 0.02471
v 0.30356 0.82757 0.02512
v 0.30587 0.82757 0.02630
v 0.30770 0.82757 0.02813
v 0.30888 0.82757 0.03044
v 0.30929 0.82757 0.03300
v 0.30950 0.82568 0.03300
v 0.30908 0.82568 0.03563
v 0.30788 0.82568 0.03800
v 0.30600 0.82568 0.03988
v 0.30363 0.82568 0.04108
v 0.30100 0.82568 0.04150
v 0.29837 0.82568 0.04108
v 0.29600 0.82568 0.03988
v 0.29412 0.82568 0.03800
v 0.29292 0.82568 0.03563
v 0.29250 0.82568 0.03300
v 0.29292 0.82568 0.03037
v 0.29412 0.82568 0.02800
v 0.29600 0.82568 0.02612
v 0.29837 0.82568 0.02492
v 0.30100 0.82568 0.02450
v 0.30363 0.82568 0.02492
v 0.30600 0.82568 0.02612
v 0.30788 0.82568 0.02800
v 0.30908 0.82568 0.03037
v 0.30950 0.82568 0.03300
v 0.30929 0.82379 0.03300
v 0.30888 0.82379 0.03556
v 0.30770 0.82379 0.03787
v 0.30587 0.82379 0.03970
v 0.30356 0.82379 0.04088
v 0.30100 0.82379 0.04129
v 0.29844 0.82379 0.04088
v 0.29613 0.82379 0.03970
v 0.29430 0.82379 0.03787
v 0.29312 0.82379 0.03556
v 0.29271 0.82379 0.03300
v 0.29312 0.82379 0.03044
v 0.29430 0.82379 0.02813
v 0.29613 0.82379 0.02630
v 0.29844 0.82379 0.02512
v 0.30100 0.82379 0.02471
v 0.30356 0.82379 0.02512
v 0.30587 0.82379 0.02630
v 0.30770 0.82379 0.02813
v 0.30888 0.82379 0.03044
v 0.30929 0.82379 0.03300
v 0.30866 0.82199 0.03300
v 0.30828 0.82199 0.03537
v 0.30720 0.82199 0.03750
v 0.30550 0.82199 0.03920
v 0.30337 0.82199 0.04028
v 0.30100 0.82199 0.04066
v 0.29863 0.82199 0.04028
v 0.29650 0.82199 0.03920
v 0.29480 0.82199 0.03750
v 0.29372 0.82199 0.03537
v 0.29334 0.82199 0.03300
v 0.29372 0.82199 0.03063
v 0.29480 0.82199 0.02850
v 0.29650 0.82199 0.02680
v 0.29863 0.82199 0.02572
v 0.30100 0.82199 0.02534
v 0.30337 0.82199 0.02572
v 0.30550 0.82199 0.02680
v 0.30720 0.82199 0.02850
v 0.30828 0.82199 0.03063
v 0.30866 0.82199 0.03300
v 0.30765 0.82038 0.03300
v 0.30732 0.82038 0.03505
v 0.30638 0.82038 0.03691
v 0.30491 0.82038 0.03838
v 0.30305 0.82038 0.03932
v 0.30100 0.82038 0.03965
v 0.29895 0.82038 0.03932
v 0.29709 0.82038 0.03838
v 0.29562 0.82038 0.03691
v 0.29468 0.82038 0.03505
v 0.29435 0.82038 0.03300
v 0.29468 0.82038 0.03095
v 0.29562 0.82038 0.02909
v 0.29709 0.82038 0.02762
v 0.29895 0.82038 0.02668
v 0.30100 0.82038 0.02635
v 0.30305 0.82038 0.02668
v 0.30491 0.82038 0.02762
v 0.30638 0.82038 0.02909
v 0.30732 0.82038 0.03095
v 0.30765 0.82038 0.03300
v 0.30630 0.81903 0.03300
v 0.30604 0.81903 0.03464
v 0.30529 0.81903 0.03612
v 0.30412 0.81903 0.03729
v 0.30264 0.81903 0.03804
v 0.30100 0.81903 0.03830
v 0.29936 0.81903 0.03804
v 0.29788 0.81903 0.03729
v 0.29671 0.81903 0.03612
v 0.29596 0.81903 0.03464
v 0.29570 0.81903 0.03300
v 0.29596 0.81903 0.03136
v 0.29671 0.81903 0.02988
v 0.29788 0.81903 0.02871
v 0.29936 0.81903 0.02796
v 0.30100 0.81903 0.02770
v 0.30264 0.81903 0.02796
v 0.30412 0.81903 0.02871
v 0.30529 0.81903 0.02988
v 0.30604 0.81903 0.03136
v 0.30630 0.81903 0.03300
v 0.30469 0.81802 0.03300
v 0.30451 0.81802 0.03414
v 0.30398 0.81802 0.03517
v 0.30317 0.81802 0.03598
v 0.30214 0.81802 0.03651
v 0.30100 0.81802 0.03669
v 0.29986 0.81802 0.03651
v 0.29883 0.81802 0.03598
v 0.29802 0.81802 0.03517
v 0.29749 0.81802 0.03414
v 0.29731 0.81802 0.03300
v 0.29749 0.81802 0.03186
v 0.29802 0.81802 0.03083
v 0.29883 0.81802 0.03002
v 0.29986 0.81802 0.02949
v 0.30100 0.81802 0.02931
v 0.30214 0.81802 0.02949
v 0.30317 0.81802 0.03002
v 0.30398 0.81802 0.03083
v 0.30451 0.81802 0.03186
v 0.30469 0.81802 0.03300
v 0.30289 0.81739 0.03300
v 0.30280 0.81739 0.03358
v 0.30253 0.81739 0.03411
v 0.30211 0.81739 0.03453
v 0.30158 0.81739 0.03480
v 0.30100 0.81739 0.03489
v 0.30042 0.81739 0.03480
v 0.29989 0.81739 0.03453
v 0.29947 0.81739 0.03411
v 0.29920 0.81739 0.03358
v 0.29911 0.81739 0.03300
v 0.29920 0.81739 0.03242
v 0.29947 0.81739 0.03189
v 0.29989 0.81739 0.03147
v 0.30042 0.81739 0.03120
v 0.30100 0.81739 0.03111
v 0.30158 0.81739 0.03120
v 0.30211 0.81739 0.03147
v 0.30253 0.81739 0.03189
v 0.30280 0.81739 0.03242
v 0.30289 0.81739 0.03300
v 0.30100 0.81718 0.03300
v 0.30100 0.81718 0.03300
v 0.30100 0.81718 0.03300
v 0.30100 0.81718 0.03300
v 0.30100 0.81718 0.03300
v 0.30100 0.81718 0.03300
v 0.30100 0.81718 0.03300
v 0.30100 0.81718 0.03300
v 0.30100 0.81718 0.03300
v 0.30100 0.81718 0.03300
v 0.30100 0.81718 0.03300
v 0.30100 0.81718 0.03300
v 0.30100 0.81718 0.03300
v 0.30100 0.81718 0.03300
v 0.30100 0.81718 0.03300
v 0.30100 0.81718 0.03300
v 0.30100 0.81718 0.03300
v 0.30100 0.81718 0.03300
v 0.30100 0.81718 0.03300
v 0.30100 0.81718 0.03300
v 0.30100 0.81718 0.03300
v 0.30900 0.82568 0.03300
v 0.30800 0.81096 0.03500
v 0.30666 0.82492 0.02739
v 0.30595 0.81029 0.03010
v 0.30100 0.82460 0.02507
v 0.30100 0.81002 0.02806
v 0.29534 0.82492 0.02739
v 0.29605 0.81029 0.03010
v 0.29300 0.82568 0.03300
v 0.29400 0.81096 0.03500
v 0.29534 0.82644 0.03861
v 0.29605 0.81163 0.03990
v 0.30100 0.82676 0.04093
v 0.30100 0.81190 0.04194
v 0.30666 0.82644 0.03861
v 0.30595 0.81163 0.03990
v 0.30900 0.82568 0.03300
v 0.30800 0.81096 0.03500
v 0.30100 0.82568 0.03300
v 0.30100 0.81096 0.03500
v 0.30100 0.81796 0.03500
v 0.30100 0.81796 0.03500
v 0.30100 0.81796 0.03500
v 0.30100 0.81796 0.03500
v 0.30100 0.81796 0.03500
v 0.30100 0.81796 0.03500
v 0.30100 0.81796 0.03500
v 0.30100 0.81796 0.03500
v 0.30100 0.81796 0.03500
v 0.30100 0.81796 0.03500
v 0.30100 0.81796 0.03500
v 0.30100 0.81796 0.03500
v 0.30100 0.81796 0.03500
v 0.30100 0.81796 0.03500
v 0.30100 0.81796 0.03500
v 0.30100 0.81796 0.03500
v 0.30100 0.81796 0.03500
v 0.30100 0.81796 0.03500
v 0.30100 0.81796 0.03500
v 0.30100 0.81796 0.03500
v 0.30100 0.81796 0.03500
v 0.30256 0.81778 0.03500
v 0.30248 0.81778 0.03548
v 0.30226 0.81778 0.03592
v 0.30192 0.81778 0.03626
v 0.30148 0.81778 0.03648
v 0.30100 0.81778 0.03656
v 0.30052 0.81778 0.03648
v 0.30008 0.81778 0.03626
v 0.29974 0.81778 0.03592
v 0.29952 0.81778 0.03548
v 0.29944 0.81778 0.03500
v 0.29952 0.81778 0.03452
v 0.29974 0.81778 0.03408
v 0.30008 0.81778 0.03374
v 0.30052 0.81778 0.03352
v 0.30100 0.81778 0.03344
v 0.30148 0.81778 0.03352
v 0.30192 0.81778 0.03374
v 0.30226 0.81778 0.03408
v 0.30248 0.81778 0.03452
v 0.30256 0.81778 0.03500
v 0.30404 0.81727 0.03500
v 0.30389 0.81727 0.03594
v 0.30346 0.81727 0.03679
v 0.30279 0.81727 0.03746
v 0.30194 0.81727 0.03789
v 0.30100 0.81727 0.03804
v 0.30006 0.81727 0.03789
v 0.29921 0.81727 0.03746
v 0.29854 0.81727 0.03679
v 0.29811 0.81727 0.03594
v 0.29796 0.81727 0.03500
v 0.29811 0.81727 0.03406
v 0.29854 0.81727 0.03321
v 0.29921 0.81727 0.03254
v 0.30006 0.81727 0.03211
v 0.30100 0.81727 0.03196
v 0.30194 0.81727 0.03211
v 0.30279 0.81727 0.03254
v 0.30346 0.81727 0.03321
v 0.30389 0.81727 0.03406
v 0.30404 0.81727 0.03500
v 0.30536 0.81643 0.03500
v 0.30515 0.81643 0.03635
v 0.30453 0.81643 0.03757
v 0.30357 0.81643 0.03853
v 0.30235 0.81643 0.03915
v 0.30100 0.81643 0.03936
v 0.29965 0.81643 0.03915
v 0.29843 0.81643 0.03853
v 0.29747 0.81643 0.03757
v 0.29685 0.81643 0.03635
v 0.29664 0.81643 0.03500
v 0.29685 0.81643 0.03365
v 0.29747 0.81643 0.03243
v 0.29843 0.81643 0.03147
v 0.29965 0.81643 0.03085
v 0.30100 0.81643 0.03064
v 0.30235 0.81643 0.03085
v 0.30357 0.81643 0.03147
v 0.30453 0.81643 0.03243
v 0.30515 0.81643 0.03365
v 0.30536 0.81643 0.03500
v 0.30647 0.81532 0.03500
v 0.30620 0.81532 0.03669
v 0.30543 0.81532 0.03822
v 0.30422 0.81532 0.03943
v 0.30269 0.81532 0.04020
v 0.30100 0.81532 0.04047
v 0.29931 0.81532 0.04020
v 0.29778 0.81532 0.03943
v 0.29657 0.81532 0.03822
v 0.29580 0.81532 0.03669
v 0.29553 0.81532 0.03500
v 0.29580 0.81532 0.03331
v 0.29657 0.81532 0.03178
v 0.29778 0.81532 0.03057
v 0.29931 0.81532 0.02980
v 0.30100 0.81532 0.02953
v 0.30269 0.81532 0.02980
v 0.30422 0.81532 0.03057
v 0.30543 0.81532 0.03178
v 0.30620 0.81532 0.03331
v 0.30647 0.81532 0.03500
v 0.30731 0.81400 0.03500
v 0.30700 0.81400 0.03695
v 0.30610 0.81400 0.03871
v 0.30471 0.81400 0.04010
v 0.30295 0.81400 0.04100
v 0.30100 0.81400 0.04131
v 0.29905 0.81400 0.04100
v 0.29729 0.81400 0.04010
v 0.29590 0.81400 0.03871
v 0.29500 0.81400 0.03695
v 0.29469 0.81400 0.03500
v 0.29500 0.81400 0.03305
v 0.29590 0.81400 0.03129
v 0.29729 0.81400 0.02990
v 0.29905 0.81400 0.02900
v 0.30100 0.81400 0.02869
v 0.30295 0.81400 0.02900
v 0.30471 0.81400 0.02990
v 0.30610 0.81400 0.03129
v 0.30700 0.81400 0.03305
v 0.30731 0.81400 0.03500
v 0.30782 0.81252 0.03500
v 0.30749 0.81252 0.03711
v 0.30652 0.81252 0.03901
v 0.30501 0.81252 0.04052
v 0.30311 0.81252 0.04149
v 0.30100 0.81252 0.04182
v 0.29889 0.81252 0.04149
v 0.29699 0.81252 0.04052
v 0.29548 0.81252 0.03901
v 0.29451 0.81252 0.03711
v 0.29418 0.81252 0.03500
v 0.29451 0.81252 0.03289
v 0.29548 0.81252 0.03099
v 0.29699 0.81252 0.02948
v 0.29889 0.81252 0.02851
v 0.30100 0.81252 0.02818
v 0.30311 0.81252 0.02851
v 0.30501 0.81252 0.02948
v 0.30652 0.81252 0.03099
v 0.30749 0.81252 0.03289
v 0.30782 0.81252 0.03500
v 0.30800 0.81096 0.03500
v 0.30766 0.81096 0.03716
v 0.30666 0.81096 0.03911
v 0.30511 0.81096 0.04066
v 0.30316 0.81096 0.04166
v 0.30100 0.81096 0.04200
v 0.29884 0.81096 0.04166
v 0.29689 0.81096 0.04066
v 0.29534 0.81096 0.03911
v 0.29434 0.81096 0.03716
v 0.29400 0.81096 0.03500
v 0.29434 0.81096 0.03284
v 0.29534 0.81096 0.03089
v 0.29689 0.81096 0.02934
v 0.29884 0.81096 0.02834
v 0.30100 0.81096 0.02800
v 0.30316 0.81096 0.02834
v 0.30511 0.81096 0.02934
v 0.30666 0.81096 0.03089
v 0.30766 0.81096 0.03284
v 0.30800 0.81096 0.03500
v 0.30782 0.80940 0.03500
v 0.30749 0.80940 0.03711
v 0.30652 0.80940 0.03901
v 0.30501 0.80940 0.04052
v 0.30311 0.80940 0.04149
v 0.30100 0.80940 0.04182
v 0.29889 0.80940 0.04149
v 0.29699 0.80940 0.04052
v 0.29548 0.80940 0.03901
v 0.29451 0.80940 0.03711
v 0.29418 0.80940 0.03500
v 0.29451 0.80940 0.03289
v 0.29548 0.80940 0.03099
v 0.29699 0.80940 0.02948
v 0.29889 0.80940 0.02851
v 0.30100 0.80940 0.02818
v 0.30311 0.80940 0.02851
v 0.30501 0.80940 0.02948
v 0.30652 0.80940 0.03099
v 0.30749 0.80940 0.03289
v 0.30782 0.80940 0.03500
v 0.30731 0.80792 0.03500
v 0.30700 0.80792 0.03695
v 0.30610 0.80792 0.03871
v 0.30471 0.80792 0.04010
v 0.30295 0.80792 0.04100
v 0.30100 0.80792 0.04131
v 0.29905 0.80792 0.04100
v 0.29729 0.80792 0.04010
v 0.29590 0.80792 0.03871
v 0.29500 0.80792 0.03695
v 0.29469 0.80792 0.03500
v 0.29500 0.80792 0.03305
v 0.29590 0.80792 0.03129
v 0.29729 0.80792 0.02990
v 0.29905 0.80792 0.02900
v 0.30100 0.80792 0.02869
v 0.30295 0.80792 0.02900
v 0.30471 0.80792 0.02990
v 0.30610 0.80792 0.03129
v 0.30700 0.80792 0.03305
v 0.30731 0.80792 0.03500
v 0.30647 0.80660 0.03500
v 0.30620 0.80660 0.03669
v 0.30543 0.80660 0.03822
v 0.30422 0.80660 0.03943
v 0.30269 0.80660 0.04020
v 0.30100 0.80660 0.04047
v 0.29931 0.80660 0.04020
v 0.29778 0.80660 0.03943
v 0.29657 0.80660 0.03822
v 0.29580 0.80660 0.03669
v 0.29553 0.80660 0.03500
v 0.29580 0.80660 0.03331
v 0.29657 0.80660 0.03178
v 0.29778 0.80660 0.03057
v 0.29931 0.80660 0.02980
v 0.30100 0.80660 0.02953
v 0.30269 0.80660 0.02980
v 0.30422 0.80660 0.03057
v 0.30543 0.80660 0.03178
v 0.30620 0.80660 0.03331
v 0.30647 0.80660 0.03500
v 0.30536 0.80549 0.03500
v 0.30515 0.80549 0.03635
v 0.30453 0.80549 0.03757
v 0.30357 0.80549 0.03853
v 0.30235 0.80549 0.03915
v 0.30100 0.80549 0.03936
v 0.29965 0.80549 0.03915
v 0.29843 0.80549 0.03853
v 0.29747 0.80549 0.03757
v 0.29685 0.80549 0.03635
v 0.29664 0.80549 0.03500
v 0.29685 0.80549 0.03365
v 0.29747 0.80549 0.03243
v 0.29843 0.80549 0.03147
v 0.29965 0.80549 0.03085
v 0.30100 0.80549 0.03064
v 0.30235 0.80549 0.03085
v 0.30357 0.80549 0.03147
v 0.30453 0.80549 0.03243
v 0.30515 0.80549 0.03365
v 0.30536 0.80549 0.03500
v 0.30404 0.80465 0.03500
v 0.30389 0.80465 0.03594
v 0.30346 0.80465 0.03679
v 0.30279 0.80465 0.03746
v 0.30194 0.80465 0.03789
v 0.30100 0.80465 0.03804
v 0.30006 0.80465 0.03789
v 0.29921 0.80465 0.03746
v 0.29854 0.80465 0.03679
v 0.29811 0.80465 0.03594
v 0.29796 0.80465 0.03500
v 0.29811 0.80465 0.03406
v 0.29854 0.80465 0.03321
v 0.29921 0.80465 0.03254
v 0.30006 0.80465 0.03211
v 0.30100 0.80465 0.03196
v 0.30194 0.80465 0.03211
v 0.30279 0.80465 0.03254
v 0.30346 0.80465 0.03321
v 0.30389 0.80465 0.03406
v 0.30404 0.80465 0.03500
v 0.30256 0.80414 0.03500
v 0.30248 0.80414 0.03548
v 0.30226 0.80414 0.03592
v 0.30192 0.80414 0.03626
v 0.30148 0.80414 0.03648
v 0.30100 0.80414 0.03656
v 0.30052 0.80414 0.03648
v 0.30008 0.80414 0.03626
v 0.29974 0.80414 0.03592
v 0.29952 0.80414 0.03548
v 0.29944 0.80414 0.03500
v 0.29952 0.80414 0.03452
v 0.29974 0.80414 0.03408
v 0.30008 0.80414 0.03374
v 0.30052 0.80414 0.03352
v 0.30100 0.80414 0.03344
v 0.30148 0.80414 0.03352
v 0.30192 0.80414 0.03374
v 0.30226 0.80414 0.03408
v 0.30248 0.80414 0.03452
v 0.30256 0.80414 0.03500
v 0.30100 0.80396 0.03500
v 0.30100 0.80396 0.03500
v 0.30100 0.80396 0.03500
v 0.30100 0.80396 0.03500
v 0.30100 0.80396 0.03500
v 0.30100 0.80396 0.03500
v 0.30100 0.80396 0.03500
v 0.30100 0.80396 0.03500
v 0.30100 0.80396 0.03500
v 0.30100 0.80396 0.03500
v 0.30100 0.80396 0.03500
v 0.30100 0.80396 0.03500
v 0.30100 0.80396 0.03500
v 0.30100 0.80396 0.03500
v 0.30100 0.80396 0.03500
v 0.30100 0.80396 0.03500
v 0.30100 0.80396 0.03500
v 0.30100 0.80396 0.03500
v 0.30100 0.80396 0.03500
v 0.30100 0.80396 0.03500
v 0.30100 0.80396 0.03500
v 0.30750 0.81096 0.03500
v 0.30650 0.79900 0.03700
v 0.30560 0.81020 0.03047
v 0.30489 0.79836 0.03316
v 0.30100 0.80989 0.02859
v 0.30100 0.79809 0.03158
v 0.29640 0.81020 0.03047
v 0.29711 0.79836 0.03316
v 0.29450 0.81096 0.03500
v 0.29550 0.79900 0.03700
v 0.29640 0.81172 0.03953
v 0.29711 0.79964 0.04084
v 0.30100 0.81203 0.04141
v 0.30100 0.79991 0.04242
v 0.30560 0.81172 0.03953
v 0.30489 0.79964 0.04084
v 0.30750 0.81096 0.03500
v 0.30650 0.79900 0.03700
v 0.30100 0.81096 0.03500
v 0.30100 0.79900 0.03700
v 0.30100 0.80450 0.03700
v 0.30100 0.80450 0.03700
v 0.30100 0.80450 0.03700
v 0.30100 0.80450 0.03700
v 0.30100 0.80450 0.03700
v 0.30100 0.80450 0.03700
v 0.30100 0.80450 0.03700
v 0.30100 0.80450 0.03700
v 0.30100 0.80450 0.03700
v 0.30100 0.80450 0.03700
v 0.30100 0.80450 0.03700
v 0.30100 0.80450 0.03700
v 0.30100 0.80450 0.03700
v 0.30100 0.80450 0.03700
v 0.30100 0.80450 0.03700
v 0.30100 0.80450 0.03700
v 0.30100 0.80450 0.03700
v 0.30100 0.80450 0.03700
v 0.30100 0.80450 0.03700
v 0.30100 0.80450 0.03700
v 0.30100 0.80450 0.03700
v 0.30222 0.80436 0.03700
v 0.30216 0.80436 0.03738
v 0.30199 0.80436 0.03772
v 0.30172 0.80436 0.03799
v 0.30138 0.80436 0.03816
v 0.30100 0.80436 0.03822
v 0.30062 0.80436 0.03816
v 0.30028 0.80436 0.03799
v 0.30001 0.80436 0.03772
v 0.29984 0.80436 0.03738
v 0.29978 0.80436 0.03700
v 0.29984 0.80436 0.03662
v 0.30001 0.80436 0.03628
v 0.30028 0.80436 0.03601
v 0.30062 0.80436 0.03584
v 0.30100 0.80436 0.03578
v 0.30138 0.80436 0.03584
v 0.30172 0.80436 0.03601
v 0.30199 0.80436 0.03628
v 0.30216 0.80436 0.03662
v 0.30222 0.80436 0.03700
v 0.30339 0.80396 0.03700
v 0.30327 0.80396 0.03774
v 0.30293 0.80396 0.03840
v 0.30240 0.80396 0.03893
v 0.30174 0.80396 0.03927
v 0.30100 0.80396 0.03939
v 0.30026 0.80396 0.03927
v 0.29960 0.80396 0.03893
v 0.29907 0.80396 0.03840
v 0.29873 0.80396 0.03774
v 0.29861 0.80396 0.03700
v 0.29873 0.80396 0.03626
v 0.29907 0.80396 0.03560
v 0.29960 0.80396 0.03507
v 0.30026 0.80396 0.03473
v 0.30100 0.80396 0.03461
v 0.30174 0.80396 0.03473
v 0.30240 0.80396 0.03507
v 0.30293 0.80396 0.03560
v 0.30327 0.80396 0.03626
v 0.30339 0.80396 0.03700
v 0.30443 0.80330 0.03700
v 0.30426 0.80330 0.03806
v 0.30377 0.80330 0.03902
v 0.30302 0.80330 0.03977
v 0.30206 0.80330 0.04026
v 0.30100 0.80330 0.04043
v 0.29994 0.80330 0.04026
v 0.29898 0.80330 0.03977
v 0.29823 0.80330 0.03902
v 0.29774 0.80330 0.03806
v 0.29757 0.80330 0.03700
v 0.29774 0.80330 0.03594
v 0.29823 0.80330 0.03498
v 0.29898 0.80330 0.03423
v 0.29994 0.80330 0.03374
v 0.30100 0.80330 0.03357
v 0.30206 0.80330 0.03374
v 0.30302 0.80330 0.03423
v 0.30377 0.80330 0.03498
v 0.30426 0.80330 0.03594
v 0.30443 0.80330 0.03700
v 0.30530 0.80243 0.03700
v 0.30509 0.80243 0.03833
v 0.30448 0.80243 0.03953
v 0.30353 0.80243 0.04048
v 0.30233 0.80243 0.04109
v 0.30100 0.80243 0.04130
v 0.29967 0.80243 0.04109
v 0.29847 0.80243 0.04048
v 0.29752 0.80243 0.03953
v 0.29691 0.80243 0.03833
v 0.29670 0.80243 0.03700
v 0.29691 0.80243 0.03567
v 0.29752 0.80243 0.03447
v 0.29847 0.80243 0.03352
v 0.29967 0.80243 0.03291
v 0.30100 0.80243 0.03270
v 0.30233 0.80243 0.03291
v 0.30353 0.80243 0.03352
v 0.30448 0.80243 0.03447
v 0.30509 0.80243 0.03567
v 0.30530 0.80243 0.03700
v 0.30596 0.80139 0.03700
v 0.30571 0.80139 0.03853
v 0.30501 0.80139 0.03991
v 0.30391 0.80139 0.04101
v 0.30253 0.80139 0.04171
v 0.30100 0.80139 0.04196
v 0.29947 0.80139 0.04171
v 0.29809 0.80139 0.04101
v 0.29699 0.80139 0.03991
v 0.29629 0.80139 0.03853
v 0.29604 0.80139 0.03700
v 0.29629 0.80139 0.03547
v 0.29699 0.80139 0.03409
v 0.29809 0.80139 0.03299
v 0.29947 0.80139 0.03229
v 0.30100 0.80139 0.03204
v 0.30253 0.80139 0.03229
v 0.30391 0.80139 0.03299
v 0.30501 0.80139 0.03409
v 0.30571 0.80139 0.03547
v 0.30596 0.80139 0.03700
v 0.30636 0.80022 0.03700
v 0.30610 0.80022 0.03866
v 0.30534 0.80022 0.04015
v 0.30415 0.80022 0.04134
v 0.30266 0.80022 0.04210
v 0.30100 0.80022 0.04236
v 0.29934 0.80022 0.04210
v 0.29785 0.80022 0.04134
v 0.29666 0.80022 0.04015
v 0.29590 0.80022 0.03866
v 0.29564 0.80022 0.03700
v 0.29590 0.80022 0.03534
v 0.29666 0.80022 0.03385
v 0.29785 0.80022 0.03266
v 0.29934 0.80022 0.03190
v 0.30100 0.80022 0.03164
v 0.30266 0.80022 0.03190
v 0.30415 0.80022 0.03266
v 0.30534 0.80022 0.03385
v 0.30610 0.80022 0.03534
v 0.30636 0.80022 0.03700
v 0.30650 0.79900 0.03700
v 0.30623 0.79900 0.03870
v 0.30545 0.79900 0.04023
v 0.30423 0.79900 0.04145
v 0.30270 0.79900 0.04223
v 0.30100 0.79900 0.04250
v 0.29930 0.79900 0.04223
v 0.29777 0.79900 0.04145
v 0.29655 0.79900 0.04023
v 0.29577 0.79900 0.03870
v 0.29550 0.79900 0.03700
v 0.29577 0.79900 0.03530
v 0.29655 0.79900 0.03377
v 0.29777 0.79900 0.03255
v 0.29930 0.79900 0.03177
v 0.30100 0.79900 0.03150
v 0.30270 0.79900 0.03177
v 0.30423 0.79900 0.03255
v 0.30545 0.79900 0.03377
v 0.30623 0.79900 0.03530
v 0.30650 0.79900 0.03700
v 0.30636 0.79778 0.03700
v 0.30610 0.79778 0.03866
v 0.30534 0.79778 0.04015
v 0.30415 0.79778 0.04134
v 0.30266 0.79778 0.04210
v 0.30100 0.79778 0.04236
v 0.29934 0.79778 0.04210
v 0.29785 0.79778 0.04134
v 0.29666 0.79778 0.04015
v 0.29590 0.79778 0.03866
v 0.29564 0.79778 0.03700
v 0.29590 0.79778 0.03534
v 0.29666 0.79778 0.03385
v 0.29785 0.79778 0.03266
v 0.29934 0.79778 0.03190
v 0.30100 0.79778 0.03164
v 0.30266 0.79778 0.03190
v 0.30415 0.79778 0.03266
v 0.30534 0.79778 0.03385
v 0.30610 0.79778 0.03534
v 0.30636 0.79778 0.03700
v 0.30596 0.79661 0.03700
v 0.30571 0.79661 0.03853
v 0.30501 0.79661 0.03991
v 0.30391 0.79661 0.04101
v 0.30253 0.79661 0.04171
v 0.30100 0.79661 0.04196
v 0.29947 0.79661 0.04171
v 0.29809 0.79661 0.04101
v 0.29699 0.79661 0.03991
v 0.29629 0.79661 0.03853
v 0.29604 0.79661 0.03700
v 0.29629 0.79661 0.03547
v 0.29699 0.79661 0.03409
v 0.29809 0.79661 0.03299
v 0.29947 0.79661 0.03229
v 0.30100 0.79661 0.03204
v 0.30253 0.79661 0.03229
v 0.30391 0.79661 0.03299
v 0.30501 0.79661 0.03409
v 0.30571 0.79661 0.03547
v 0.30596 0.79661 0.03700
v 0.30530 0.79557 0.03700
v 0.30509 0.79557 0.03833
v 0.30448 0.79557 0.03953
v 0.30353 0.79557 0.04048
v 0.30233 0.79557 0.04109
v 0.30100 0.79557 0.04130
v 0.29967 0.79557 0.04109
v 0.29847 0.79557 0.04048
v 0.29752 0.79557 0.03953
v 0.29691 0.79557 0.03833
v 0.29670 0.79557 0.03700
v 0.29691 0.79557 0.03567
v 0.29752 0.79557 0.03447
v 0.29847 0.79557 0.03352
v 0.29967 0.79557 0.03291
v 0.30100 0.79557 0.03270
v 0.30233 0.79557 0.03291
v 0.30353 0.79557 0.03352
v 0.30448 0.79557 0.03447
v 0.30509 0.79557 0.03567
v 0.30530 0.79557 0.03700
v 0.30443 0.79470 0.03700
v 0.30426 0.79470 0.03806
v 0.30377 0.79470 0.03902
v 0.30302 0.79470 0.03977
v 0.30206 0.79470 0.04026
v 0.30100 0.79470 0.04043
v 0.29994 0.79470 0.04026
v 0.29898 0.79470 0.03977
v 0.29823 0.79470 0.03902
v 0.29774 0.79470 0.03806
v 0.29757 0.79470 0.03700
v 0.29774 0.79470 0.03594
v 0.29823 0.79470 0.03498
v 0.29898 0.79470 0.03423
v 0.29994 0.79470 0.03374
v 0.30100 0.79470 0.03357
v 0.30206 0.79470 0.03374
v 0.30302 0.79470 0.03423
v 0.30377 0.79470 0.03498
v 0.30426 0.79470 0.03594
v 0.30443 0.79470 0.03700
v 0.30339 0.79404 0.03700
v 0.30327 0.79404 0.03774
v 0.30293 0.79404 0.03840
v 0.30240 0.79404 0.03893
v 0.30174 0.79404 0.03927
v 0.30100 0.79404 0.03939
v 0.30026 0.79404 0.03927
v 0.29960 0.79404 0.03893
v 0.29907 0.79404 0.03840
v 0.29873 0.79404 0.03774
v 0.29861 0.79404 0.03700
v 0.29873 0.79404 0.03626
v 0.29907 0.79404 0.03560
v 0.29960 0.79404 0.03507
v 0.30026 0.79404 0.03473
v 0.30100 0.79404 0.03461
v 0.30174 0.79404 0.03473
v 0.30240 0.79404 0.03507
v 0.30293 0.79404 0.03560
v 0.30327 0.79404 0.03626
v 0.30339 0.79404 0.03700
v 0.30222 0.79364 0.03700
v 0.30216 0.79364 0.03738
v 0.30199 0.79364 0.03772
v 0.30172 0.79364 0.03799
v 0.30138 0.79364 0.03816
v 0.30100 0.79364 0.03822
v 0.30062 0.79364 0.03816
v 0.30028 0.79364 0.03799
v 0.30001 0.79364 0.03772
v 0.29984 0.79364 0.03738
v 0.29978 0.79364 0.03700
v 0.29984 0.79364 0.03662
v 0.30001 0.79364 0.03628
v 0.30028 0.79364 0.03601
v 0.30062 0.79364 0.03584
v 0.30100 0.79364 0.03578
v 0.30138 0.79364 0.03584
v 0.30172 0.79364 0.03601
v 0.30199 0.79364 0.03628
v 0.30216 0.79364 0.03662
v 0.30222 0.79364 0.03700
v 0.30100 0.79350 0.03700
v 0.30100 0.79350 0.03700
v 0.30100 0.79350 0.03700
v 0.30100 0.79350 0.03700
v 0.30100 0.79350 0.03700
v 0.30100 0.79350 0.03700
v 0.30100 0.79350 0.03700
v 0.30100 0.79350 0.03700
v 0.30100 0.79350 0.03700
v 0.30100 0.79350 0.03700
v 0.30100 0.79350 0.03700
v 0.30100 0.79350 0.03700
v 0.30100 0.79350 0.03700
v 0.30100 0.79350 0.03700
v 0.30100 0.79350 0.03700
v 0.30100 0.79350 0.03700
v 0.30100 0.79350 0.03700
v 0.30100 0.79350 0.03700
v 0.30100 0.79350 0.03700
v 0.30100 0.79350 0.03700
v 0.30100 0.79350 0.03700
v 0.24365 0.91070 0.04194
v 0.22038 0.86915 0.05005
v 0.25042 0.90742 0.04572
v 0.22530 0.86676 0.05280
v 0.25694 0.90272 0.04322
v 0.23005 0.86334 0.05098
v 0.25940 0.89935 0.03591
v 0.23183 0.86089 0.04566
v 0.25635 0.89930 0.02806
v 0.22962 0.86085 0.03995
v 0.24958 0.90258 0.02428
v 0.22470 0.86324 0.03720
v 0.24306 0.90728 0.02678
v 0.21995 0.86666 0.03902
v 0.24060 0.91065 0.03409
v 0.21817 0.86911 0.04434
v 0.24365 0.91070 0.04194
v 0.22038 0.86915 0.05005
v 0.25000 0.90500 0.03500
v 0.22500 0.86500 0.04500
v 0.22500 0.87300 0.04500
v 0.22500 0.87300 0.04500
v 0.22500 0.87300 0.04500
v 0.22500 0.87300 0.04500
v 0.22500 0.87300 0.04500
v 0.22500 0.87300 0.04500
v 0.22500 0.87300 0.04500
v 0.22500 0.87300 0.04500
v 0.22500 0.87300 0.04500
v 0.22500 0.87300 0.04500
v 0.22500 0.87300 0.04500
v 0.22500 0.87300 0.04500
v 0.22500 0.87300 0.04500
v 0.22500 0.87300 0.04500
v 0.22500 0.87300 0.04500
v 0.22500 0.87300 0.04500
v 0.22500 0.87300 0.04500
v 0.22500 0.87300 0.04500
v 0.22500 0.87300 0.04500
v 0.22500 0.87300 0.04500
v 0.22500 0.87300 0.04500
v 0.22678 0.87280 0.04500
v 0.22669 0.87280 0.04555
v 0.22644 0.87280 0.04605
v 0.22605 0.87280 0.04644
v 0.22555 0.87280 0.04669
v 0.22500 0.87280 0.04678
v 0.22445 0.87280 0.04669
v 0.22395 0.87280 0.04644
v 0.22356 0.87280 0.04605
v 0.22331 0.87280 0.04555
v 0.22322 0.87280 0.04500
v 0.22331 0.87280 0.04445
v 0.22356 0.87280 0.04395
v 0.22395 0.87280 0.04356
v 0.22445 0.87280 0.04331
v 0.22500 0.87280 0.04322
v 0.22555 0.87280 0.04331
v 0.22605 0.87280 0.04356
v 0.22644 0.87280 0.04395
v 0.22669 0.87280 0.04445
v 0.22678 0.87280 0.04500
v 0.22847 0.87221 0.04500
v 0.22830 0.87221 0.04607
v 0.22781 0.87221 0.04704
v 0.22704 0.87221 0.04781
v 0.22607 0.87221 0.04830
v 0.22500 0.87221 0.04847
v 0.22393 0.87221 0.04830
v 0.22296 0.87221 0.04781
v 0.22219 0.87221 0.04704
v 0.22170 0.87221 0.04607
v 0.22153 0.87221 0.04500
v 0.22170 0.87221 0.04393
v 0.22219 0.87221 0.04296
v 0.22296 0.87221 0.04219
v 0.22393 0.87221 0.04170
v 0.22500 0.87221 0.04153
v 0.22607 0.87221 0.04170
v 0.22704 0.87221 0.04219
v 0.22781 0.87221 0.04296
v 0.22830 0.87221 0.04393
v 0.22847 0.87221 0.04500
v 0.22999 0.87125 0.04500
v 0.22974 0.87125 0.04654
v 0.22904 0.87125 0.04793
v 0.22793 0.87125 0.04904
v 0.22654 0.87125 0.04974
v 0.22500 0.87125 0.04999
v 0.22346 0.87125 0.04974
v 0.22207 0.87125 0.04904
v 0.22096 0.87125 0.04793
v 0.22026 0.87125 0.04654
v 0.22001 0.87125 0.04500
v 0.22026 0.87125 0.04346
v 0.22096 0.87125 0.04207
v 0.22207 0.87125 0.04096
v 0.22346 0.87125 0.04026
v 0.22500 0.87125 0.04001
v 0.22654 0.87125 0.04026
v 0.22793 0.87125 0.04096
v 0.22904 0.87125 0.04207
v 0.22974 0.87125 0.04346
v 0.22999 0.87125 0.04500
v 0.23125 0.86999 0.04500
v 0.23095 0.86999 0.04693
v 0.23006 0.86999 0.04868
v 0.22868 0.86999 0.05006
v 0.22693 0.86999 0.05095
v 0.22500 0.86999 0.05125
v 0.22307 0.86999 0.05095
v 0.22132 0.86999 0.05006
v 0.21994 0.86999 0.04868
v 0.21905 0.86999 0.04693
v 0.21875 0.86999 0.04500
v 0.21905 0.86999 0.04307
v 0.21994 0.86999 0.04132
v 0.22132 0.86999 0.03994
v 0.22307 0.86999 0.03905
v 0.22500 0.86999 0.03875
v 0.22693 0.86999 0.03905
v 0.22868 0.86999 0.03994
v 0.23006 0.86999 0.04132
v 0.23095 0.86999 0.04307
v 0.23125 0.86999 0.04500
v 0.23221 0.86847 0.04500
v 0.23185 0.86847 0.04723
v 0.23083 0.86847 0.04924
v 0.22924 0.86847 0.05083
v 0.22723 0.86847 0.05185
v 0.22500 0.86847 0.05221
v 0.22277 0.86847 0.05185
v 0.22076 0.86847 0.05083
v 0.21917 0.86847 0.04924
v 0.21815 0.86847 0.04723
v 0.21779 0.86847 0.04500
v 0.21815 0.86847 0.04277
v 0.21917 0.86847 0.04076
v 0.22076 0.86847 0.03917
v 0.22277 0.86847 0.03815
v 0.22500 0.86847 0.03779
v 0.22723 0.86847 0.03815
v 0.22924 0.86847 0.03917
v 0.23083 0.86847 0.04076
v 0.23185 0.86847 0.04277
v 0.23221 0.86847 0.04500
v 0.23280 0.86678 0.04500
v 0.23242 0.86678 0.04741
v 0.23131 0.86678 0.04958
v 0.22958 0.86678 0.05131
v 0.22741 0.86678 0.05242
v 0.22500 0.86678 0.05280
v 0.22259 0.86678 0.05242
v 0.22042 0.86678 0.05131
v 0.21869 0.86678 0.04958
v 0.21758 0.86678 0.04741
v 0.21720 0.86678 0.04500
v 0.21758 0.86678 0.04259
v 0.21869 0.86678 0.04042
v 0.22042 0.86678 0.03869
v 0.22259 0.86678 0.03758
v 0.22500 0.86678 0.03720
v 0.22741 0.86678 0.03758
v 0.22958 0.86678 0.03869
v 0.23131 0.86678 0.04042
v 0.23242 0.86678 0.04259
v 0.23280 0.86678 0.04500
v 0.23300 0.86500 0.04500
v 0.23261 0.86500 0.04747
v 0.23147 0.86500 0.04970
v 0.22970 0.86500 0.05147
v 0.22747 0.86500 0.05261
v 0.22500 0.86500 0.05300
v 0.22253 0.86500 0.05261
v 0.22030 0.86500 0.05147
v 0.21853 0.86500 0.04970
v 0.21739 0.86500 0.04747
v 0.21700 0.86500 0.04500
v 0.21739 0.86500 0.04253
v 0.21853 0.86500 0.04030
v 0.22030 0.86500 0.03853
v 0.22253 0.86500 0.03739
v 0.22500 0.86500 0.03700
v 0.22747 0.86500 0.03739
v 0.22970 0.86500 0.03853
v 0.23147 0.86500 0.04030
v 0.23261 0.86500 0.04253
v 0.23300 0.86500 0.04500
v 0.23280 0.86322 0.04500
v 0.23242 0.86322 0.04741
v 0.23131 0.86322 0.04958
v 0.22958 0.86322 0.05131
v 0.22741 0.86322 0.05242
v 0.22500 0.86322 0.05280
v 0.22259 0.86322 0.05242
v 0.22042 0.86322 0.05131
v 0.21869 0.86322 0.04958
v 0.21758 0.86322 0.04741
v 0.21720 0.86322 0.04500
v 0.21758 0.86322 0.04259
v 0.21869 0.86322 0.04042
v 0.22042 0.86322 0.03869
v 0.22259 0.86322 0.03758
v 0.22500 0.86322 0.03720
v 0.22741 0.86322 0.03758
v 0.22958 0.86322 0.03869
v 0.23131 0.86322 0.04042
v 0.23242 0.86322 0.04259
v 0.23280 0.86322 0.04500
v 0.23221 0.86153 0.04500
v 0.23185 0.86153 0.04723
v 0.23083 0.86153 0.04924
v 0.22924 0.86153 0.05083
v 0.22723 0.86153 0.05185
v 0.22500 0.86153 0.05221
v 0.22277 0.86153 0.05185
v 0.22076 0.86153 0.05083
v 0.21917 0.86153 0.04924
v 0.21815 0.86153 0.04723
v 0.21779 0.86153 0.04500
v 0.21815 0.86153 0.04277
v 0.21917 0.86153 0.04076
v 0.22076 0.86153 0.03917
v 0.22277 0.86153 0.03815
v 0.22500 0.86153 0.03779
v 0.22723 0.86153 0.03815
v 0.22924 0.86153 0.03917
v 0.23083 0.86153 0.04076
v 0.23185 0.86153 0.04277
v 0.23221 0.86153 0.04500
v 0.23125 0.86001 0.04500
v 0.23095 0.86001 0.04693
v 0.23006 0.86001 0.04868
v 0.22868 0.86001 0.05006
v 0.22693 0.86001 0.05095
v 0.22500 0.86001 0.05125
v 0.22307 0.86001 0.05095
v 0.22132 0.86001 0.05006
v 0.21994 0.86001 0.04868
v 0.21905 0.86001 0.04693
v 0.21875 0.86001 0.04500
v 0.21905 0.86001 0.04307
v 0.21994 0.86001 0.04132
v 0.22132 0.86001 0.03994
v 0.22307 0.86001 0.03905
v 0.22500 0.86001 0.03875
v 0.22693 0.86001 0.03905
v 0.22868 0.86001 0.03994
v 0.23006 0.86001 0.04132
v 0.23095 0.86001 0.04307
v 0.23125 0.86001 0.04500
v 0.22999 0.85875 0.04500
v 0.22974 0.85875 0.04654
v 0.22904 0.85875 0.04793
v 0.22793 0.85875 0.04904
v 0.22654 0.85875 0.04974
v 0.22500 0.85875 0.04999
v 0.22346 0.85875 0.04974
v 0.22207 0.85875 0.04904
v 0.22096 0.85875 0.04793
v 0.22026 0.85875 0.04654
v 0.22001 0.85875 0.04500
v 0.22026 0.85875 0.04346
v 0.22096 0.85875 0.04207
v 0.22207 0.85875 0.04096
v 0.22346 0.85875 0.04026
v 0.22500 0.85875 0.04001
v 0.22654 0.85875 0.04026
v 0.22793 0.85875 0.04096
v 0.22904 0.85875 0.04207
v 0.22974 0.85875 0.04346
v 0.22999 0.85875 0.04500
v 0.22847 0.85779 0.04500
v 0.22830 0.85779 0.04607
v 0.22781 0.85779 0.04704
v 0.22704 0.85779 0.04781
v 0.22607 0.85779 0.04830
v 0.22500 0.85779 0.04847
v 0.22393 0.85779 0.04830
v 0.22296 0.85779 0.04781
v 0.22219 0.85779 0.04704
v 0.22170 0.85779 0.04607
v 0.22153 0.85779 0.04500
v 0.22170 0.85779 0.04393
v 0.22219 0.85779 0.04296
v 0.22296 0.85779 0.04219
v 0.22393 0.85779 0.04170
v 0.22500 0.85779 0.04153
v 0.22607 0.85779 0.04170
v 0.22704 0.85779 0.04219
v 0.22781 0.85779 0.04296
v 0.22830 0.85779 0.04393
v 0.22847 0.85779 0.04500
v 0.22678 0.85720 0.04500
v 0.22669 0.85720 0.04555
v 0.22644 0.85720 0.04605
v 0.22605 0.85720 0.04644
v 0.22555 0.85720 0.04669
v 0.22500 0.85720 0.04678
v 0.22445 0.85720 0.04669
v 0.22395 0.85720 0.04644
v 0.22356 0.85720 0.04605
v 0.22331 0.85720 0.04555
v 0.22322 0.85720 0.04500
v 0.22331 0.85720 0.04445
v 0.22356 0.85720 0.04395
v 0.22395 0.85720 0.04356
v 0.22445 0.85720 0.04331
v 0.22500 0.85720 0.04322
v 0.22555 0.85720 0.04331
v 0.22605 0.85720 0.04356
v 0.22644 0.85720 0.04395
v 0.22669 0.85720 0.04445
v 0.22678 0.85720 0.04500
v 0.22500 0.85700 0.04500
v 0.22500 0.85700 0.04500
v 0.22500 0.85700 0.04500
v 0.22500 0.85700 0.04500
v 0.22500 0.85700 0.04500
v 0.22500 0.85700 0.04500
v 0.22500 0.85700 0.04500
v 0.22500 0.85700 0.04500
v 0.22500 0.85700 0.04500
v 0.22500 0.85700 0.04500
v 0.22500 0.85700 0.04500
v 0.22500 0.85700 0.04500
v 0.22500 0.85700 0.04500
v 0.22500 0.85700 0.04500
v 0.22500 0.85700 0.04500
v 0.22500 0.85700 0.04500
v 0.22500 0.85700 0.04500
v 0.22500 0.85700 0.04500
v 0.22500 0.85700 0.04500
v 0.22500 0.85700 0.04500
v 0.22500 0.85700 0.04500
v -0.10500 1.07200 0.00000
v -0.10500 1.07200 0.00000
v -0.10500 1.07200 0.00000
v -0.10500 1.07200 0.00000
v -0.10500 1.07200 0.00000
v -0.10500 1.07200 0.00000
v -0.10500 1.07200 0.00000
v -0.10500 1.07200 0.00000
v -0.10500 1.07200 0.00000
v -0.10500 1.07200 0.00000
v -0.10500 1.07200 0.00000
v -0.10500 1.07200 0.00000
v -0.10500 1.07200 0.00000
v -0.10500 1.07200 0.00000
v -0.10500 1.07200 0.00000
v -0.10500 1.07200 0.00000
v -0.10500 1.07200 0.00000
v -0.10500 1.07200 0.00000
v -0.10500 1.07200 0.00000
v -0.10500 1.07200 0.00000
v -0.10500 1.07200 0.00000
v -0.08898 1.07019 0.00000
v -0.08976 1.07019 0.00495
v -0.09204 1.07019 0.00942
v -0.09558 1.07019 0.01296
v -0.10005 1.07019 0.01524
v -0.10500 1.07019 0.01602
v -0.10995 1.07019 0.01524
v -0.11442 1.07019 0.01296
v -0.11796 1.07019 0.00942
v -0.12024 1.07019 0.00495
v -0.12102 1.07019 0.00000
v -0.12024 1.07019 -0.00495
v -0.11796 1.07019 -0.00942
v -0.11442 1.07019 -0.01296
v -0.10995 1.07019 -0.01524
v -0.10500 1.07019 -0.01602
v -0.10005 1.07019 -0.01524
v -0.09558 1.07019 -0.01296
v -0.09204 1.07019 -0.00942
v -0.08976 1.07019 -0.00495
v -0.08898 1.07019 -0.00000
v -0.07376 1.06487 0.00000
v -0.07529 1.06487 0.00965
v -0.07973 1.06487 0.01836
v -0.08664 1.06487 0.02527
v -0.09535 1.06487 0.02971
v -0.10500 1.06487 0.03124
v -0.11465 1.06487 0.02971
v -0.12336 1.06487 0.02527
v -0.13027 1.06487 0.01836
v -0.13471 1.06487 0.00965
v -0.13624 1.06487 0.00000
v -0.13471 1.06487 -0.00965
v -0.13027 1.06487 -0.01836
v -0.12336 1.06487 -0.02527
v -0.11465 1.06487 -0.02971
v -0.10500 1.06487 -0.03124
v -0.09535 1.06487 -0.02971
v -0.08664 1.06487 -0.02527
v -0.07973 1.06487 -0.01836
v -0.07529 1.06487 -0.00965
v -0.07376 1.06487 -0.00000
v -0.06011 1.05629 0.00000
v -0.06231 1.05629 0.01387
v -0.06868 1.05629 0.02639
v -0.07861 1.05629 0.03632
v -0.09113 1.05629 0.04269
v -0.10500 1.05629 0.04489
v -0.11887 1.05629 0.04269
v -0.13139 1.05629 0.03632
v -0.14132 1.05629 0.02639
v -0.14769 1.05629 0.01387
v -0.14989 1.05629 0.00000
v -0.14769 1.05629 -0.01387
v -0.14132 1.05629 -0.02639
v -0.13139 1.05629 -0.03632
v -0.11887 1.05629 -0.04269
v -0.10500 1.05629 -0.04489
v -0.09113 1.05629 -0.04269
v -0.07861 1.05629 -0.03632
v -0.06868 1.05629 -0.02639
v -0.06231 1.05629 -0.01387
v -0.06011 1.05629 -0.00000
v -0.04871 1.04489 0.00000
v -0.05146 1.04489 0.01740
v -0.05946 1.04489 0.03309
v -0.07191 1.04489 0.04554
v -0.08760 1.04489 0.05354
v -0.10500 1.04489 0.05629
v -0.12240 1.04489 0.05354
v -0.13809 1.04489 0.04554
v -0.15054 1.04489 0.03309
v -0.15854 1.04489 0.01740
v -0.16129 1.04489 0.00000
v -0.15854 1.04489 -0.01740
v -0.15054 1.04489 -0.03309
v -0.13809 1.04489 -0.04554
v -0.12240 1.04489 -0.05354
v -0.10500 1.04489 -0.05629
v -0.08760 1.04489 -0.05354
v -0.07191 1.04489 -0.04554
v -0.05946 1.04489 -0.03309
v -0.05146 1.04489 -0.01740
v -0.04871 1.04489 -0.00000
v -0.04013 1.03124 0.00000
v -0.04331 1.03124 0.02005
v -0.05252 1.03124 0.03813
v -0.06687 1.03124 0.05248
v -0.08495 1.03124 0.06169
v -0.10500 1.03124 0.06487
v -0.12505 1.03124 0.06169
v -0.14313 1.03124 0.05248
v -0.15748 1.03124 0.03813
v -0.16669 1.03124 0.02005
v -0.16987 1.03124 0.00000
v -0.16669 1.03124 -0.02005
v -0.15748 1.03124 -0.03813
v -0.14313 1.03124 -0.05248
v -0.12505 1.03124 -0.06169
v -0.10500 1.03124 -0.06487
v -0.08495 1.03124 -0.06169
v -0.06687 1.03124 -0.05248
v -0.05252 1.03124 -0.03813
v -0.04331 1.03124 -0.02005
v -0.04013 1.03124 -0.00000
v -0.03481 1.01602 0.00000
v -0.03824 1.01602 0.02169
v -0.04821 1.01602 0.04126
v -0.06374 1.01602 0.05679
v -0.08331 1.01602 0.06676
v -0.10500 1.01602 0.07019
v -0.12669 1.01602 0.06676
v -0.14626 1.01602 0.05679
v -0.16179 1.01602 0.04126
v -0.17176 1.01602 0.02169
v -0.17519 1.01602 0.00000
v -0.17176 1.01602 -0.02169
v -0.16179 1.01602 -0.04126
v -0.14626 1.01602 -0.05679
v -0.12669 1.01602 -0.06676
v -0.10500 1.01602 -0.07019
v -0.08331 1.01602 -0.06676
v -0.06374 1.01602 -0.05679
v -0.04821 1.01602 -0.04126
v -0.03824 1.01602 -0.02169
v -0.03481 1.01602 -0.00000
v -0.03300 1.00000 0.00000
v -0.03652 1.00000 0.02225
v -0.04675 1.00000 0.04232
v -0.06268 1.00000 0.05825
v -0.08275 1.00000 0.06848
v -0.10500 1.00000 0.07200
v -0.12725 1.00000 0.06848
v -0.14732 1.00000 0.05825
v -0.16325 1.00000 0.04232
v -0.17348 1.00000 0.02225
v -0.17700 1.00000 0.00000
v -0.17348 1.00000 -0.02225
v -0.16325 1.00000 -0.04232
v -0.14732 1.00000 -0.05825
v -0.12725 1.00000 -0.06848
v -0.10500 1.00000 -0.07200
v -0.08275 1.00000 -0.06848
v -0.06268 1.00000 -0.05825
v -0.04675 1.00000 -0.04232
v -0.03652 1.00000 -0.02225
v -0.03300 1.00000 -0.00000
v -0.03481 0.98398 0.00000
v -0.03824 0.98398 0.02169
v -0.04821 0.98398 0.04126
v -0.06374 0.98398 0.05679
v -0.08331 0.98398 0.06676
v -0.10500 0.98398 0.07019
v -0.12669 0.98398 0.06676
v -0.14626 0.98398 0.05679
v -0.16179 0.98398 0.04126
v -0.17176 0.98398 0.02169
v -0.17519 0.98398 0.00000
v -0.17176 0.98398 -0.02169
v -0.16179 0.98398 -0.04126
v -0.14626 0.98398 -0.05679
v -0.12669 0.98398 -0.06676
v -0.10500 0.98398 -0.07019
v -0.08331 0.98398 -0.06676
v -0.06374 0.98398 -0.05679
v -0.04821 0.98398 -0.04126
v -0.03824 0.98398 -0.02169
v -0.03481 0.98398 -0.00000
v -0.04013 0.96876 0.00000
v -0.04331 0.96876 0.02005
v -0.05252 0.96876 0.03813
v -0.06687 0.96876 0.05248
v -0.08495 0.96876 0.06169
v -0.10500 0.96876 0.06487
v -0.12505 0.96876 0.06169
v -0.14313 0.96876 0.05248
v -0.15748 0.96876 0.03813
v -0.16669 0.96876 0.02005
v -0.16987 0.96876 0.00000
v -0.16669 0.96876 -0.02005
v -0.15748 0.96876 -0.03813
v -0.14313 0.96876 -0.05248
v -0.12505 0.96876 -0.06169
v -0.10500 0.96876 -0.06487
v -0.08495 0.96876 -0.06169
v -0.06687 0.96876 -0.05248
v -0.05252 0.96876 -0.03813
v -0.04331 0.96876 -0.02005
v -0.04013 0.96876 -0.00000
v -0.04871 0.95511 0.00000
v -0.05146 0.95511 0.01740
v -0.05946 0.95511 0.03309
v -0.07191 0.95511 0.04554
v -0.08760 0.95511 0.05354
v -0.10500 0.95511 0.05629
v -0.12240 0.95511 0.05354
v -0.13809 0.95511 0.04554
v -0.15054 0.95511 0.03309
v -0.15854 0.95511 0.01740
v -0.16129 0.95511 0.00000
v -0.15854 0.95511 -0.01740
v -0.15054 0.95511 -0.03309
v -0.13809 0.95511 -0.04554
v -0.12240 0.95511 -0.05354
v -0.10500 0.95511 -0.05629
v -0.08760 0.95511 -0.05354
v -0.07191 0.95511 -0.04554
v -0.05946 0.95511 -0.03309
v -0.05146 0.95511 -0.01740
v -0.04871 0.95511 -0.00000
v -0.06011 0.94371 0.00000
v -0.06231 0.94371 0.01387
v -0.06868 0.94371 0.02639
v -0.07861 0.94371 0.03632
v -0.09113 0.94371 0.04269
v -0.10500 0.94371 0.04489
v -0.11887 0.94371 0.04269
v -0.13139 0.94371 0.03632
v -0.14132 0.94371 0.02639
v -0.14769 0.94371 0.01387
v -0.14989 0.94371 0.00000
v -0.14769 0.94371 -0.01387
v -0.14132 0.94371 -0.02639
v -0.13139 0.94371 -0.03632
v -0.11887 0.94371 -0.04269
v -0.10500 0.94371 -0.04489
v -0.09113 0.94371 -0.04269
v -0.07861 0.94371 -0.03632
v -0.06868 0.94371 -0.02639
v -0.06231 0.94371 -0.01387
v -0.06011 0.94371 -0.00000
v -0.07376 0.93513 0.00000
v -0.07529 0.93513 0.00965
v -0.07973 0.93513 0.01836
v -0.08664 0.93513 0.02527
v -0.09535 0.93513 0.02971
v -0.10500 0.93513 0.03124
v -0.11465 0.93513 0.02971
v -0.12336 0.93513 0.02527
v -0.13027 0.93513 0.01836
v -0.13471 0.93513 0.00965
v -0.13624 0.93513 0.00000
v -0.13471 0.93513 -0.00965
v -0.13027 0.93513 -0.01836
v -0.12336 0.93513 -0.02527
v -0.11465 0.93513 -0.02971
v -0.10500 0.93513 -0.03124
v -0.09535 0.93513 -0.02971
v -0.08664 0.93513 -0.02527
v -0.07973 0.93513 -0.01836
v -0.07529 0.93513 -0.00965
v -0.07376 0.93513 -0.00000
v -0.08898 0.92981 0.00000
v -0.08976 0.92981 0.00495
v -0.09204 0.92981 0.00942
v -0.09558 0.92981 0.01296
v -0.10005 0.92981 0.01524
v -0.10500 0.92981 0.01602
v -0.10995 0.92981 0.01524
v -0.11442 0.92981 0.01296
v -0.11796 0.92981 0.00942
v -0.12024 0.92981 0.00495
v -0.12102 0.92981 0.00000
v -0.12024 0.92981 -0.00495
v -0.11796 0.92981 -0.00942
v -0.11442 0.92981 -0.01296
v -0.10995 0.92981 -0.01524
v -0.10500 0.92981 -0.01602
v -0.10005 0.92981 -0.01524
v -0.09558 0.92981 -0.01296
v -0.09204 0.92981 -0.00942
v -0.08976 0.92981 -0.00495
v -0.08898 0.92981 -0.00000
v -0.10500 0.92800 0.00000
v -0.10500 0.92800 0.00000
v -0.10500 0.92800 0.00000
v -0.10500 0.92800 0.00000
v -0.10500 0.92800 0.00000
v -0.10500 0.92800 0.00000
v -0.10500 0.92800 0.00000
v -0.10500 0.92800 0.00000
v -0.10500 0.92800 0.00000
v -0.10500 0.92800 0.00000
v -0.10500 0.92800 0.00000
v -0.10500 0.92800 -0.00000
v -0.10500 0.92800 -0.00000
v -0.10500 0.92800 -0.00000
v -0.10500 0.92800 -0.00000
v -0.10500 0.92800 -0.00000
v -0.10500 0.92800 -0.00000
v -0.10500 0.92800 -0.00000
v -0.10500 0.92800 -0.00000
v -0.10500 0.92800 -0.00000
v -0.10500 0.92800 -0.00000
v -0.03000 1.00000 0.00000
v -0.05000 0.53500 0.01500
v -0.03452 0.99917 -0.02564
v -0.05332 0.53439 -0.00380
v -0.04755 0.99845 -0.04818
v -0.06287 0.53386 -0.02033
v -0.06750 0.99791 -0.06492
v -0.07750 0.53346 -0.03261
v -0.09198 0.99762 -0.07382
v -0.09545 0.53325 -0.03914
v -0.11802 0.99762 -0.07382
v -0.11455 0.53325 -0.03914
v -0.14250 0.99791 -0.06492
v -0.13250 0.53346 -0.03261
v -0.16245 0.99845 -0.04818
v -0.14713 0.53386 -0.02033
v -0.17548 0.99917 -0.02564
v -0.15668 0.53439 -0.00380
v -0.18000 1.00000 -0.00000
v -0.16000 0.53500 0.01500
v -0.17548 1.00083 0.02564
v -0.15668 0.53561 0.03380
v -0.16245 1.00155 0.04818
v -0.14713 0.53614 0.05033
v -0.14250 1.00209 0.06492
v -0.13250 0.53654 0.06261
v -0.11802 1.00238 0.07382
v -0.11455 0.53675 0.06914
v -0.09198 1.00238 0.07382
v -0.09545 0.53675 0.06914
v -0.06750 1.00209 0.06492
v -0.07750 0.53654 0.06261
v -0.04755 1.00155 0.04818
v -0.06287 0.53614 0.05033
v -0.03452 1.00083 0.02564
v -0.05332 0.53561 0.03380
v -0.03000 1.00000 0.00000
v -0.05000 0.53500 0.01500
v -0.10500 1.00000 0.00000
v -0.10500 0.53500 0.01500
v -0.10500 0.59300 0.01500
v -0.10500 0.59300 0.01500
v -0.10500 0.59300 0.01500
v -0.10500 0.59300 0.01500
v -0.10500 0.59300 0.01500
v -0.10500 0.59300 0.01500
v -0.10500 0.59300 0.01500
v -0.10500 0.59300 0.01500
v -0.10500 0.59300 0.01500
v -0.10500 0.59300 0.01500
v -0.10500 0.59300 0.01500
v -0.10500 0.59300 0.01500
v -0.10500 0.59300 0.01500
v -0.10500 0.59300 0.01500
v -0.10500 0.59300 0.01500
v -0.10500 0.59300 0.01500
v -0.10500 0.59300 0.01500
v -0.10500 0.59300 0.01500
v -0.10500 0.59300 0.01500
v -0.10500 0.59300 0.01500
v -0.10500 0.59300 0.01500
v -0.09209 0.59155 0.01500
v -0.09273 0.59155 0.01899
v -0.09456 0.59155 0.02259
v -0.09741 0.59155 0.02544
v -0.10101 0.59155 0.02727
v -0.10500 0.59155 0.02791
v -0.10899 0.59155 0.02727
v -0.11259 0.59155 0.02544
v -0.11544 0.59155 0.02259
v -0.11727 0.59155 0.01899
v -0.11791 0.59155 0.01500
v -0.11727 0.59155 0.01101
v -0.11544 0.59155 0.00741
v -0.11259 0.59155 0.00456
v -0.10899 0.59155 0.00273
v -0.10500 0.59155 0.00209
v -0.10101 0.59155 0.00273
v -0.09741 0.59155 0.00456
v -0.09456 0.59155 0.00741
v -0.09273 0.59155 0.01101
v -0.09209 0.59155 0.01500
v -0.07983 0.58726 0.01500
v -0.08107 0.58726 0.02278
v -0.08464 0.58726 0.02979
v -0.09021 0.58726 0.03536
v -0.09722 0.58726 0.03893
v -0.10500 0.58726 0.04017
v -0.11278 0.58726 0.03893
v -0.11979 0.58726 0.03536
v -0.12536 0.58726 0.02979
v -0.12893 0.58726 0.02278
v -0.13017 0.58726 0.01500
v -0.12893 0.58726 0.00722
v -0.12536 0.58726 0.00021
v -0.11979 0.58726 -0.00536
v -0.11278 0.58726 -0.00893
v -0.10500 0.58726 -0.01017
v -0.09722 0.58726 -0.00893
v -0.09021 0.58726 -0.00536
v -0.08464 0.58726 0.00021
v -0.08107 0.58726 0.00722
v -0.07983 0.58726 0.01500
v -0.06884 0.58035 0.01500
v -0.07061 0.58035 0.02617
v -0.07574 0.58035 0.03626
v -0.08374 0.58035 0.04426
v -0.09383 0.58035 0.04939
v -0.10500 0.58035 0.05116
v -0.11617 0.58035 0.04939
v -0.12626 0.58035 0.04426
v -0.13426 0.58035 0.03626
v -0.13939 0.58035 0.02617
v -0.14116 0.58035 0.01500
v -0.13939 0.58035 0.00383
v -0.13426 0.58035 -0.00626
v -0.12626 0.58035 -0.01426
v -0.11617 0.58035 -0.01939
v -0.10500 0.58035 -0.02116
v -0.09383 0.58035 -0.01939
v -0.08374 0.58035 -0.01426
v -0.07574 0.58035 -0.00626
v -0.07061 0.58035 0.00383
v -0.06884 0.58035 0.01500
v -0.05965 0.57116 0.01500
v -0.06187 0.57116 0.02901
v -0.06831 0.57116 0.04165
v -0.07835 0.57116 0.05169
v -0.09099 0.57116 0.05813
v -0.10500 0.57116 0.06035
v -0.11901 0.57116 0.05813
v -0.13165 0.57116 0.05169
v -0.14169 0.57116 0.04165
v -0.14813 0.57116 0.02901
v -0.15035 0.57116 0.01500
v -0.14813 0.57116 0.00099
v -0.14169 0.57116 -0.01165
v -0.13165 0.57116 -0.02169
v -0.11901 0.57116 -0.02813
v -0.10500 0.57116 -0.03035
v -0.09099 0.57116 -0.02813
v -0.07835 0.57116 -0.02169
v -0.06831 0.57116 -0.01165
v -0.06187 0.57116 0.00099
v -0.05965 0.57116 0.01500
v -0.05274 0.56017 0.01500
v -0.05530 0.56017 0.03115
v -0.06272 0.56017 0.04572
v -0.07428 0.56017 0.05728
v -0.08885 0.56017 0.06470
v -0.10500 0.56017 0.06726
v -0.12115 0.56017 0.06470
v -0.13572 0.56017 0.05728
v -0.14728 0.56017 0.04572
v -0.15470 0.56017 0.03115
v -0.15726 0.56017 0.01500
v -0.15470 0.56017 -0.00115
v -0.14728 0.56017 -0.01572
v -0.13572 0.56017 -0.02728
v -0.12115 0.56017 -0.03470
v -0.10500 0.56017 -0.03726
v -0.08885 0.56017 -0.03470
v -0.07428 0.56017 -0.02728
v -0.06272 0.56017 -0.01572
v -0.05530 0.56017 -0.00115
v -0.05274 0.56017 0.01500
v -0.04845 0.54791 0.01500
v -0.05122 0.54791 0.03247
v -0.05925 0.54791 0.04824
v -0.07176 0.54791 0.06075
v -0.08753 0.54791 0.06878
v -0.10500 0.54791 0.07155
v -0.12247 0.54791 0.06878
v -0.13824 0.54791 0.06075
v -0.15075 0.54791 0.04824
v -0.15878 0.54791 0.03247
v -0.16155 0.54791 0.01500
v -0.15878 0.54791 -0.00247
v -0.15075 0.54791 -0.01824
v -0.13824 0.54791 -0.03075
v -0.12247 0.54791 -0.03878
v -0.10500 0.54791 -0.04155
v -0.08753 0.54791 -0.03878
v -0.07176 0.54791 -0.03075
v -0.05925 0.54791 -0.01824
v -0.05122 0.54791 -0.00247
v -0.04845 0.54791 0.01500
v -0.04700 0.53500 0.01500
v -0.04984 0.53500 0.03292
v -0.05808 0.53500 0.04909
v -0.07091 0.53500 0.06192
v -0.08708 0.53500 0.07016
v -0.10500 0.53500 0.07300
v -0.12292 0.53500 0.07016
v -0.13909 0.53500 0.06192
v -0.15192 0.53500 0.04909
v -0.16016 0.53500 0.03292
v -0.16300 0.53500 0.01500
v -0.16016 0.53500 -0.00292
v -0.15192 0.53500 -0.01909
v -0.13909 0.53500 -0.03192
v -0.12292 0.53500 -0.04016
v -0.10500 0.53500 -0.04300
v -0.08708 0.53500 -0.04016
v -0.07091 0.53500 -0.03192
v -0.05808 0.53500 -0.01909
v -0.04984 0.53500 -0.00292
v -0.04700 0.53500 0.01500
v -0.04845 0.52209 0.01500
v -0.05122 0.52209 0.03247
v -0.05925 0.52209 0.04824
v -0.07176 0.52209 0.06075
v -0.08753 0.52209 0.06878
v -0.10500 0.52209 0.07155
v -0.12247 0.52209 0.06878
v -0.13824 0.52209 0.06075
v -0.15075 0.52209 0.04824
v -0.15878 0.52209 0.03247
v -0.16155 0.52209 0.01500
v -0.15878 0.52209 -0.00247
v -0.15075 0.52209 -0.01824
v -0.13824 0.52209 -0.03075
v -0.12247 0.52209 -0.03878
v -0.10500 0.52209 -0.04155
v -0.08753 0.52209 -0.03878
v -0.07176 0.52209 -0.03075
v -0.05925 0.52209 -0.01824
v -0.05122 0.52209 -0.00247
v -0.04845 0.52209 0.01500
v -0.05274 0.50983 0.01500
v -0.05530 0.50983 0.03115
v -0.06272 0.50983 0.04572
v -0.07428 0.50983 0.05728
v -0.08885 0.50983 0.06470
v -0.10500 0.50983 0.06726
v -0.12115 0.50983 0.06470
v -0.13572 0.50983 0.05728
v -0.14728 0.50983 0.04572
v -0.15470 0.50983 0.03115
v -0.15726 0.50983 0.01500
v -0.15470 0.50983 -0.00115
v -0.14728 0.50983 -0.01572
v -0.13572 0.50983 -0.02728
v -0.12115 0.50983 -0.03470
v -0.10500 0.50983 -0.03726
v -0.08885 0.50983 -0.03470
v -0.07428 0.50983 -0.02728
v -0.06272 0.50983 -0.01572
v -0.05530 0.50983 -0.00115
v -0.05274 0.50983 0.01500
v -0.05965 0.49884 0.01500
v -0.06187 0.49884 0.02901
v -0.06831 0.49884 0.04165
v -0.07835 0.49884 0.05169
v -0.09099 0.49884 0.05813
v -0.10500 0.49884 0.06035
v -0.11901 0.49884 0.05813
v -0.13165 0.49884 0.05169
v -0.14169 0.49884 0.04165
v -0.14813 0.49884 0.02901
v -0.15035 0.49884 0.01500
v -0.14813 0.49884 0.00099
v -0.14169 0.49884 -0.01165
v -0.13165 0.49884 -0.02169
v -0.11901 0.49884 -0.02813
v -0.10500 0.49884 -0.03035
v -0.09099 0.49884 -0.02813
v -0.07835 0.49884 -0.02169
v -0.06831 0.49884 -0.01165
v -0.06187 0.49884 0.00099
v -0.05965 0.49884 0.01500
v -0.06884 0.48965 0.01500
v -0.07061 0.48965 0.02617
v -0.07574 0.48965 0.03626
v -0.08374 0.48965 0.04426
v -0.09383 0.48965 0.04939
v -0.10500 0.48965 0.05116
v -0.11617 0.48965 0.04939
v -0.12626 0.48965 0.04426
v -0.13426 0.48965 0.03626
v -0.13939 0.48965 0.02617
v -0.14116 0.48965 0.01500
v -0.13939 0.48965 0.00383
v -0.13426 0.48965 -0.00626
v -0.12626 0.48965 -0.01426
v -0.11617 0.48965 -0.01939
v -0.10500 0.48965 -0.02116
v -0.09383 0.48965 -0.01939
v -0.08374 0.48965 -0.01426
v -0.07574 0.48965 -0.00626
v -0.07061 0.48965 0.00383
v -0.06884 0.48965 0.01500
v -0.07983 0.48274 0.01500
v -0.08107 0.48274 0.02278
v -0.08464 0.48274 0.02979
v -0.09021 0.48274 0.03536
v -0.09722 0.48274 0.03893
v -0.10500 0.48274 0.04017
v -0.11278 0.48274 0.03893
v -0.11979 0.48274 0.03536
v -0.12536 0.48274 0.02979
v -0.12893 0.48274 0.02278
v -0.13017 0.48274 0.01500
v -0.12893 0.48274 0.00722
v -0.12536 0.48274 0.00021
v -0.11979 0.48274 -0.00536
v -0.11278 0.48274 -0.00893
v -0.10500 0.48274 -0.01017
v -0.09722 0.48274 -0.00893
v -0.09021 0.48274 -0.00536
v -0.08464 0.48274 0.00021
v -0.08107 0.48274 0.00722
v -0.07983 0.48274 0.01500
v -0.09209 0.47845 0.01500
v -0.09273 0.47845 0.01899
v -0.09456 0.47845 0.02259
v -0.09741 0.47845 0.02544
v -0.10101 0.47845 0.02727
v -0.10500 0.47845 0.02791
v -0.10899 0.47845 0.02727
v -0.11259 0.47845 0.02544
v -0.11544 0.47845 0.02259
v -0.11727 0.47845 0.01899
v -0.11791 0.47845 0.01500
v -0.11727 0.47845 0.01101
v -0.11544 0.47845 0.00741
v -0.11259 0.47845 0.00456
v -0.10899 0.47845 0.00273
v -0.10500 0.47845 0.00209
v -0.10101 0.47845 0.00273
v -0.09741 0.47845 0.00456
v -0.09456 0.47845 0.00741
v -0.09273 0.47845 0.01101
v -0.09209 0.47845 0.01500
v -0.10500 0.47700 0.01500
v -0.10500 0.47700 0.01500
v -0.10500 0.47700 0.01500
v -0.10500 0.47700 0.01500
v -0.10500 0.47700 0.01500
v -0.10500 0.47700 0.01500
v -0.10500 0.47700 0.01500
v -0.10500 0.47700 0.01500
v -0.10500 0.47700 0.01500
v -0.10500 0.47700 0.01500
v -0.10500 0.47700 0.01500
v -0.10500 0.47700 0.01500
v -0.10500 0.47700 0.01500
v -0.10500 0.47700 0.01500
v -0.10500 0.47700 0.01500
v -0.10500 0.47700 0.01500
v -0.10500 0.47700 0.01500
v -0.10500 0.47700 0.01500
v -0.10500 0.47700 0.01500
v -0.10500 0.47700 0.01500
v -0.10500 0.47700 0.01500
v -0.05000 0.53500 0.01500
v -0.06300 0.08500 0.00000
v -0.05332 0.53563 -0.00380
v -0.06553 0.08548 -0.01436
v -0.06287 0.53618 -0.02033
v -0.07283 0.08590 -0.02698
v -0.07750 0.53659 -0.03260
v -0.08400 0.08621 -0.03635
v -0.09545 0.53680 -0.03913
v -0.09771 0.08638 -0.04134
v -0.11455 0.53680 -0.03913
v -0.11229 0.08638 -0.04134
v -0.13250 0.53659 -0.03260
v -0.12600 0.08621 -0.03635
v -0.14713 0.53618 -0.02033
v -0.13717 0.08590 -0.02698
v -0.15668 0.53563 -0.00380
v -0.14447 0.08548 -0.01436
v -0.16000 0.53500 0.01500
v -0.14700 0.08500 -0.00000
v -0.15668 0.53437 0.03380
v -0.14447 0.08452 0.01436
v -0.14713 0.53382 0.05033
v -0.13717 0.08410 0.02698
v -0.13250 0.53341 0.06260
v -0.12600 0.08379 0.03635
v -0.11455 0.53320 0.06913
v -0.11229 0.08362 0.04134
v -0.09545 0.53320 0.06913
v -0.09771 0.08362 0.04134
v -0.07750 0.53341 0.06260
v -0.08400 0.08379 0.03635
v -0.06287 0.53382 0.05033
v -0.07283 0.08410 0.02698
v -0.05332 0.53437 0.03380
v -0.06553 0.08452 0.01436
v -0.05000 0.53500 0.01500
v -0.06300 0.08500 0.00000
v -0.10500 0.53500 0.01500
v -0.10500 0.08500 0.00000
v -0.10500 0.12900 0.00000
v -0.10500 0.12900 0.00000
v -0.10500 0.12900 0.00000
v -0.10500 0.12900 0.00000
v -0.10500 0.12900 0.00000
v -0.10500 0.12900 0.00000
v -0.10500 0.12900 0.00000
v -0.10500 0.12900 0.00000
v -0.10500 0.12900 0.00000
v -0.10500 0.12900 0.00000
v -0.10500 0.12900 0.00000
v -0.10500 0.12900 0.00000
v -0.10500 0.12900 0.00000
v -0.10500 0.12900 0.00000
v -0.10500 0.12900 0.00000
v -0.10500 0.12900 0.00000
v -0.10500 0.12900 0.00000
v -0.10500 0.12900 0.00000
v -0.10500 0.12900 0.00000
v -0.10500 0.12900 0.00000
v -0.10500 0.12900 0.00000
v -0.09521 0.12790 0.00000
v -0.09569 0.12790 0.00303
v -0.09708 0.12790 0.00575
v -0.09925 0.12790 0.00792
v -0.10197 0.12790 0.00931
v -0.10500 0.12790 0.00979
v -0.10803 0.12790 0.00931
v -0.11075 0.12790 0.00792
v -0.11292 0.12790 0.00575
v -0.11431 0.12790 0.00303
v -0.11479 0.12790 0.00000
v -0.11431 0.12790 -0.00303
v -0.11292 0.12790 -0.00575
v -0.11075 0.12790 -0.00792
v -0.10803 0.12790 -0.00931
v -0.10500 0.12790 -0.00979
v -0.10197 0.12790 -0.00931
v -0.09925 0.12790 -0.00792
v -0.09708 0.12790 -0.00575
v -0.09569 0.12790 -0.00303
v -0.09521 0.12790 -0.00000
v -0.08591 0.12464 0.00000
v -0.08684 0.12464 0.00590
v -0.08956 0.12464 0.01122
v -0.09378 0.12464 0.01544
v -0.09910 0.12464 0.01816
v -0.10500 0.12464 0.01909
v -0.11090 0.12464 0.01816
v -0.11622 0.12464 0.01544
v -0.12044 0.12464 0.01122
v -0.12316 0.12464 0.00590
v -0.12409 0.12464 0.00000
v -0.12316 0.12464 -0.00590
v -0.12044 0.12464 -0.01122
v -0.11622 0.12464 -0.01544
v -0.11090 0.12464 -0.01816
v -0.10500 0.12464 -0.01909
v -0.09910 0.12464 -0.01816
v -0.09378 0.12464 -0.01544
v -0.08956 0.12464 -0.01122
v -0.08684 0.12464 -0.00590
v -0.08591 0.12464 -0.00000
v -0.07757 0.11940 0.00000
v -0.07891 0.11940 0.00848
v -0.08281 0.11940 0.01613
v -0.08887 0.11940 0.02219
v -0.09652 0.11940 0.02609
v -0.10500 0.11940 0.02743
v -0.11348 0.11940 0.02609
v -0.12113 0.11940 0.02219
v -0.12719 0.11940 0.01613
v -0.13109 0.11940 0.00848
v -0.13243 0.11940 0.00000
v -0.13109 0.11940 -0.00848
v -0.12719 0.11940 -0.01613
v -0.12113 0.11940 -0.02219
v -0.11348 0.11940 -0.02609
v -0.10500 0.11940 -0.02743
v -0.09652 0.11940 -0.02609
v -0.08887 0.11940 -0.02219
v -0.08281 0.11940 -0.01613
v -0.07891 0.11940 -0.00848
v -0.07757 0.11940 -0.00000
v -0.07060 0.11243 0.00000
v -0.07228 0.11243 0.01063
v -0.07717 0.11243 0.02022
v -0.08478 0.11243 0.02783
v -0.09437 0.11243 0.03272
v -0.10500 0.11243 0.03440
v -0.11563 0.11243 0.03272
v -0.12522 0.11243 0.02783
v -0.13283 0.11243 0.02022
v -0.13772 0.11243 0.01063
v -0.13940 0.11243 0.00000
v -0.13772 0.11243 -0.01063
v -0.13283 0.11243 -0.02022
v -0.12522 0.11243 -0.02783
v -0.11563 0.11243 -0.03272
v -0.10500 0.11243 -0.03440
v -0.09437 0.11243 -0.03272
v -0.08478 0.11243 -0.02783
v -0.07717 0.11243 -0.02022
v -0.07228 0.11243 -0.01063
v -0.07060 0.11243 -0.00000
v -0.06536 0.10409 0.00000
v -0.06730 0.10409 0.01225
v -0.07293 0.10409 0.02330
v -0.08170 0.10409 0.03207
v -0.09275 0.10409 0.03770
v -0.10500 0.10409 0.03964
v -0.11725 0.10409 0.03770
v -0.12830 0.10409 0.03207
v -0.13707 0.10409 0.02330
v -0.14270 0.10409 0.01225
v -0.14464 0.10409 0.00000
v -0.14270 0.10409 -0.01225
v -0.13707 0.10409 -0.02330
v -0.12830 0.10409 -0.03207
v -0.11725 0.10409 -0.03770
v -0.10500 0.10409 -0.03964
v -0.09275 0.10409 -0.03770
v -0.08170 0.10409 -0.03207
v -0.07293 0.10409 -0.02330
v -0.06730 0.10409 -0.01225
v -0.06536 0.10409 -0.00000
v -0.06210 0.09479 0.00000
v -0.06420 0.09479 0.01326
v -0.07030 0.09479 0.02521
v -0.07979 0.09479 0.03470
v -0.09174 0.09479 0.04080
v -0.10500 0.09479 0.04290
v -0.11826 0.09479 0.04080
v -0.13021 0.09479 0.03470
v -0.13970 0.09479 0.02521
v -0.14580 0.09479 0.01326
v -0.14790 0.09479 0.00000
v -0.14580 0.09479 -0.01326
v -0.13970 0.09479 -0.02521
v -0.13021 0.09479 -0.03470
v -0.11826 0.09479 -0.04080
v -0.10500 0.09479 -0.04290
v -0.09174 0.09479 -0.04080
v -0.07979 0.09479 -0.03470
v -0.07030 0.09479 -0.02521
v -0.06420 0.09479 -0.01326
v -0.06210 0.09479 -0.00000
v -0.06100 0.08500 0.00000
v -0.06315 0.08500 0.01360
v -0.06940 0.08500 0.02586
v -0.07914 0.08500 0.03560
v -0.09140 0.08500 0.04185
v -0.10500 0.08500 0.04400
v -0.11860 0.08500 0.04185
v -0.13086 0.08500 0.03560
v -0.14060 0.08500 0.02586
v -0.14685 0.08500 0.01360
v -0.14900 0.08500 0.00000
v -0.14685 0.08500 -0.01360
v -0.14060 0.08500 -0.02586
v -0.13086 0.08500 -0.03560
v -0.11860 0.08500 -0.04185
v -0.10500 0.08500 -0.04400
v -0.09140 0.08500 -0.04185
v -0.07914 0.08500 -0.03560
v -0.06940 0.08500 -0.02586
v -0.06315 0.08500 -0.01360
v -0.06100 0.08500 -0.00000
v -0.06210 0.07521 0.00000
v -0.06420 0.07521 0.01326
v -0.07030 0.07521 0.02521
v -0.07979 0.07521 0.03470
v -0.09174 0.07521 0.04080
v -0.10500 0.07521 0.04290
v -0.11826 0.07521 0.04080
v -0.13021 0.07521 0.03470
v -0.13970 0.07521 0.02521
v -0.14580 0.07521 0.01326
v -0.14790 0.07521 0.00000
v -0.14580 0.07521 -0.01326
v -0.13970 0.07521 -0.02521
v -0.13021 0.07521 -0.03470
v -0.11826 0.07521 -0.04080
v -0.10500 0.07521 -0.04290
v -0.09174 0.07521 -0.04080
v -0.07979 0.07521 -0.03470
v -0.07030 0.07521 -0.02521
v -0.06420 0.07521 -0.01326
v -0.06210 0.07521 -0.00000
v -0.06536 0.06591 0.00000
v -0.06730 0.06591 0.01225
v -0.07293 0.06591 0.02330
v -0.08170 0.06591 0.03207
v -0.09275 0.06591 0.03770
v -0.10500 0.06591 0.03964
v -0.11725 0.06591 0.03770
v -0.12830 0.06591 0.03207
v -0.13707 0.06591 0.02330
v -0.14270 0.06591 0.01225
v -0.14464 0.06591 0.00000
v -0.14270 0.06591 -0.01225
v -0.13707 0.06591 -0.02330
v -0.12830 0.06591 -0.03207
v -0.11725 0.06591 -0.03770
v -0.10500 0.06591 -0.03964
v -0.09275 0.06591 -0.03770
v -0.08170 0.06591 -0.03207
v -0.07293 0.06591 -0.02330
v -0.06730 0.06591 -0.01225
v -0.06536 0.06591 -0.00000
v -0.07060 0.05757 0.00000
v -0.07228 0.05757 0.01063
v -0.07717 0.05757 0.02022
v -0.08478 0.05757 0.02783
v -0.09437 0.05757 0.03272
v -0.10500 0.05757 0.03440
v -0.11563 0.05757 0.03272
v -0.12522 0.05757 0.02783
v -0.13283 0.05757 0.02022
v -0.13772 0.05757 0.01063
v -0.13940 0.05757 0.00000
v -0.13772 0.05757 -0.01063
v -0.13283 0.05757 -0.02022
v -0.12522 0.05757 -0.02783
v -0.11563 0.05757 -0.03272
v -0.10500 0.05757 -0.03440
v -0.09437 0.05757 -0.03272
v -0.08478 0.05757 -0.02783
v -0.07717 0.05757 -0.02022
v -0.07228 0.05757 -0.01063
v -0.07060 0.05757 -0.00000
v -0.07757 0.05060 0.00000
v -0.07891 0.05060 0.00848
v -0.08281 0.05060 0.01613
v -0.08887 0.05060 0.02219
v -0.09652 0.05060 0.02609
v -0.10500 0.05060 0.02743
v -0.11348 0.05060 0.02609
v -0.12113 0.05060 0.02219
v -0.12719 0.05060 0.01613
v -0.13109 0.05060 0.00848
v -0.13243 0.05060 0.00000
v -0.13109 0.05060 -0.00848
v -0.12719 0.05060 -0.01613
v -0.12113 0.05060 -0.02219
v -0.11348 0.05060 -0.02609
v -0.10500 0.05060 -0.02743
v -0.09652 0.05060 -0.02609
v -0.08887 0.05060 -0.02219
v -0.08281 0.05060 -0.01613
v -0.07891 0.05060 -0.00848
v -0.07757 0.05060 -0.00000
v -0.08591 0.04536 0.00000
v -0.08684 0.04536 0.00590
v -0.08956 0.04536 0.01122
v -0.09378 0.04536 0.01544
v -0.09910 0.04536 0.01816
v -0.10500 0.04536 0.01909
v -0.11090 0.04536 0.01816
v -0.11622 0.04536 0.01544
v -0.12044 0.04536 0.01122
v -0.12316 0.04536 0.00590
v -0.12409 0.04536 0.00000
v -0.12316 0.04536 -0.00590
v -0.12044 0.04536 -0.01122
v -0.11622 0.04536 -0.01544
v -0.11090 0.04536 -0.01816
v -0.10500 0.04536 -0.01909
v -0.09910 0.04536 -0.01816
v -0.09378 0.04536 -0.01544
v -0.08956 0.04536 -0.01122
v -0.08684 0.04536 -0.00590
v -0.08591 0.04536 -0.00000
v -0.09521 0.04210 0.00000
v -0.09569 0.04210 0.00303
v -0.09708 0.04210 0.00575
v -0.09925 0.04210 0.00792
v -0.10197 0.04210 0.00931
v -0.10500 0.04210 0.00979
v -0.10803 0.04210 0.00931
v -0.11075 0.04210 0.00792
v -0.11292 0.04210 0.00575
v -0.11431 0.04210 0.00303
v -0.11479 0.04210 0.00000
v -0.11431 0.04210 -0.00303
v -0.11292 0.04210 -0.00575
v -0.11075 0.04210 -0.00792
v -0.10803 0.04210 -0.00931
v -0.10500 0.04210 -0.00979
v -0.10197 0.04210 -0.00931
v -0.09925 0.04210 -0.00792
v -0.09708 0.04210 -0.00575
v -0.09569 0.04210 -0.00303
v -0.09521 0.04210 -0.00000
v -0.10500 0.04100 0.00000
v -0.10500 0.04100 0.00000
v -0.10500 0.04100 0.00000
v -0.10500 0.04100 0.00000
v -0.10500 0.04100 0.00000
v -0.10500 0.04100 0.00000
v -0.10500 0.04100 0.00000
v -0.10500 0.04100 0.00000
v -0.10500 0.04100 0.00000
v -0.10500 0.04100 0.00000
v -0.10500 0.04100 0.00000
v -0.10500 0.04100 -0.00000
v -0.10500 0.04100 -0.00000
v -0.10500 0.04100 -0.00000
v -0.10500 0.04100 -0.00000
v -0.10500 0.04100 -0.00000
v -0.10500 0.04100 -0.00000
v -0.10500 0.04100 -0.00000
v -0.10500 0.04100 -0.00000
v -0.10500 0.04100 -0.00000
v -0.10500 0.04100 -0.00000
v -0.09600 0.97000 -0.04000
v -0.09600 0.56500 -0.03000
v -0.09864 0.96984 -0.04636
v -0.09864 0.56484 -0.03636
v -0.10500 0.96978 -0.04900
v -0.10500 0.56478 -0.03900
v -0.11136 0.96984 -0.04636
v -0.11136 0.56484 -0.03636
v -0.11400 0.97000 -0.04000
v -0.11400 0.56500 -0.03000
v -0.11136 0.97016 -0.03364
v -0.11136 0.56516 -0.02364
v -0.10500 0.97022 -0.03100
v -0.10500 0.56522 -0.02100
v -0.09864 0.97016 -0.03364
v -0.09864 0.56516 -0.02364
v -0.09600 0.97000 -0.04000
v -0.09600 0.56500 -0.03000
v -0.10500 0.97000 -0.04000
v -0.10500 0.56500 -0.03000
v -0.14750 0.00000 -0.03000
v -0.06250 0.00000 -0.03000
v -0.06250 0.07000 -0.03000
v -0.14750 0.07000 -0.03000
v -0.14750 0.00000 0.07000
v -0.06250 0.00000 0.07000
v -0.06250 0.07000 0.07000
v -0.14750 0.07000 0.07000
v -0.14750 0.00000 0.05000
v -0.06250 0.00000 0.05000
v -0.06250 0.04400 0.05000
v -0.14750 0.04400 0.05000
v -0.14750 0.00000 0.19000
v -0.06250 0.00000 0.19000
v -0.06250 0.04400 0.19000
v -0.14750 0.04400 0.19000
v -0.15000 -0.00100 -0.05250
v -0.06000 -0.00100 -0.05250
v -0.06000 0.01300 -0.05250
v -0.15000 0.01300 -0.05250
v -0.15000 -0.00100 0.19250
v -0.06000 -0.00100 0.19250
v -0.06000 0.01300 0.19250
v -0.15000 0.01300 0.19250
v 0.10500 1.07200 0.00000
v 0.10500 1.07200 0.00000
v 0.10500 1.07200 0.00000
v 0.10500 1.07200 0.00000
v 0.10500 1.07200 0.00000
v 0.10500 1.07200 0.00000
v 0.10500 1.07200 0.00000
v 0.10500 1.07200 0.00000
v 0.10500 1.07200 0.00000
v 0.10500 1.07200 0.00000
v 0.10500 1.07200 0.00000
v 0.10500 1.07200 0.00000
v 0.10500 1.07200 0.00000
v 0.10500 1.07200 0.00000
v 0.10500 1.07200 0.00000
v 0.10500 1.07200 0.00000
v 0.10500 1.07200 0.00000
v 0.10500 1.07200 0.00000
v 0.10500 1.07200 0.00000
v 0.10500 1.07200 0.00000
v 0.10500 1.07200 0.00000
v 0.12102 1.07019 0.00000
v 0.12024 1.07019 0.00495
v 0.11796 1.07019 0.00942
v 0.11442 1.07019 0.01296
v 0.10995 1.07019 0.01524
v 0.10500 1.07019 0.01602
v 0.10005 1.07019 0.01524
v 0.09558 1.07019 0.01296
v 0.09204 1.07019 0.00942
v 0.08976 1.07019 0.00495
v 0.08898 1.07019 0.00000
v 0.08976 1.07019 -0.00495
v 0.09204 1.07019 -0.00942
v 0.09558 1.07019 -0.01296
v 0.10005 1.07019 -0.01524
v 0.10500 1.07019 -0.01602
v 0.10995 1.07019 -0.01524
v 0.11442 1.07019 -0.01296
v 0.11796 1.07019 -0.00942
v 0.12024 1.07019 -0.00495
v 0.12102 1.07019 -0.00000
v 0.13624 1.06487 0.00000
v 0.13471 1.06487 0.00965
v 0.13027 1.06487 0.01836
v 0.12336 1.06487 0.02527
v 0.11465 1.06487 0.02971
v 0.10500 1.06487 0.03124
v 0.09535 1.06487 0.02971
v 0.08664 1.06487 0.02527
v 0.07973 1.06487 0.01836
v 0.07529 1.06487 0.00965
v 0.07376 1.06487 0.00000
v 0.07529 1.06487 -0.00965
v 0.07973 1.06487 -0.01836
v 0.08664 1.06487 -0.02527
v 0.09535 1.06487 -0.02971
v 0.10500 1.06487 -0.03124
v 0.11465 1.06487 -0.02971
v 0.12336 1.06487 -0.02527
v 0.13027 1.06487 -0.01836
v 0.13471 1.06487 -0.00965
v 0.13624 1.06487 -0.00000
v 0.14989 1.05629 0.00000
v 0.14769 1.05629 0.01387
v 0.14132 1.05629 0.02639
v 0.13139 1.05629 0.03632
v 0.11887 1.05629 0.04269
v 0.10500 1.05629 0.04489
v 0.09113 1.05629 0.04269
v 0.07861 1.05629 0.03632
v 0.06868 1.05629 0.02639
v 0.06231 1.05629 0.01387
v 0.06011 1.05629 0.00000
v 0.06231 1.05629 -0.01387
v 0.06868 1.05629 -0.02639
v 0.07861 1.05629 -0.03632
v 0.09113 1.05629 -0.04269
v 0.10500 1.05629 -0.04489
v 0.11887 1.05629 -0.04269
v 0.13139 1.05629 -0.03632
v 0.14132 1.05629 -0.02639
v 0.14769 1.05629 -0.01387
v 0.14989 1.05629 -0.00000
v 0.16129 1.04489 0.00000
v 0.15854 1.04489 0.01740
v 0.15054 1.04489 0.03309
v 0.13809 1.04489 0.04554
v 0.12240 1.04489 0.05354
v 0.10500 1.04489 0.05629
v 0.08760 1.04489 0.05354
v 0.07191 1.04489 0.04554
v 0.05946 1.04489 0.03309
v 0.05146 1.04489 0.01740
v 0.04871 1.04489 0.00000
v 0.05146 1.04489 -0.01740
v 0.05946 1.04489 -0.03309
v 0.07191 1.04489 -0.04554
v 0.08760 1.04489 -0.05354
v 0.10500 1.04489 -0.05629
v 0.12240 1.04489 -0.05354
v 0.13809 1.04489 -0.04554
v 0.15054 1.04489 -0.03309
v 0.15854 1.04489 -0.01740
v 0.16129 1.04489 -0.00000
v 0.16987 1.03124 0.00000
v 0.16669 1.03124 0.02005
v 0.15748 1.03124 0.03813
v 0.14313 1.03124 0.05248
v 0.12505 1.03124 0.06169
v 0.10500 1.03124 0.06487
v 0.08495 1.03124 0.06169
v 0.06687 1.03124 0.05248
v 0.05252 1.03124 0.03813
v 0.04331 1.03124 0.02005
v 0.04013 1.03124 0.00000
v 0.04331 1.03124 -0.02005
v 0.05252 1.03124 -0.03813
v 0.06687 1.03124 -0.05248
v 0.08495 1.03124 -0.06169
v 0.10500 1.03124 -0.06487
v 0.12505 1.03124 -0.06169
v 0.14313 1.03124 -0.05248
v 0.15748 1.03124 -0.03813
v 0.16669 1.03124 -0.02005
v 0.16987 1.03124 -0.00000
v 0.17519 1.01602 0.00000
v 0.17176 1.01602 0.02169
v 0.16179 1.01602 0.04126
v 0.14626 1.01602 0.05679
v 0.12669 1.01602 0.06676
v 0.10500 1.01602 0.07019
v 0.08331 1.01602 0.06676
v 0.06374 1.01602 0.05679
v 0.04821 1.01602 0.04126
v 0.03824 1.01602 0.02169
v 0.03481 1.01602 0.00000
v 0.03824 1.01602 -0.02169
v 0.04821 1.01602 -0.04126
v 0.06374 1.01602 -0.05679
v 0.08331 1.01602 -0.06676
v 0.10500 1.01602 -0.07019
v 0.12669 1.01602 -0.06676
v 0.14626 1.01602 -0.05679
v 0.16179 1.01602 -0.04126
v 0.17176 1.01602 -0.02169
v 0.17519 1.01602 -0.00000
v 0.17700 1.00000 0.00000
v 0.17348 1.00000 0.02225
v 0.16325 1.00000 0.04232
v 0.14732 1.00000 0.05825
v 0.12725 1.00000 0.06848
v 0.10500 1.00000 0.07200
v 0.08275 1.00000 0.06848
v 0.06268 1.00000 0.05825
v 0.04675 1.00000 0.04232
v 0.03652 1.00000 0.02225
v 0.03300 1.00000 0.00000
v 0.03652 1.00000 -0.02225
v 0.04675 1.00000 -0.04232
v 0.06268 1.00000 -0.05825
v 0.08275 1.00000 -0.06848
v 0.10500 1.00000 -0.07200
v 0.12725 1.00000 -0.06848
v 0.14732 1.00000 -0.05825
v 0.16325 1.00000 -0.04232
v 0.17348 1.00000 -0.02225
v 0.17700 1.00000 -0.00000
v 0.17519 0.98398 0.00000
v 0.17176 0.98398 0.02169
v 0.16179 0.98398 0.04126
v 0.14626 0.98398 0.05679
v 0.12669 0.98398 0.06676
v 0.10500 0.98398 0.07019
v 0.08331 0.98398 0.06676
v 0.06374 0.98398 0.05679
v 0.04821 0.98398 0.04126
v 0.03824 0.98398 0.02169
v 0.03481 0.98398 0.00000
v 0.03824 0.98398 -0.02169
v 0.04821 0.98398 -0.04126
v 0.06374 0.98398 -0.05679
v 0.08331 0.98398 -0.06676
v 0.10500 0.98398 -0.07019
v 0.12669 0.98398 -0.06676
v 0.14626 0.98398 -0.05679
v 0.16179 0.98398 -0.04126
v 0.17176 0.98398 -0.02169
v 0.17519 0.98398 -0.00000
v 0.16987 0.96876 0.00000
v 0.16669 0.96876 0.02005
v 0.15748 0.96876 0.03813
v 0.14313 0.96876 0.05248
v 0.12505 0.96876 0.06169
v 0.10500 0.96876 0.06487
v 0.08495 0.96876 0.06169
v 0.06687 0.96876 0.05248
v 0.05252 0.96876 0.03813
v 0.04331 0.96876 0.02005
v 0.04013 0.96876 0.00000
v 0.04331 0.96876 -0.02005
v 0.05252 0.96876 -0.03813
v 0.06687 0.96876 -0.05248
v 0.08495 0.96876 -0.06169
v 0.10500 0.96876 -0.06487
v 0.12505 0.96876 -0.06169
v 0.14313 0.96876 -0.05248
v 0.15748 0.96876 -0.03813
v 0.16669 0.96876 -0.02005
v 0.16987 0.96876 -0.00000
v 0.16129 0.95511 0.00000
v 0.15854 0.95511 0.01740
v 0.15054 0.95511 0.03309
v 0.13809 0.95511 0.04554
v 0.12240 0.95511 0.05354
v 0.10500 0.95511 0.05629
v 0.08760 0.95511 0.05354
v 0.07191 0.95511 0.04554
v 0.05946 0.95511 0.03309
v 0.05146 0.95511 0.01740
v 0.04871 0.95511 0.00000
v 0.05146 0.95511 -0.01740
v 0.05946 0.95511 -0.03309
v 0.07191 0.95511 -0.04554
v 0.08760 0.95511 -0.05354
v 0.10500 0.95511 -0.05629
v 0.12240 0.95511 -0.05354
v 0.13809 0.95511 -0.04554
v 0.15054 0.95511 -0.03309
v 0.15854 0.95511 -0.01740
v 0.16129 0.95511 -0.00000
v 0.14989 0.94371 0.00000
v 0.14769 0.94371 0.01387
v 0.14132 0.94371 0.02639
v 0.13139 0.94371 0.03632
v 0.11887 0.94371 0.04269
v 0.10500 0.94371 0.04489
v 0.09113 0.94371 0.04269
v 0.07861 0.94371 0.03632
v 0.06868 0.94371 0.02639
v 0.06231 0.94371 0.01387
v 0.06011 0.94371 0.00000
v 0.06231 0.94371 -0.01387
v 0.06868 0.94371 -0.02639
v 0.07861 0.94371 -0.03632
v 0.09113 0.94371 -0.04269
v 0.10500 0.94371 -0.04489
v 0.11887 0.94371 -0.04269
v 0.13139 0.94371 -0.03632
v 0.14132 0.94371 -0.02639
v 0.14769 0.94371 -0.01387
v 0.14989 0.94371 -0.00000
v 0.13624 0.93513 0.00000
v 0.13471 0.93513 0.00965
v 0.13027 0.93513 0.01836
v 0.12336 0.93513 0.02527
v 0.11465 0.93513 0.02971
v 0.10500 0.93513 0.03124
v 0.09535 0.93513 0.02971
v 0.08664 0.93513 0.02527
v 0.07973 0.93513 0.01836
v 0.07529 0.93513 0.00965
v 0.07376 0.93513 0.00000
v 0.07529 0.93513 -0.00965
v 0.07973 0.93513 -0.01836
v 0.08664 0.93513 -0.02527
v 0.09535 0.93513 -0.02971
v 0.10500 0.93513 -0.03124
v 0.11465 0.93513 -0.02971
v 0.12336 0.93513 -0.02527
v 0.13027 0.93513 -0.01836
v 0.13471 0.93513 -0.00965
v 0.13624 0.93513 -0.00000
v 0.12102 0.92981 0.00000
v 0.12024 0.92981 0.00495
v 0.11796 0.92981 0.00942
v 0.11442 0.92981 0.01296
v 0.10995 0.92981 0.01524
v 0.10500 0.92981 0.01602
v 0.10005 0.92981 0.01524
v 0.09558 0.92981 0.01296
v 0.09204 0.92981 0.00942
v 0.08976 0.92981 0.00495
v 0.08898 0.92981 0.00000
v 0.08976 0.92981 -0.00495
v 0.09204 0.92981 -0.00942
v 0.09558 0.92981 -0.01296
v 0.10005 0.92981 -0.01524
v 0.10500 0.92981 -0.01602
v 0.10995 0.92981 -0.01524
v 0.11442 0.92981 -0.01296
v 0.11796 0.92981 -0.00942
v 0.12024 0.92981 -0.00495
v 0.12102 0.92981 -0.00000
v 0.10500 0.92800 0.00000
v 0.10500 0.92800 0.00000
v 0.10500 0.92800 0.00000
v 0.10500 0.92800 0.00000
v 0.10500 0.92800 0.00000
v 0.10500 0.92800 0.00000
v 0.10500 0.92800 0.00000
v 0.10500 0.92800 0.00000
v 0.10500 0.92800 0.00000
v 0.10500 0.92800 0.00000
v 0.10500 0.92800 0.00000
v 0.10500 0.92800 -0.00000
v 0.10500 0.92800 -0.00000
v 0.10500 0.92800 -0.00000
v 0.10500 0.92800 -0.00000
v 0.10500 0.92800 -0.00000
v 0.10500 0.92800 -0.00000
v 0.10500 0.92800 -0.00000
v 0.10500 0.92800 -0.00000
v 0.10500 0.92800 -0.00000
v 0.10500 0.92800 -0.00000
v 0.18000 1.00000 0.00000
v 0.16000 0.53500 0.01500
v 0.17548 0.99917 -0.02564
v 0.15668 0.53439 -0.00380
v 0.16245 0.99845 -0.04818
v 0.14713 0.53386 -0.02033
v 0.14250 0.99791 -0.06492
v 0.13250 0.53346 -0.03261
v 0.11802 0.99762 -0.07382
v 0.11455 0.53325 -0.03914
v 0.09198 0.99762 -0.07382
v 0.09545 0.53325 -0.03914
v 0.06750 0.99791 -0.06492
v 0.07750 0.53346 -0.03261
v 0.04755 0.99845 -0.04818
v 0.06287 0.53386 -0.02033
v 0.03452 0.99917 -0.02564
v 0.05332 0.53439 -0.00380
v 0.03000 1.00000 -0.00000
v 0.05000 0.53500 0.01500
v 0.03452 1.00083 0.02564
v 0.05332 0.53561 0.03380
v 0.04755 1.00155 0.04818
v 0.06287 0.53614 0.05033
v 0.06750 1.00209 0.06492
v 0.07750 0.53654 0.06261
v 0.09198 1.00238 0.07382
v 0.09545 0.53675 0.06914
v 0.11802 1.00238 0.07382
v 0.11455 0.53675 0.06914
v 0.14250 1.00209 0.06492
v 0.13250 0.53654 0.06261
v 0.16245 1.00155 0.04818
v 0.14713 0.53614 0.05033
v 0.17548 1.00083 0.02564
v 0.15668 0.53561 0.03380
v 0.18000 1.00000 0.00000
v 0.16000 0.53500 0.01500
v 0.10500 1.00000 0.00000
v 0.10500 0.53500 0.01500
v 0.10500 0.59300 0.01500
v 0.10500 0.59300 0.01500
v 0.10500 0.59300 0.01500
v 0.10500 0.59300 0.01500
v 0.10500 0.59300 0.01500
v 0.10500 0.59300 0.01500
v 0.10500 0.59300 0.01500
v 0.10500 0.59300 0.01500
v 0.10500 0.59300 0.01500
v 0.10500 0.59300 0.01500
v 0.10500 0.59300 0.01500
v 0.10500 0.59300 0.01500
v 0.10500 0.59300 0.01500
v 0.10500 0.59300 0.01500
v 0.10500 0.59300 0.01500
v 0.10500 0.59300 0.01500
v 0.10500 0.59300 0.01500
v 0.10500 0.59300 0.01500
v 0.10500 0.59300 0.01500
v 0.10500 0.59300 0.01500
v 0.10500 0.59300 0.01500
v 0.11791 0.59155 0.01500
v 0.11727 0.59155 0.01899
v 0.11544 0.59155 0.02259
v 0.11259 0.59155 0.02544
v 0.10899 0.59155 0.02727
v 0.10500 0.59155 0.02791
v 0.10101 0.59155 0.02727
v 0.09741 0.59155 0.02544
v 0.09456 0.59155 0.02259
v 0.09273 0.59155 0.01899
v 0.09209 0.59155 0.01500
v 0.09273 0.59155 0.01101
v 0.09456 0.59155 0.00741
v 0.09741 0.59155 0.00456
v 0.10101 0.59155 0.00273
v 0.10500 0.59155 0.00209
v 0.10899 0.59155 0.00273
v 0.11259 0.59155 0.00456
v 0.11544 0.59155 0.00741
v 0.11727 0.59155 0.01101
v 0.11791 0.59155 0.01500
v 0.13017 0.58726 0.01500
v 0.12893 0.58726 0.02278
v 0.12536 0.58726 0.02979
v 0.11979 0.58726 0.03536
v 0.11278 0.58726 0.03893
v 0.10500 0.58726 0.04017
v 0.09722 0.58726 0.03893
v 0.09021 0.58726 0.03536
v 0.08464 0.58726 0.02979
v 0.08107 0.58726 0.02278
v 0.07983 0.58726 0.01500
v 0.08107 0.58726 0.00722
v 0.08464 0.58726 0.00021
v 0.09021 0.58726 -0.00536
v 0.09722 0.58726 -0.00893
v 0.10500 0.58726 -0.01017
v 0.11278 0.58726 -0.00893
v 0.11979 0.58726 -0.00536
v 0.12536 0.58726 0.00021
v 0.12893 0.58726 0.00722
v 0.13017 0.58726 0.01500
v 0.14116 0.58035 0.01500
v 0.13939 0.58035 0.02617
v 0.13426 0.58035 0.03626
v 0.12626 0.58035 0.04426
v 0.11617 0.58035 0.04939
v 0.10500 0.58035 0.05116
v 0.09383 0.58035 0.04939
v 0.08374 0.58035 0.04426
v 0.07574 0.58035 0.03626
v 0.07061 0.58035 0.02617
v 0.06884 0.58035 0.01500
v 0.07061 0.58035 0.00383
v 0.07574 0.58035 -0.00626
v 0.08374 0.58035 -0.01426
v 0.09383 0.58035 -0.01939
v 0.10500 0.58035 -0.02116
v 0.11617 0.58035 -0.01939
v 0.12626 0.58035 -0.01426
v 0.13426 0.58035 -0.00626
v 0.13939 0.58035 0.00383
v 0.14116 0.58035 0.01500
v 0.15035 0.57116 0.01500
v 0.14813 0.57116 0.02901
v 0.14169 0.57116 0.04165
v 0.13165 0.57116 0.05169
v 0.11901 0.57116 0.05813
v 0.10500 0.57116 0.06035
v 0.09099 0.57116 0.05813
v 0.07835 0.57116 0.05169
v 0.06831 0.57116 0.04165
v 0.06187 0.57116 0.02901
v 0.05965 0.57116 0.01500
v 0.06187 0.57116 0.00099
v 0.06831 0.57116 -0.01165
v 0.07835 0.57116 -0.02169
v 0.09099 0.57116 -0.02813
v 0.10500 0.57116 -0.03035
v 0.11901 0.57116 -0.02813
v 0.13165 0.57116 -0.02169
v 0.14169 0.57116 -0.01165
v 0.14813 0.57116 0.00099
v 0.15035 0.57116 0.01500
v 0.15726 0.56017 0.01500
v 0.15470 0.56017 0.03115
v 0.14728 0.56017 0.04572
v 0.13572 0.56017 0.05728
v 0.12115 0.56017 0.06470
v 0.10500 0.56017 0.06726
v 0.08885 0.56017 0.06470
v 0.07428 0.56017 0.05728
v 0.06272 0.56017 0.04572
v 0.05530 0.56017 0.03115
v 0.05274 0.56017 0.01500
v 0.05530 0.56017 -0.00115
v 0.06272 0.56017 -0.01572
v 0.07428 0.56017 -0.02728
v 0.08885 0.56017 -0.03470
v 0.10500 0.56017 -0.03726
v 0.12115 0.56017 -0.03470
v 0.13572 0.56017 -0.02728
v 0.14728 0.56017 -0.01572
v 0.15470 0.56017 -0.00115
v 0.15726 0.56017 0.01500
v 0.16155 0.54791 0.01500
v 0.15878 0.54791 0.03247
v 0.15075 0.54791 0.04824
v 0.13824 0.54791 0.06075
v 0.12247 0.54791 0.06878
v 0.10500 0.54791 0.07155
v 0.08753 0.54791 0.06878
v 0.07176 0.54791 0.06075
v 0.05925 0.54791 0.04824
v 0.05122 0.54791 0.03247
v 0.04845 0.54791 0.01500
v 0.05122 0.54791 -0.00247
v 0.05925 0.54791 -0.01824
v 0.07176 0.54791 -0.03075
v 0.08753 0.54791 -0.03878
v 0.10500 0.54791 -0.04155
v 0.12247 0.54791 -0.03878
v 0.13824 0.54791 -0.03075
v 0.15075 0.54791 -0.01824
v 0.15878 0.54791 -0.00247
v 0.16155 0.54791 0.01500
v 0.16300 0.53500 0.01500
v 0.16016 0.53500 0.03292
v 0.15192 0.53500 0.04909
v 0.13909 0.53500 0.06192
v 0.12292 0.53500 0.07016
v 0.10500 0.53500 0.07300
v 0.08708 0.53500 0.07016
v 0.07091 0.53500 0.06192
v 0.05808 0.53500 0.04909
v 0.04984 0.53500 0.03292
v 0.04700 0.53500 0.01500
v 0.04984 0.53500 -0.00292
v 0.05808 0.53500 -0.01909
v 0.07091 0.53500 -0.03192
v 0.08708 0.53500 -0.04016
v 0.10500 0.53500 -0.04300
v 0.12292 0.53500 -0.04016
v 0.13909 0.53500 -0.03192
v 0.15192 0.53500 -0.01909
v 0.16016 0.53500 -0.00292
v 0.16300 0.53500 0.01500
v 0.16155 0.52209 0.01500
v 0.15878 0.52209 0.03247
v 0.15075 0.52209 0.04824
v 0.13824 0.52209 0.06075
v 0.12247 0.52209 0.06878
v 0.10500 0.52209 0.07155
v 0.08753 0.52209 0.06878
v 0.07176 0.52209 0.06075
v 0.05925 0.52209 0.04824
v 0.05122 0.52209 0.03247
v 0.04845 0.52209 0.01500
v 0.05122 0.52209 -0.00247
v 0.05925 0.52209 -0.01824
v 0.07176 0.52209 -0.03075
v 0.08753 0.52209 -0.03878
v 0.10500 0.52209 -0.04155
v 0.12247 0.52209 -0.03878
v 0.13824 0.52209 -0.03075
v 0.15075 0.52209 -0.01824
v 0.15878 0.52209 -0.00247
v 0.16155 0.52209 0.01500
v 0.15726 0.50983 0.01500
v 0.15470 0.50983 0.03115
v 0.14728 0.50983 0.04572
v 0.13572 0.50983 0.05728
v 0.12115 0.50983 0.06470
v 0.10500 0.50983 0.06726
v 0.08885 0.50983 0.06470
v 0.07428 0.50983 0.05728
v 0.06272 0.50983 0.04572
v 0.05530 0.50983 0.03115
v 0.05274 0.50983 0.01500
v 0.05530 0.50983 -0.00115
v 0.06272 0.50983 -0.01572
v 0.07428 0.50983 -0.02728
v 0.08885 0.50983 -0.03470
v 0.10500 0.50983 -0.03726
v 0.12115 0.50983 -0.03470
v 0.13572 0.50983 -0.02728
v 0.14728 0.50983 -0.01572
v 0.15470 0.50983 -0.00115
v 0.15726 0.50983 0.01500
v 0.15035 0.49884 0.01500
v 0.14813 0.49884 0.02901
v 0.14169 0.49884 0.04165
v 0.13165 0.49884 0.05169
v 0.11901 0.49884 0.05813
v 0.10500 0.49884 0.06035
v 0.09099 0.49884 0.05813
v 0.07835 0.49884 0.05169
v 0.06831 0.49884 0.04165
v 0.06187 0.49884 0.02901
v 0.05965 0.49884 0.01500
v 0.06187 0.49884 0.00099
v 0.06831 0.49884 -0.01165
v 0.07835 0.49884 -0.02169
v 0.09099 0.49884 -0.02813
v 0.10500 0.49884 -0.03035
v 0.11901 0.49884 -0.02813
v 0.13165 0.49884 -0.02169
v 0.14169 0.49884 -0.01165
v 0.14813 0.49884 0.00099
v 0.15035 0.49884 0.01500
v 0.14116 0.48965 0.01500
v 0.13939 0.48965 0.02617
v 0.13426 0.48965 0.03626
v 0.12626 0.48965 0.04426
v 0.11617 0.48965 0.04939
v 0.10500 0.48965 0.05116
v 0.09383 0.48965 0.04939
v 0.08374 0.48965 0.04426
v 0.07574 0.48965 0.03626
v 0.07061 0.48965 0.02617
v 0.06884 0.48965 0.01500
v 0.07061 0.48965 0.00383
v 0.07574 0.48965 -0.00626
v 0.08374 0.48965 -0.01426
v 0.09383 0.48965 -0.01939
v 0.10500 0.48965 -0.02116
v 0.11617 0.48965 -0.01939
v 0.12626 0.48965 -0.01426
v 0.13426 0.48965 -0.00626
v 0.13939 0.48965 0.00383
v 0.14116 0.48965 0.01500
v 0.13017 0.48274 0.01500
v 0.12893 0.48274 0.02278
v 0.12536 0.48274 0.02979
v 0.11979 0.48274 0.03536
v 0.11278 0.48274 0.03893
v 0.10500 0.48274 0.04017
v 0.09722 0.48274 0.03893
v 0.09021 0.48274 0.03536
v 0.08464 0.48274 0.02979
v 0.08107 0.48274 0.02278
v 0.07983 0.48274 0.01500
v 0.08107 0.48274 0.00722
v 0.08464 0.48274 0.00021
v 0.09021 0.48274 -0.00536
v 0.09722 0.48274 -0.00893
v 0.10500 0.48274 -0.01017
v 0.11278 0.48274 -0.00893
v 0.11979 0.48274 -0.00536
v 0.12536 0.48274 0.00021
v 0.12893 0.48274 0.00722
v 0.13017 0.48274 0.01500
v 0.11791 0.47845 0.01500
v 0.11727 0.47845 0.01899
v 0.11544 0.47845 0.02259
v 0.11259 0.47845 0.02544
v 0.10899 0.47845 0.02727
v 0.10500 0.47845 0.02791
v 0.10101 0.47845 0.02727
v 0.09741 0.47845 0.02544
v 0.09456 0.47845 0.02259
v 0.09273 0.47845 0.01899
v 0.09209 0.47845 0.01500
v 0.09273 0.47845 0.01101
v 0.09456 0.47845 0.00741
v 0.09741 0.47845 0.00456
v 0.10101 0.47845 0.00273
v 0.10500 0.47845 0.00209
v 0.10899 0.47845 0.00273
v 0.11259 0.47845 0.00456
v 0.11544 0.47845 0.00741
v 0.11727 0.47845 0.01101
v 0.11791 0.47845 0.01500
v 0.10500 0.47700 0.01500
v 0.10500 0.47700 0.01500
v 0.10500 0.47700 0.01500
v 0.10500 0.47700 0.01500
v 0.10500 0.47700 0.01500
v 0.10500 0.47700 0.01500
v 0.10500 0.47700 0.01500
v 0.10500 0.47700 0.01500
v 0.10500 0.47700 0.01500
v 0.10500 0.47700 0.01500
v 0.10500 0.47700 0.01500
v 0.10500 0.47700 0.01500
v 0.10500 0.47700 0.01500
v 0.10500 0.47700 0.01500
v 0.10500 0.47700 0.01500
v 0.10500 0.47700 0.01500
v 0.10500 0.47700 0.01500
v 0.10500 0.47700 0.01500
v 0.10500 0.47700 0.01500
v 0.10500 0.47700 0.01500
v 0.10500 0.47700 0.01500
v 0.16000 0.53500 0.01500
v 0.14700 0.08500 0.00000
v 0.15668 0.53563 -0.00380
v 0.14447 0.08548 -0.01436
v 0.14713 0.53618 -0.02033
v 0.13717 0.08590 -0.02698
v 0.13250 0.53659 -0.03260
v 0.12600 0.08621 -0.03635
v 0.11455 0.53680 -0.03913
v 0.11229 0.08638 -0.04134
v 0.09545 0.53680 -0.03913
v 0.09771 0.08638 -0.04134
v 0.07750 0.53659 -0.03260
v 0.08400 0.08621 -0.03635
v 0.06287 0.53618 -0.02033
v 0.07283 0.08590 -0.02698
v 0.05332 0.53563 -0.00380
v 0.06553 0.08548 -0.01436
v 0.05000 0.53500 0.01500
v 0.06300 0.08500 -0.00000
v 0.05332 0.53437 0.03380
v 0.06553 0.08452 0.01436
v 0.06287 0.53382 0.05033
v 0.07283 0.08410 0.02698
v 0.07750 0.53341 0.06260
v 0.08400 0.08379 0.03635
v 0.09545 0.53320 0.06913
v 0.09771 0.08362 0.04134
v 0.11455 0.53320 0.06913
v 0.11229 0.08362 0.04134
v 0.13250 0.53341 0.06260
v 0.12600 0.08379 0.03635
v 0.14713 0.53382 0.05033
v 0.13717 0.08410 0.02698
v 0.15668 0.53437 0.03380
v 0.14447 0.08452 0.01436
v 0.16000 0.53500 0.01500
v 0.14700 0.08500 0.00000
v 0.10500 0.53500 0.01500
v 0.10500 0.08500 0.00000
v 0.10500 0.12900 0.00000
v 0.10500 0.12900 0.00000
v 0.10500 0.12900 0.00000
v 0.10500 0.12900 0.00000
v 0.10500 0.12900 0.00000
v 0.10500 0.12900 0.00000
v 0.10500 0.12900 0.00000
v 0.10500 0.12900 0.00000
v 0.10500 0.12900 0.00000
v 0.10500 0.12900 0.00000
v 0.10500 0.12900 0.00000
v 0.10500 0.12900 0.00000
v 0.10500 0.12900 0.00000
v 0.10500 0.12900 0.00000
v 0.10500 0.12900 0.00000
v 0.10500 0.12900 0.00000
v 0.10500 0.12900 0.00000
v 0.10500 0.12900 0.00000
v 0.10500 0.12900 0.00000
v 0.10500 0.12900 0.00000
v 0.10500 0.12900 0.00000
v 0.11479 0.12790 0.00000
v 0.11431 0.12790 0.00303
v 0.11292 0.12790 0.00575
v 0.11075 0.12790 0.00792
v 0.10803 0.12790 0.00931
v 0.10500 0.12790 0.00979
v 0.10197 0.12790 0.00931
v 0.09925 0.12790 0.00792
v 0.09708 0.12790 0.00575
v 0.09569 0.12790 0.00303
v 0.09521 0.12790 0.00000
v 0.09569 0.12790 -0.00303
v 0.09708 0.12790 -0.00575
v 0.09925 0.12790 -0.00792
v 0.10197 0.12790 -0.00931
v 0.10500 0.12790 -0.00979
v 0.10803 0.12790 -0.00931
v 0.11075 0.12790 -0.00792
v 0.11292 0.12790 -0.00575
v 0.11431 0.12790 -0.00303
v 0.11479 0.12790 -0.00000
v 0.12409 0.12464 0.00000
v 0.12316 0.12464 0.00590
v 0.12044 0.12464 0.01122
v 0.11622 0.12464 0.01544
v 0.11090 0.12464 0.01816
v 0.10500 0.12464 0.01909
v 0.09910 0.12464 0.01816
v 0.09378 0.12464 0.01544
v 0.08956 0.12464 0.01122
v 0.08684 0.12464 0.00590
v 0.08591 0.12464 0.00000
v 0.08684 0.12464 -0.00590
v 0.08956 0.12464 -0.01122
v 0.09378 0.12464 -0.01544
v 0.09910 0.12464 -0.01816
v 0.10500 0.12464 -0.01909
v 0.11090 0.12464 -0.01816
v 0.11622 0.12464 -0.01544
v 0.12044 0.12464 -0.01122
v 0.12316 0.12464 -0.00590
v 0.12409 0.12464 -0.00000
v 0.13243 0.11940 0.00000
v 0.13109 0.11940 0.00848
v 0.12719 0.11940 0.01613
v 0.12113 0.11940 0.02219
v 0.11348 0.11940 0.02609
v 0.10500 0.11940 0.02743
v 0.09652 0.11940 0.02609
v 0.08887 0.11940 0.02219
v 0.08281 0.11940 0.01613
v 0.07891 0.11940 0.00848
v 0.07757 0.11940 0.00000
v 0.07891 0.11940 -0.00848
v 0.08281 0.11940 -0.01613
v 0.08887 0.11940 -0.02219
v 0.09652 0.11940 -0.02609
v 0.10500 0.11940 -0.02743
v 0.11348 0.11940 -0.02609
v 0.12113 0.11940 -0.02219
v 0.12719 0.11940 -0.01613
v 0.13109 0.11940 -0.00848
v 0.13243 0.11940 -0.00000
v 0.13940 0.11243 0.00000
v 0.13772 0.11243 0.01063
v 0.13283 0.11243 0.02022
v 0.12522 0.11243 0.02783
v 0.11563 0.11243 0.03272
v 0.10500 0.11243 0.03440
v 0.09437 0.11243 0.03272
v 0.08478 0.11243 0.02783
v 0.07717 0.11243 0.02022
v 0.07228 0.11243 0.01063
v 0.07060 0.11243 0.00000
v 0.07228 0.11243 -0.01063
v 0.07717 0.11243 -0.02022
v 0.08478 0.11243 -0.02783
v 0.09437 0.11243 -0.03272
v 0.10500 0.11243 -0.03440
v 0.11563 0.11243 -0.03272
v 0.12522 0.11243 -0.02783
v 0.13283 0.11243 -0.02022
v 0.13772 0.11243 -0.01063
v 0.13940 0.11243 -0.00000
v 0.14464 0.10409 0.00000
v 0.14270 0.10409 0.01225
v 0.13707 0.10409 0.02330
v 0.12830 0.10409 0.03207
v 0.11725 0.10409 0.03770
v 0.10500 0.10409 0.03964
v 0.09275 0.10409 0.03770
v 0.08170 0.10409 0.03207
v 0.07293 0.10409 0.02330
v 0.06730 0.10409 0.01225
v 0.06536 0.10409 0.00000
v 0.06730 0.10409 -0.01225
v 0.07293 0.10409 -0.02330
v 0.08170 0.10409 -0.03207
v 0.09275 0.10409 -0.03770
v 0.10500 0.10409 -0.03964
v 0.11725 0.10409 -0.03770
v 0.12830 0.10409 -0.03207
v 0.13707 0.10409 -0.02330
v 0.14270 0.10409 -0.01225
v 0.14464 0.10409 -0.00000
v 0.14790 0.09479 0.00000
v 0.14580 0.09479 0.01326
v 0.13970 0.09479 0.02521
v 0.13021 0.09479 0.03470
v 0.11826 0.09479 0.04080
v 0.10500 0.09479 0.04290
v 0.09174 0.09479 0.04080
v 0.07979 0.09479 0.03470
v 0.07030 0.09479 0.02521
v 0.06420 0.09479 0.01326
v 0.06210 0.09479 0.00000
v 0.06420 0.09479 -0.01326
v 0.07030 0.09479 -0.02521
v 0.07979 0.09479 -0.03470
v 0.09174 0.09479 -0.04080
v 0.10500 0.09479 -0.04290
v 0.11826 0.09479 -0.04080
v 0.13021 0.09479 -0.03470
v 0.13970 0.09479 -0.02521
v 0.14580 0.09479 -0.01326
v 0.14790 0.09479 -0.00000
v 0.14900 0.08500 0.00000
v 0.14685 0.08500 0.01360
v 0.14060 0.08500 0.02586
v 0.13086 0.08500 0.03560
v 0.11860 0.08500 0.04185
v 0.10500 0.08500 0.04400
v 0.09140 0.08500 0.04185
v 0.07914 0.08500 0.03560
v 0.06940 0.08500 0.02586
v 0.06315 0.08500 0.01360
v 0.06100 0.08500 0.00000
v 0.06315 0.08500 -0.01360
v 0.06940 0.08500 -0.02586
v 0.07914 0.08500 -0.03560
v 0.09140 0.08500 -0.04185
v 0.10500 0.08500 -0.04400
v 0.11860 0.08500 -0.04185
v 0.13086 0.08500 -0.03560
v 0.14060 0.08500 -0.02586
v 0.14685 0.08500 -0.01360
v 0.14900 0.08500 -0.00000
v 0.14790 0.07521 0.00000
v 0.14580 0.07521 0.01326
v 0.13970 0.07521 0.02521
v 0.13021 0.07521 0.03470
v 0.11826 0.07521 0.04080
v 0.10500 0.07521 0.04290
v 0.09174 0.07521 0.04080
v 0.07979 0.07521 0.03470
v 0.07030 0.07521 0.02521
v 0.06420 0.07521 0.01326
v 0.06210 0.07521 0.00000
v 0.06420 0.07521 -0.01326
v 0.07030 0.07521 -0.02521
v 0.07979 0.07521 -0.03470
v 0.09174 0.07521 -0.04080
v 0.10500 0.07521 -0.04290
v 0.11826 0.07521 -0.04080
v 0.13021 0.07521 -0.03470
v 0.13970 0.07521 -0.02521
v 0.14580 0.07521 -0.01326
v 0.14790 0.07521 -0.00000
v 0.14464 0.06591 0.00000
v 0.14270 0.06591 0.01225
v 0.13707 0.06591 0.02330
v 0.12830 0.06591 0.03207
v 0.11725 0.06591 0.03770
v 0.10500 0.06591 0.03964
v 0.09275 0.06591 0.03770
v 0.08170 0.06591 0.03207
v 0.07293 0.06591 0.02330
v 0.06730 0.06591 0.01225
v 0.06536 0.06591 0.00000
v 0.06730 0.06591 -0.01225
v 0.07293 0.06591 -0.02330
v 0.08170 0.06591 -0.03207
v 0.09275 0.06591 -0.03770
v 0.10500 0.06591 -0.03964
v 0.11725 0.06591 -0.03770
v 0.12830 0.06591 -0.03207
v 0.13707 0.06591 -0.02330
v 0.14270 0.06591 -0.01225
v 0.14464 0.06591 -0.00000
v 0.13940 0.05757 0.00000
v 0.13772 0.05757 0.01063
v 0.13283 0.05757 0.02022
v 0.12522 0.05757 0.02783
v 0.11563 0.05757 0.03272
v 0.10500 0.05757 0.03440
v 0.09437 0.05757 0.03272
v 0.08478 0.05757 0.02783
v 0.07717 0.05757 0.02022
v 0.07228 0.05757 0.01063
v 0.07060 0.05757 0.00000
v 0.07228 0.05757 -0.01063
v 0.07717 0.05757 -0.02022
v 0.08478 0.05757 -0.02783
v 0.09437 0.05757 -0.03272
v 0.10500 0.05757 -0.03440
v 0.11563 0.05757 -0.03272
v 0.12522 0.05757 -0.02783
v 0.13283 0.05757 -0.02022
v 0.13772 0.05757 -0.01063
v 0.13940 0.05757 -0.00000
v 0.13243 0.05060 0.00000
v 0.13109 0.05060 0.00848
v 0.12719 0.05060 0.01613
v 0.12113 0.05060 0.02219
v 0.11348 0.05060 0.02609
v 0.10500 0.05060 0.02743
v 0.09652 0.05060 0.02609
v 0.08887 0.05060 0.02219
v 0.08281 0.05060 0.01613
v 0.07891 0.05060 0.00848
v 0.07757 0.05060 0.00000
v 0.07891 0.05060 -0.00848
v 0.08281 0.05060 -0.01613
v 0.08887 0.05060 -0.02219
v 0.09652 0.05060 -0.02609
v 0.10500 0.05060 -0.02743
v 0.11348 0.05060 -0.02609
v 0.12113 0.05060 -0.02219
v 0.12719 0.05060 -0.01613
v 0.13109 0.05060 -0.00848
v 0.13243 0.05060 -0.00000
v 0.12409 0.04536 0.00000
v 0.12316 0.04536 0.00590
v 0.12044 0.04536 0.01122
v 0.11622 0.04536 0.01544
v 0.11090 0.04536 0.01816
v 0.10500 0.04536 0.01909
v 0.09910 0.04536 0.01816
v 0.09378 0.04536 0.01544
v 0.08956 0.04536 0.01122
v 0.08684 0.04536 0.00590
v 0.08591 0.04536 0.00000
v 0.08684 0.04536 -0.00590
v 0.08956 0.04536 -0.01122
v 0.09378 0.04536 -0.01544
v 0.09910 0.04536 -0.01816
v 0.10500 0.04536 -0.01909
v 0.11090 0.04536 -0.01816
v 0.11622 0.04536 -0.01544
v 0.12044 0.04536 -0.01122
v 0.12316 0.04536 -0.00590
v 0.12409 0.04536 -0.00000
v 0.11479 0.04210 0.00000
v 0.11431 0.04210 0.00303
v 0.11292 0.04210 0.00575
v 0.11075 0.04210 0.00792
v 0.10803 0.04210 0.00931
v 0.10500 0.04210 0.00979
v 0.10197 0.04210 0.00931
v 0.09925 0.04210 0.00792
v 0.09708 0.04210 0.00575
v 0.09569 0.04210 0.00303
v 0.09521 0.04210 0.00000
v 0.09569 0.04210 -0.00303
v 0.09708 0.04210 -0.00575
v 0.09925 0.04210 -0.00792
v 0.10197 0.04210 -0.00931
v 0.10500 0.04210 -0.00979
v 0.10803 0.04210 -0.00931
v 0.11075 0.04210 -0.00792
v 0.11292 0.04210 -0.00575
v 0.11431 0.04210 -0.00303
v 0.11479 0.04210 -0.00000
v 0.10500 0.04100 0.00000
v 0.10500 0.04100 0.00000
v 0.10500 0.04100 0.00000
v 0.10500 0.04100 0.00000
v 0.10500 0.04100 0.00000
v 0.10500 0.04100 0.00000
v 0.10500 0.04100 0.00000
v 0.10500 0.04100 0.00000
v 0.10500 0.04100 0.00000
v 0.10500 0.04100 0.00000
v 0.10500 0.04100 0.00000
v 0.10500 0.04100 -0.00000
v 0.10500 0.04100 -0.00000
v 0.10500 0.04100 -0.00000
v 0.10500 0.04100 -0.00000
v 0.10500 0.04100 -0.00000
v 0.10500 0.04100 -0.00000
v 0.10500 0.04100 -0.00000
v 0.10500 0.04100 -0.00000
v 0.10500 0.04100 -0.00000
v 0.10500 0.04100 -0.00000
v 0.11400 0.97000 -0.04000
v 0.11400 0.56500 -0.03000
v 0.11136 0.96984 -0.04636
v 0.11136 0.56484 -0.03636
v 0.10500 0.96978 -0.04900
v 0.10500 0.56478 -0.03900
v 0.09864 0.96984 -0.04636
v 0.09864 0.56484 -0.03636
v 0.09600 0.97000 -0.04000
v 0.09600 0.56500 -0.03000
v 0.09864 0.97016 -0.03364
v 0.09864 0.56516 -0.02364
v 0.10500 0.97022 -0.03100
v 0.10500 0.56522 -0.02100
v 0.11136 0.97016 -0.03364
v 0.11136 0.56516 -0.02364
v 0.11400 0.97000 -0.04000
v 0.11400 0.56500 -0.03000
v 0.10500 0.97000 -0.04000
v 0.10500 0.56500 -0.03000
v 0.06250 0.00000 -0.03000
v 0.14750 0.00000 -0.03000
v 0.14750 0.07000 -0.03000
v 0.06250 0.07000 -0.03000
v 0.06250 0.00000 0.07000
v 0.14750 0.00000 0.07000
v 0.14750 0.07000 0.07000
v 0.06250 0.07000 0.07000
v 0.06250 0.00000 0.05000
v 0.14750 0.00000 0.05000
v 0.14750 0.04400 0.05000
v 0.06250 0.04400 0.05000
v 0.06250 0.00000 0.19000
v 0.14750 0.00000 0.19000
v 0.14750 0.04400 0.19000
v 0.06250 0.04400 0.19000
v 0.06000 -0.00100 -0.05250
v 0.15000 -0.00100 -0.05250
v 0.15000 0.01300 -0.05250
v 0.06000 0.01300 -0.05250
v 0.06000 -0.00100 0.19250
v 0.15000 -0.00100 0.19250
v 0.15000 0.01300 0.19250
v 0.06000 0.01300 0.19250
usemtl body_light
f 2 22 23
f 3 23 24
f 4 24 25
f 5 25 26
f 6 26 27
f 7 27 28
f 8 28 29
f 9 29 30
f 10 30 31
f 11 31 32
f 12 32 33
f 13 33 34
f 14 34 35
f 15 35 36
f 16 36 37
f 17 37 38
f 18 38 39
f 19 39 40
f 20 40 41
f 21 41 42
f 22 43 23
f 23 43 44
f 23 44 24
f 24 44 45
f 24 45 25
f 25 45 46
f 25 46 26
f 26 46 47
f 26 47 27
f 27 47 48
f 27 48 28
f 28 48 49
f 28 49 29
f 29 49 50
f 29 50 30
f 30 50 51
f 30 51 31
f 31 51 52
f 31 52 32
f 32 52 53
f 32 53 33
f 33 53 54
f 33 54 34
f 34 54 55
f 34 55 35
f 35 55 56
f 35 56 36
f 36 56 57
f 36 57 37
f 37 57 58
f 37 58 38
f 38 58 59
f 38 59 39
f 39 59 60
f 39 60 40
f 40 60 61
f 40 61 41
f 41 61 62
f 41 62 42
f 42 62 63
f 43 64 44
f 44 64 65
f 44 65 45
f 45 65 66
f 45 66 46
f 46 66 67
f 46 67 47
f 47 67 68
f 47 68 48
f 48 68 69
f 48 69 49
f 49 69 70
f 49 70 50
f 50 70 71
f 50 71 51
f 51 71 72
f 51 72 52
f 52 72 73
f 52 73 53
f 53 73 74
f 53 74 54
f 54 74 75
f 54 75 55
f 55 75 76
f 55 76 56
f 56 76 77
f 56 77 57
f 57 77 78
f 57 78 58
f 58 78 79
f 58 79 59
f 59 79 80
f 59 80 60
f 60 80 81
f 60 81 61
f 61 81 82
f 61 82 62
f 62 82 83
f 62 83 63
f 63 83 84
f 64 85 65
f 65 85 86
f 65 86 66
f 66 86 87
f 66 87 67
f 67 87 88
f 67 88 68
f 68 88 89
f 68 89 69
f 69 89 90
f 69 90 70
f 70 90 91
f 70 91 71
f 71 91 92
f 71 92 72
f 72 92 93
f 72 93 73
f 73 93 94
f 73 94 74
f 74 94 95
f 74 95 75
f 75 95 96
f 75 96 76
f 76 96 97
f 76 97 77
f 77 97 98
f 77 98 78
f 78 98 99
f 78 99 79
f 79 99 100
f 79 100 80
f 80 100 101
f 80 101 81
f 81 101 102
f 81 102 82
f 82 102 103
f 82 103 83
f 83 103 104
f 83 104 84
f 84 104 105
f 85 106 86
f 86 106 107
f 86 107 87
f 87 107 108
f 87 108 88
f 88 108 109
f 88 109 89
f 89 109 110
f 89 110 90
f 90 110 111
f 90 111 91
f 91 111 112
f 91 112 92
f 92 112 113
f 92 113 93
f 93 113 114
f 93 114 94
f 94 114 115
f 94 115 95
f 95 115 116
f 95 116 96
f 96 116 117
f 96 117 97
f 97 117 118
f 97 118 98
f 98 118 119
f 98 119 99
f 99 119 120
f 99 120 100
f 100 120 121
f 100 121 101
f 101 121 122
f 101 122 102
f 102 122 123
f 102 123 103
f 103 123 124
f 103 124 104
f 104 124 125
f 104 125 105
f 105 125 126
f 106 127 107
f 107 127 128
f 107 128 108
f 108 128 129
f 108 129 109
f 109 129 130
f 109 130 110
f 110 130 131
f 110 131 111
f 111 131 132
f 111 132 112
f 112 132 133
f 112 133 113
f 113 133 134
f 113 134 114
f 114 134 135
f 114 135 115
f 115 135 136
f 115 136 116
f 116 136 137
f 116 137 117
f 117 137 138
f 117 138 118
f 118 138 139
f 118 139 119
f 119 139 140
f 119 140 120
f 120 140 141
f 120 141 121
f 121 141 142
f 121 142 122
f 122 142 143
f 122 143 123
f 123 143 144
f 123 144 124
f 124 144 145
f 124 145 125
f 125 145 146
f 125 146 126
f 126 146 147
f 127 148 128
f 128 148 149
f 128 149 129
f 129 149 150
f 129 150 130
f 130 150 151
f 130 151 131
f 131 151 152
f 131 152 132
f 132 152 153
f 132 153 133
f 133 153 154
f 133 154 134
f 134 154 155
f 134 155 135
f 135 155 156
f 135 156 136
f 136 156 157
f 136 157 137
f 137 157 158
f 137 158 138
f 138 158 159
f 138 159 139
f 139 159 160
f 139 160 140
f 140 160 161
f 140 161 141
f 141 161 162
f 141 162 142
f 142 162 163
f 142 163 143
f 143 163 164
f 143 164 144
f 144 164 165
f 144 165 145
f 145 165 166
f 145 166 146
f 146 166 167
f 146 167 147
f 147 167 168
f 148 169 149
f 149 169 170
f 149 170 150
f 150 170 171
f 150 171 151
f 151 171 172
f 151 172 152
f 152 172 173
f 152 173 153
f 153 173 174
f 153 174 154
f 154 174 175
f 154 175 155
f 155 175 176
f 155 176 156
f 156 176 177
f 156 177 157
f 157 177 178
f 157 178 158
f 158 178 179
f 158 179 159
f 159 179 180
f 159 180 160
f 160 180 181
f 160 181 161
f 161 181 182
f 161 182 162
f 162 182 183
f 162 183 163
f 163 183 184
f 163 184 164
f 164 184 185
f 164 185 165
f 165 185 186
f 165 186 166
f 166 186 187
f 166 187 167
f 167 187 188
f 167 188 168
f 168 188 189
f 169 190 170
f 170 190 191
f 170 191 171
f 171 191 192
f 171 192 172
f 172 192 193
f 172 193 173
f 173 193 194
f 173 194 174
f 174 194 195
f 174 195 175
f 175 195 196
f 175 196 176
f 176 196 197
f 176 197 177
f 177 197 198
f 177 198 178
f 178 198 199
f 178 199 179
f 179 199 200
f 179 200 180
f 180 200 201
f 180 201 181
f 181 201 202
f 181 202 182
f 182 202 203
f 182 203 183
f 183 203 204
f 183 204 184
f 184 204 205
f 184 205 185
f 185 205 206
f 185 206 186
f 186 206 207
f 186 207 187
f 187 207 208
f 187 208 188
f 188 208 209
f 188 209 189
f 189 209 210
f 190 211 191
f 191 211 212
f 191 212 192
f 192 212 213
f 192 213 193
f 193 213 214
f 193 214 194
f 194 214 215
f 194 215 195
f 195 215 216
f 195 216 196
f 196 216 217
f 196 217 197
f 197 217 218
f 197 218 198
f 198 218 219
f 198 219 199
f 199 219 220
f 199 220 200
f 200 220 221
f 200 221 201
f 201 221 222
f 201 222 202
f 202 222 223
f 202 223 203
f 203 223 224
f 203 224 204
f 204 224 225
f 204 225 205
f 205 225 226
f 205 226 206
f 206 226 227
f 206 227 207
f 207 227 228
f 207 228 208
f 208 228 229
f 208 229 209
f 209 229 230
f 209 230 210
f 210 230 231
f 211 232 212
f 212 232 233
f 212 233 213
f 213 233 234
f 213 234 214
f 214 234 235
f 214 235 215
f 215 235 236
f 215 236 216
f 216 236 237
f 216 237 217
f 217 237 238
f 217 238 218
f 218 238 239
f 218 239 219
f 219 239 240
f 219 240 220
f 220 240 241
f 220 241 221
f 221 241 242
f 221 242 222
f 222 242 243
f 222 243 223
f 223 243 244
f 223 244 224
f 224 244 245
f 224 245 225
f 225 245 246
f 225 246 226
f 226 246 247
f 226 247 227
f 227 247 248
f 227 248 228
f 228 248 249
f 228 249 229
f 229 249 250
f 229 250 230
f 230 250 251
f 230 251 231
f 231 251 252
f 232 253 233
f 233 253 254
f 233 254 234
f 234 254 255
f 234 255 235
f 235 255 256
f 235 256 236
f 236 256 257
f 236 257 237
f 237 257 258
f 237 258 238
f 238 258 259
f 238 259 239
f 239 259 260
f 239 260 240
f 240 260 261
f 240 261 241
f 241 261 262
f 241 262 242
f 242 262 263
f 242 263 243
f 243 263 264
f 243 264 244
f 244 264 265
f 244 265 245
f 245 265 266
f 245 266 246
f 246 266 267
f 246 267 247
f 247 267 268
f 247 268 248
f 248 268 269
f 248 269 249
f 249 269 270
f 249 270 250
f 250 270 271
f 250 271 251
f 251 271 272
f 251 272 252
f 252 272 273
f 253 274 254
f 254 274 275
f 254 275 255
f 255 275 276
f 255 276 256
f 256 276 277
f 256 277 257
f 257 277 278
f 257 278 258
f 258 278 279
f 258 279 259
f 259 279 280
f 259 280 260
f 260 280 281
f 260 281 261
f 261 281 282
f 261 282 262
f 262 282 283
f 262 283 263
f 263 283 284
f 263 284 264
f 264 284 285
f 264 285 265
f 265 285 286
f 265 286 266
f 266 286 287
f 266 287 267
f 267 287 288
f 267 288 268
f 268 288 289
f 268 289 269
f 269 289 290
f 269 290 270
f 270 290 291
f 270 291 271
f 271 291 292
f 271 292 272
f 272 292 293
f 272 293 273
f 273 293 294
f 274 295 275
f 275 296 276
f 276 297 277
f 277 298 278
f 278 299 279
f 279 300 280
f 280 301 281
f 281 302 282
f 282 303 283
f 283 304 284
f 284 305 285
f 285 306 286
f 286 307 287
f 287 308 288
f 288 309 289
f 289 310 290
f 290 311 291
f 291 312 292
f 292 313 293
f 293 314 294
usemtl body_dark
f 316 317 318
f 316 318 319
f 321 320 323
f 321 323 322
f 320 316 319
f 320 319 323
f 317 321 322
f 317 322 318
f 319 318 322
f 319 322 323
f 320 321 317
f 320 317 316
usemtl eye_glow
f 325 345 346
f 326 346 347
f 327 347 348
f 328 348 349
f 329 349 350
f 330 350 351
f 331 351 352
f 332 352 353
f 333 353 354
f 334 354 355
f 335 355 356
f 336 356 357
f 337 357 358
f 338 358 359
f 339 359 360
f 340 360 361
f 341 361 362
f 342 362 363
f 343 363 364
f 344 364 365
f 345 366 346
f 346 366 367
f 346 367 347
f 347 367 368
f 347 368 348
f 348 368 369
f 348 369 349
f 349 369 370
f 349 370 350
f 350 370 371
f 350 371 351
f 351 371 372
f 351 372 352
f 352 372 373
f 352 373 353
f 353 373 374
f 353 374 354
f 354 374 375
f 354 375 355
f 355 375 376
f 355 376 356
f 356 376 377
f 356 377 357
f 357 377 378
f 357 378 358
f 358 378 379
f 358 379 359
f 359 379 380
f 359 380 360
f 360 380 381
f 360 381 361
f 361 381 382
f 361 382 362
f 362 382 383
f 362 383 363
f 363 383 384
f 363 384 364
f 364 384 385
f 364 385 365
f 365 385 386
f 366 387 367
f 367 387 388
f 367 388 368
f 368 388 389
f 368 389 369
f 369 389 390
f 369 390 370
f 370 390 391
f 370 391 371
f 371 391 392
f 371 392 372
f 372 392 393
f 372 393 373
f 373 393 394
f 373 394 374
f 374 394 395
f 374 395 375
f 375 395 396
f 375 396 376
f 376 396 397
f 376 397 377
f 377 397 398
f 377 398 378
f 378 398 399
f 378 399 379
f 379 399 400
f 379 400 380
f 380 400 401
f 380 401 381
f 381 401 402
f 381 402 382
f 382 402 403
f 382 403 383
f 383 403 404
f 383 404 384
f 384 404 405
f 384 405 385
f 385 405 406
f 385 406 386
f 386 406 407
f 387 408 388
f 388 408 409
f 388 409 389
f 389 409 410
f 389 410 390
f 390 410 411
f 390 411 391
f 391 411 412
f 391 412 392
f 392 412 413
f 392 413 393
f 393 413 414
f 393 414 394
f 394 414 415
f 394 415 395
f 395 415 416
f 395 416 396
f 396 416 417
f 396 417 397
f 397 417 418
f 397 418 398
f 398 418 419
f 398 419 399
f 399 419 420
f 399 420 400
f 400 420 421
f 400 421 401
f 401 421 422
f 401 422 402
f 402 422 423
f 402 423 403
f 403 423 424
f 403 424 404
f 404 424 425
f 404 425 405
f 405 425 426
f 405 426 406
f 406 426 427
f 406 427 407
f 407 427 428
f 408 429 409
f 409 429 430
f 409 430 410
f 410 430 431
f 410 431 411
f 411 431 432
f 411 432 412
f 412 432 433
f 412 433 413
f 413 433 434
f 413 434 414
f 414 434 435
f 414 435 415
f 415 435 436
f 415 436 416
f 416 436 437
f 416 437 417
f 417 437 438
f 417 438 418
f 418 438 439
f 418 439 419
f 419 439 440
f 419 440 420
f 420 440 441
f 420 441 421
f 421 441 442
f 421 442 422
f 422 442 443
f 422 443 423
f 423 443 444
f 423 444 424
f 424 444 445
f 424 445 425
f 425 445 446
f 425 446 426
f 426 446 447
f 426 447 427
f 427 447 448
f 427 448 428
f 428 448 449
f 429 450 430
f 430 450 451
f 430 451 431
f 431 451 452
f 431 452 432
f 432 452 453
f 432 453 433
f 433 453 454
f 433 454 434
f 434 454 455
f 434 455 435
f 435 455 456
f 435 456 436
f 436 456 457
f 436 457 437
f 437 457 458
f 437 458 438
f 438 458 459
f 438 459 439
f 439 459 460
f 439 460 440
f 440 460 461
f 440 461 441
f 441 461 462
f 441 462 442
f 442 462 463
f 442 463 443
f 443 463 464
f 443 464 444
f 444 464 465
f 444 465 445
f 445 465 466
f 445 466 446
f 446 466 467
f 446 467 447
f 447 467 468
f 447 468 448
f 448 468 469
f 448 469 449
f 449 469 470
f 450 471 451
f 451 471 472
f 451 472 452
f 452 472 473
f 452 473 453
f 453 473 474
f 453 474 454
f 454 474 475
f 454 475 455
f 455 475 476
f 455 476 456
f 456 476 477
f 456 477 457
f 457 477 478
f 457 478 458
f 458 478 479
f 458 479 459
f 459 479 480
f 459 480 460
f 460 480 481
f 460 481 461
f 461 481 482
f 461 482 462
f 462 482 483
f 462 483 463
f 463 483 484
f 463 484 464
f 464 484 485
f 464 485 465
f 465 485 486
f 465 486 466
f 466 486 487
f 466 487 467
f 467 487 488
f 467 488 468
f 468 488 489
f 468 489 469
f 469 489 490
f 469 490 470
f 470 490 491
f 471 492 472
f 472 492 493
f 472 493 473
f 473 493 494
f 473 494 474
f 474 494 495
f 474 495 475
f 475 495 496
f 475 496 476
f 476 496 497
f 476 497 477
f 477 497 498
f 477 498 478
f 478 498 499
f 478 499 479
f 479 499 500
f 479 500 480
f 480 500 501
f 480 501 481
f 481 501 502
f 481 502 482
f 482 502 503
f 482 503 483
f 483 503 504
f 483 504 484
f 484 504 505
f 484 505 485
f 485 505 506
f 485 506 486
f 486 506 507
f 486 507 487
f 487 507 508
f 487 508 488
f 488 508 509
f 488 509 489
f 489 509 510
f 489 510 490
f 490 510 511
f 490 511 491
f 491 511 512
f 492 513 493
f 493 513 514
f 493 514 494
f 494 514 515
f 494 515 495
f 495 515 516
f 495 516 496
f 496 516 517
f 496 517 497
f 497 517 518
f 497 518 498
f 498 518 519
f 498 519 499
f 499 519 520
f 499 520 500
f 500 520 521
f 500 521 501
f 501 521 522
f 501 522 502
f 502 522 523
f 502 523 503
f 503 523 524
f 503 524 504
f 504 524 525
f 504 525 505
f 505 525 526
f 505 526 506
f 506 526 527
f 506 527 507
f 507 527 528
f 507 528 508
f 508 528 529
f 508 529 509
f 509 529 530
f 509 530 510
f 510 530 531
f 510 531 511
f 511 531 532
f 511 532 512
f 512 532 533
f 513 534 514
f 514 534 535
f 514 535 515
f 515 535 536
f 515 536 516
f 516 536 537
f 516 537 517
f 517 537 538
f 517 538 518
f 518 538 539
f 518 539 519
f 519 539 540
f 519 540 520
f 520 540 541
f 520 541 521
f 521 541 542
f 521 542 522
f 522 542 543
f 522 543 523
f 523 543 544
f 523 544 524
f 524 544 545
f 524 545 525
f 525 545 546
f 525 546 526
f 526 546 547
f 526 547 527
f 527 547 548
f 527 548 528
f 528 548 549
f 528 549 529
f 529 549 550
f 529 550 530
f 530 550 551
f 530 551 531
f 531 551 552
f 531 552 532
f 532 552 553
f 532 553 533
f 533 553 554
f 534 555 535
f 535 555 556
f 535 556 536
f 536 556 557
f 536 557 537
f 537 557 558
f 537 558 538
f 538 558 559
f 538 559 539
f 539 559 560
f 539 560 540
f 540 560 561
f 540 561 541
f 541 561 562
f 541 562 542
f 542 562 563
f 542 563 543
f 543 563 564
f 543 564 544
f 544 564 565
f 544 565 545
f 545 565 566
f 545 566 546
f 546 566 567
f 546 567 547
f 547 567 568
f 547 568 548
f 548 568 569
f 548 569 549
f 549 569 570
f 549 570 550
f 550 570 571
f 550 571 551
f 551 571 572
f 551 572 552
f 552 572 573
f 552 573 553
f 553 573 574
f 553 574 554
f 554 574 575
f 555 576 556
f 556 576 577
f 556 577 557
f 557 577 578
f 557 578 558
f 558 578 579
f 558 579 559
f 559 579 580
f 559 580 560
f 560 580 581
f 560 581 561
f 561 581 582
f 561 582 562
f 562 582 583
f 562 583 563
f 563 583 584
f 563 584 564
f 564 584 585
f 564 585 565
f 565 585 586
f 565 586 566
f 566 586 587
f 566 587 567
f 567 587 588
f 567 588 568
f 568 588 589
f 568 589 569
f 569 589 590
f 569 590 570
f 570 590 591
f 570 591 571
f 571 591 592
f 571 592 572
f 572 592 593
f 572 593 573
f 573 593 594
f 573 594 574
f 574 594 595
f 574 595 575
f 575 595 596
f 576 597 577
f 577 597 598
f 577 598 578
f 578 598 599
f 578 599 579
f 579 599 600
f 579 600 580
f 580 600 601
f 580 601 581
f 581 601 602
f 581 602 582
f 582 602 603
f 582 603 583
f 583 603 604
f 583 604 584
f 584 604 605
f 584 605 585
f 585 605 606
f 585 606 586
f 586 606 607
f 586 607 587
f 587 607 608
f 587 608 588
f 588 608 609
f 588 609 589
f 589 609 610
f 589 610 590
f 590 610 611
f 590 611 591
f 591 611 612
f 591 612 592
f 592 612 613
f 592 613 593
f 593 613 614
f 593 614 594
f 594 614 615
f 594 615 595
f 595 615 616
f 595 616 596
f 596 616 617
f 597 618 598
f 598 619 599
f 599 620 600
f 600 621 601
f 601 622 602
f 602 623 603
f 603 624 604
f 604 625 605
f 605 626 606
f 606 627 607
f 607 628 608
f 608 629 609
f 609 630 610
f 610 631 611
f 611 632 612
f 612 633 613
f 613 634 614
f 614 635 615
f 615 636 616
f 616 637 617
f 640 660 661
f 641 661 662
f 642 662 663
f 643 663 664
f 644 664 665
f 645 665 666
f 646 666 667
f 647 667 668
f 648 668 669
f 649 669 670
f 650 670 671
f 651 671 672
f 652 672 673
f 653 673 674
f 654 674 675
f 655 675 676
f 656 676 677
f 657 677 678
f 658 678 679
f 659 679 680
f 660 681 661
f 661 681 682
f 661 682 662
f 662 682 683
f 662 683 663
f 663 683 684
f 663 684 664
f 664 684 685
f 664 685 665
f 665 685 686
f 665 686 666
f 666 686 687
f 666 687 667
f 667 687 688
f 667 688 668
f 668 688 689
f 668 689 669
f 669 689 690
f 669 690 670
f 670 690 691
f 670 691 671
f 671 691 692
f 671 692 672
f 672 692 693
f 672 693 673
f 673 693 694
f 673 694 674
f 674 694 695
f 674 695 675
f 675 695 696
f 675 696 676
f 676 696 697
f 676 697 677
f 677 697 698
f 677 698 678
f 678 698 699
f 678 699 679
f 679 699 700
f 679 700 680
f 680 700 701
f 681 702 682
f 682 702 703
f 682 703 683
f 683 703 704
f 683 704 684
f 684 704 705
f 684 705 685
f 685 705 706
f 685 706 686
f 686 706 707
f 686 707 687
f 687 707 708
f 687 708 688
f 688 708 709
f 688 709 689
f 689 709 710
f 689 710 690
f 690 710 711
f 690 711 691
f 691 711 712
f 691 712 692
f 692 712 713
f 692 713 693
f 693 713 714
f 693 714 694
f 694 714 715
f 694 715 695
f 695 715 716
f 695 716 696
f 696 716 717
f 696 717 697
f 697 717 718
f 697 718 698
f 698 718 719
f 698 719 699
f 699 719 720
f 699 720 700
f 700 720 721
f 700 721 701
f 701 721 722
f 702 723 703
f 703 723 724
f 703 724 704
f 704 724 725
f 704 725 705
f 705 725 726
f 705 726 706
f 706 726 727
f 706 727 707
f 707 727 728
f 707 728 708
f 708 728 729
f 708 729 709
f 709 729 730
f 709 730 710
f 710 730 731
f 710 731 711
f 711 731 732
f 711 732 712
f 712 732 733
f 712 733 713
f 713 733 734
f 713 734 714
f 714 734 735
f 714 735 715
f 715 735 736
f 715 736 716
f 716 736 737
f 716 737 717
f 717 737 738
f 717 738 718
f 718 738 739
f 718 739 719
f 719 739 740
f 719 740 720
f 720 740 741
f 720 741 721
f 721 741 742
f 721 742 722
f 722 742 743
f 723 744 724
f 724 744 745
f 724 745 725
f 725 745 746
f 725 746 726
f 726 746 747
f 726 747 727
f 727 747 748
f 727 748 728
f 728 748 749
f 728 749 729
f 729 749 750
f 729 750 730
f 730 750 751
f 730 751 731
f 731 751 752
f 731 752 732
f 732 752 753
f 732 753 733
f 733 753 754
f 733 754 734
f 734 754 755
f 734 755 735
f 735 755 756
f 735 756 736
f 736 756 757
f 736 757 737
f 737 757 758
f 737 758 738
f 738 758 759
f 738 759 739
f 739 759 760
f 739 760 740
f 740 760 761
f 740 761 741
f 741 761 762
f 741 762 742
f 742 762 763
f 742 763 743
f 743 763 764
f 744 765 745
f 745 765 766
f 745 766 746
f 746 766 767
f 746 767 747
f 747 767 768
f 747 768 748
f 748 768 769
f 748 769 749
f 749 769 770
f 749 770 750
f 750 770 771
f 750 771 751
f 751 771 772
f 751 772 752
f 752 772 773
f 752 773 753
f 753 773 774
f 753 774 754
f 754 774 775
f 754 775 755
f 755 775 776
f 755 776 756
f 756 776 777
f 756 777 757
f 757 777 778
f 757 778 758
f 758 778 779
f 758 779 759
f 759 779 780
f 759 780 760
f 760 780 781
f 760 781 761
f 761 781 782
f 761 782 762
f 762 782 783
f 762 783 763
f 763 783 784
f 763 784 764
f 764 784 785
f 765 786 766
f 766 786 787
f 766 787 767
f 767 787 788
f 767 788 768
f 768 788 789
f 768 789 769
f 769 789 790
f 769 790 770
f 770 790 791
f 770 791 771
f 771 791 792
f 771 792 772
f 772 792 793
f 772 793 773
f 773 793 794
f 773 794 774
f 774 794 795
f 774 795 775
f 775 795 796
f 775 796 776
f 776 796 797
f 776 797 777
f 777 797 798
f 777 798 778
f 778 798 799
f 778 799 779
f 779 799 800
f 779 800 780
f 780 800 801
f 780 801 781
f 781 801 802
f 781 802 782
f 782 802 803
f 782 803 783
f 783 803 804
f 783 804 784
f 784 804 805
f 784 805 785
f 785 805 806
f 786 807 787
f 787 807 808
f 787 808 788
f 788 808 809
f 788 809 789
f 789 809 810
f 789 810 790
f 790 810 811
f 790 811 791
f 791 811 812
f 791 812 792
f 792 812 813
f 792 813 793
f 793 813 814
f 793 814 794
f 794 814 815
f 794 815 795
f 795 815 816
f 795 816 796
f 796 816 817
f 796 817 797
f 797 817 818
f 797 818 798
f 798 818 819
f 798 819 799
f 799 819 820
f 799 820 800
f 800 820 821
f 800 821 801
f 801 821 822
f 801 822 802
f 802 822 823
f 802 823 803
f 803 823 824
f 803 824 804
f 804 824 825
f 804 825 805
f 805 825 826
f 805 826 806
f 806 826 827
f 807 828 808
f 808 828 829
f 808 829 809
f 809 829 830
f 809 830 810
f 810 830 831
f 810 831 811
f 811 831 832
f 811 832 812
f 812 832 833
f 812 833 813
f 813 833 834
f 813 834 814
f 814 834 835
f 814 835 815
f 815 835 836
f 815 836 816
f 816 836 837
f 816 837 817
f 817 837 838
f 817 838 818
f 818 838 839
f 818 839 819
f 819 839 840
f 819 840 820
f 820 840 841
f 820 841 821
f 821 841 842
f 821 842 822
f 822 842 843
f 822 843 823
f 823 843 844
f 823 844 824
f 824 844 845
f 824 845 825
f 825 845 846
f 825 846 826
f 826 846 847
f 826 847 827
f 827 847 848
f 828 849 829
f 829 849 850
f 829 850 830
f 830 850 851
f 830 851 831
f 831 851 852
f 831 852 832
f 832 852 853
f 832 853 833
f 833 853 854
f 833 854 834
f 834 854 855
f 834 855 835
f 835 855 856
f 835 856 836
f 836 856 857
f 836 857 837
f 837 857 858
f 837 858 838
f 838 858 859
f 838 859 839
f 839 859 860
f 839 860 840
f 840 860 861
f 840 861 841
f 841 861 862
f 841 862 842
f 842 862 863
f 842 863 843
f 843 863 864
f 843 864 844
f 844 864 865
f 844 865 845
f 845 865 866
f 845 866 846
f 846 866 867
f 846 867 847
f 847 867 868
f 847 868 848
f 848 868 869
f 849 870 850
f 850 870 871
f 850 871 851
f 851 871 872
f 851 872 852
f 852 872 873
f 852 873 853
f 853 873 874
f 853 874 854
f 854 874 875
f 854 875 855
f 855 875 876
f 855 876 856
f 856 876 877
f 856 877 857
f 857 877 878
f 857 878 858
f 858 878 879
f 858 879 859
f 859 879 880
f 859 880 860
f 860 880 881
f 860 881 861
f 861 881 882
f 861 882 862
f 862 882 883
f 862 883 863
f 863 883 884
f 863 884 864
f 864 884 885
f 864 885 865
f 865 885 886
f 865 886 866
f 866 886 887
f 866 887 867
f 867 887 888
f 867 888 868
f 868 888 889
f 868 889 869
f 869 889 890
f 870 891 871
f 871 891 892
f 871 892 872
f 872 892 893
f 872 893 873
f 873 893 894
f 873 894 874
f 874 894 895
f 874 895 875
f 875 895 896
f 875 896 876
f 876 896 897
f 876 897 877
f 877 897 898
f 877 898 878
f 878 898 899
f 878 899 879
f 879 899 900
f 879 900 880
f 880 900 901
f 880 901 881
f 881 901 902
f 881 902 882
f 882 902 903
f 882 903 883
f 883 903 904
f 883 904 884
f 884 904 905
f 884 905 885
f 885 905 906
f 885 906 886
f 886 906 907
f 886 907 887
f 887 907 908
f 887 908 888
f 888 908 909
f 888 909 889
f 889 909 910
f 889 910 890
f 890 910 911
f 891 912 892
f 892 912 913
f 892 913 893
f 893 913 914
f 893 914 894
f 894 914 915
f 894 915 895
f 895 915 916
f 895 916 896
f 896 916 917
f 896 917 897
f 897 917 918
f 897 918 898
f 898 918 919
f 898 919 899
f 899 919 920
f 899 920 900
f 900 920 921
f 900 921 901
f 901 921 922
f 901 922 902
f 902 922 923
f 902 923 903
f 903 923 924
f 903 924 904
f 904 924 925
f 904 925 905
f 905 925 926
f 905 926 906
f 906 926 927
f 906 927 907
f 907 927 928
f 907 928 908
f 908 928 929
f 908 929 909
f 909 929 930
f 909 930 910
f 910 930 931
f 910 931 911
f 911 931 932
f 912 933 913
f 913 934 914
f 914 935 915
f 915 936 916
f 916 937 917
f 917 938 918
f 918 939 919
f 919 940 920
f 920 941 921
f 921 942 922
f 922 943 923
f 923 944 924
f 924 945 925
f 925 946 926
f 926 947 927
f 927 948 928
f 928 949 929
f 929 950 930
f 930 951 931
f 931 952 932
usemtl body_mid
f 954 956 955
f 955 956 957
f 956 958 957
f 957 958 959
f 958 960 959
f 959 960 961
f 960 962 961
f 961 962 963
f 962 964 963
f 963 964 965
f 964 966 965
f 965 966 967
f 966 968 967
f 967 968 969
f 968 970 969
f 969 970 971
f 970 972 971
f 971 972 973
f 972 974 973
f 973 974 975
f 974 976 975
f 975 976 977
f 976 978 977
f 977 978 979
f 978 980 979
f 979 980 981
f 980 982 981
f 981 982 983
f 982 984 983
f 983 984 985
f 984 986 985
f 985 986 987
f 986 988 987
f 987 988 989
f 988 990 989
f 989 990 991
f 990 992 991
f 991 992 993
f 992 994 993
f 993 994 995
f 994 996 995
f 995 996 997
f 996 998 997
f 997 998 999
f 1000 954 956
f 1001 957 955
f 1000 956 958
f 1001 959 957
f 1000 958 960
f 1001 961 959
f 1000 960 962
f 1001 963 961
f 1000 962 964
f 1001 965 963
f 1000 964 966
f 1001 967 965
f 1000 966 968
f 1001 969 967
f 1000 968 970
f 1001 971 969
f 1000 970 972
f 1001 973 971
f 1000 972 974
f 1001 975 973
f 1000 974 976
f 1001 977 975
f 1000 976 978
f 1001 979 977
f 1000 978 980
f 1001 981 979
f 1000 980 982
f 1001 983 981
f 1000 982 984
f 1001 985 983
f 1000 984 986
f 1001 987 985
f 1000 986 988
f 1001 989 987
f 1000 988 990
f 1001 991 989
f 1000 990 992
f 1001 993 991
f 1000 992 994
f 1001 995 993
f 1000 994 996
f 1001 997 995
f 1000 996 998
f 1001 999 997
usemtl accent_cyan
f 1002 1012 1003
f 1003 1012 1013
f 1003 1013 1004
f 1004 1013 1014
f 1004 1014 1005
f 1005 1014 1015
f 1005 1015 1006
f 1006 1015 1016
f 1006 1016 1007
f 1007 1016 1017
f 1007 1017 1008
f 1008 1017 1018
f 1008 1018 1009
f 1009 1018 1019
f 1009 1019 1010
f 1010 1019 1020
f 1010 1020 1011
f 1011 1020 1021
f 1011 1021 1002
f 1002 1021 1012
f 1012 1022 1013
f 1013 1022 1023
f 1013 1023 1014
f 1014 1023 1024
f 1014 1024 1015
f 1015 1024 1025
f 1015 1025 1016
f 1016 1025 1026
f 1016 1026 1017
f 1017 1026 1027
f 1017 1027 1018
f 1018 1027 1028
f 1018 1028 1019
f 1019 1028 1029
f 1019 1029 1020
f 1020 1029 1030
f 1020 1030 1021
f 1021 1030 1031
f 1021 1031 1012
f 1012 1031 1022
f 1022 1032 1023
f 1023 1032 1033
f 1023 1033 1024
f 1024 1033 1034
f 1024 1034 1025
f 1025 1034 1035
f 1025 1035 1026
f 1026 1035 1036
f 1026 1036 1027
f 1027 1036 1037
f 1027 1037 1028
f 1028 1037 1038
f 1028 1038 1029
f 1029 1038 1039
f 1029 1039 1030
f 1030 1039 1040
f 1030 1040 1031
f 1031 1040 1041
f 1031 1041 1022
f 1022 1041 1032
f 1032 1042 1033
f 1033 1042 1043
f 1033 1043 1034
f 1034 1043 1044
f 1034 1044 1035
f 1035 1044 1045
f 1035 1045 1036
f 1036 1045 1046
f 1036 1046 1037
f 1037 1046 1047
f 1037 1047 1038
f 1038 1047 1048
f 1038 1048 1039
f 1039 1048 1049
f 1039 1049 1040
f 1040 1049 1050
f 1040 1050 1041
f 1041 1050 1051
f 1041 1051 1032
f 1032 1051 1042
f 1042 1052 1043
f 1043 1052 1053
f 1043 1053 1044
f 1044 1053 1054
f 1044 1054 1045
f 1045 1054 1055
f 1045 1055 1046
f 1046 1055 1056
f 1046 1056 1047
f 1047 1056 1057
f 1047 1057 1048
f 1048 1057 1058
f 1048 1058 1049
f 1049 1058 1059
f 1049 1059 1050
f 1050 1059 1060
f 1050 1060 1051
f 1051 1060 1061
f 1051 1061 1042
f 1042 1061 1052
f 1052 1062 1053
f 1053 1062 1063
f 1053 1063 1054
f 1054 1063 1064
f 1054 1064 1055
f 1055 1064 1065
f 1055 1065 1056
f 1056 1065 1066
f 1056 1066 1057
f 1057 1066 1067
f 1057 1067 1058
f 1058 1067 1068
f 1058 1068 1059
f 1059 1068 1069
f 1059 1069 1060
f 1060 1069 1070
f 1060 1070 1061
f 1061 1070 1071
f 1061 1071 1052
f 1052 1071 1062
f 1062 1072 1063
f 1063 1072 1073
f 1063 1073 1064
f 1064 1073 1074
f 1064 1074 1065
f 1065 1074 1075
f 1065 1075 1066
f 1066 1075 1076
f 1066 1076 1067
f 1067 1076 1077
f 1067 1077 1068
f 1068 1077 1078
f 1068 1078 1069
f 1069 1078 1079
f 1069 1079 1070
f 1070 1079 1080
f 1070 1080 1071
f 1071 1080 1081
f 1071 1081 1062
f 1062 1081 1072
f 1072 1082 1073
f 1073 1082 1083
f 1073 1083 1074
f 1074 1083 1084
f 1074 1084 1075
f 1075 1084 1085
f 1075 1085 1076
f 1076 1085 1086
f 1076 1086 1077
f 1077 1086 1087
f 1077 1087 1078
f 1078 1087 1088
f 1078 1088 1079
f 1079 1088 1089
f 1079 1089 1080
f 1080 1089 1090
f 1080 1090 1081
f 1081 1090 1091
f 1081 1091 1072
f 1072 1091 1082
f 1082 1092 1083
f 1083 1092 1093
f 1083 1093 1084
f 1084 1093 1094
f 1084 1094 1085
f 1085 1094 1095
f 1085 1095 1086
f 1086 1095 1096
f 1086 1096 1087
f 1087 1096 1097
f 1087 1097 1088
f 1088 1097 1098
f 1088 1098 1089
f 1089 1098 1099
f 1089 1099 1090
f 1090 1099 1100
f 1090 1100 1091
f 1091 1100 1101
f 1091 1101 1082
f 1082 1101 1092
f 1092 1102 1093
f 1093 1102 1103
f 1093 1103 1094
f 1094 1103 1104
f 1094 1104 1095
f 1095 1104 1105
f 1095 1105 1096
f 1096 1105 1106
f 1096 1106 1097
f 1097 1106 1107
f 1097 1107 1098
f 1098 1107 1108
f 1098 1108 1099
f 1099 1108 1109
f 1099 1109 1100
f 1100 1109 1110
f 1100 1110 1101
f 1101 1110 1111
f 1101 1111 1092
f 1092 1111 1102
f 1102 1112 1103
f 1103 1112 1113
f 1103 1113 1104
f 1104 1113 1114
f 1104 1114 1105
f 1105 1114 1115
f 1105 1115 1106
f 1106 1115 1116
f 1106 1116 1107
f 1107 1116 1117
f 1107 1117 1108
f 1108 1117 1118
f 1108 1118 1109
f 1109 1118 1119
f 1109 1119 1110
f 1110 1119 1120
f 1110 1120 1111
f 1111 1120 1121
f 1111 1121 1102
f 1102 1121 1112
f 1112 1122 1113
f 1113 1122 1123
f 1113 1123 1114
f 1114 1123 1124
f 1114 1124 1115
f 1115 1124 1125
f 1115 1125 1116
f 1116 1125 1126
f 1116 1126 1117
f 1117 1126 1127
f 1117 1127 1118
f 1118 1127 1128
f 1118 1128 1119
f 1119 1128 1129
f 1119 1129 1120
f 1120 1129 1130
f 1120 1130 1121
f 1121 1130 1131
f 1121 1131 1112
f 1112 1131 1122
f 1122 1132 1123
f 1123 1132 1133
f 1123 1133 1124
f 1124 1133 1134
f 1124 1134 1125
f 1125 1134 1135
f 1125 1135 1126
f 1126 1135 1136
f 1126 1136 1127
f 1127 1136 1137
f 1127 1137 1128
f 1128 1137 1138
f 1128 1138 1129
f 1129 1138 1139
f 1129 1139 1130
f 1130 1139 1140
f 1130 1140 1131
f 1131 1140 1141
f 1131 1141 1122
f 1122 1141 1132
f 1132 1142 1133
f 1133 1142 1143
f 1133 1143 1134
f 1134 1143 1144
f 1134 1144 1135
f 1135 1144 1145
f 1135 1145 1136
f 1136 1145 1146
f 1136 1146 1137
f 1137 1146 1147
f 1137 1147 1138
f 1138 1147 1148
f 1138 1148 1139
f 1139 1148 1149
f 1139 1149 1140
f 1140 1149 1150
f 1140 1150 1141
f 1141 1150 1151
f 1141 1151 1132
f 1132 1151 1142
f 1142 1152 1143
f 1143 1152 1153
f 1143 1153 1144
f 1144 1153 1154
f 1144 1154 1145
f 1145 1154 1155
f 1145 1155 1146
f 1146 1155 1156
f 1146 1156 1147
f 1147 1156 1157
f 1147 1157 1148
f 1148 1157 1158
f 1148 1158 1149
f 1149 1158 1159
f 1149 1159 1150
f 1150 1159 1160
f 1150 1160 1151
f 1151 1160 1161
f 1151 1161 1142
f 1142 1161 1152
f 1152 1162 1153
f 1153 1162 1163
f 1153 1163 1154
f 1154 1163 1164
f 1154 1164 1155
f 1155 1164 1165
f 1155 1165 1156
f 1156 1165 1166
f 1156 1166 1157
f 1157 1166 1167
f 1157 1167 1158
f 1158 1167 1168
f 1158 1168 1159
f 1159 1168 1169
f 1159 1169 1160
f 1160 1169 1170
f 1160 1170 1161
f 1161 1170 1171
f 1161 1171 1152
f 1152 1171 1162
f 1162 1172 1163
f 1163 1172 1173
f 1163 1173 1164
f 1164 1173 1174
f 1164 1174 1165
f 1165 1174 1175
f 1165 1175 1166
f 1166 1175 1176
f 1166 1176 1167
f 1167 1176 1177
f 1167 1177 1168
f 1168 1177 1178
f 1168 1178 1169
f 1169 1178 1179
f 1169 1179 1170
f 1170 1179 1180
f 1170 1180 1171
f 1171 1180 1181
f 1171 1181 1162
f 1162 1181 1172
f 1172 1182 1173
f 1173 1182 1183
f 1173 1183 1174
f 1174 1183 1184
f 1174 1184 1175
f 1175 1184 1185
f 1175 1185 1176
f 1176 1185 1186
f 1176 1186 1177
f 1177 1186 1187
f 1177 1187 1178
f 1178 1187 1188
f 1178 1188 1179
f 1179 1188 1189
f 1179 1189 1180
f 1180 1189 1190
f 1180 1190 1181
f 1181 1190 1191
f 1181 1191 1172
f 1172 1191 1182
f 1182 1192 1183
f 1183 1192 1193
f 1183 1193 1184
f 1184 1193 1194
f 1184 1194 1185
f 1185 1194 1195
f 1185 1195 1186
f 1186 1195 1196
f 1186 1196 1187
f 1187 1196 1197
f 1187 1197 1188
f 1188 1197 1198
f 1188 1198 1189
f 1189 1198 1199
f 1189 1199 1190
f 1190 1199 1200
f 1190 1200 1191
f 1191 1200 1201
f 1191 1201 1182
f 1182 1201 1192
f 1192 1202 1193
f 1193 1202 1203
f 1193 1203 1194
f 1194 1203 1204
f 1194 1204 1195
f 1195 1204 1205
f 1195 1205 1196
f 1196 1205 1206
f 1196 1206 1197
f 1197 1206 1207
f 1197 1207 1198
f 1198 1207 1208
f 1198 1208 1199
f 1199 1208 1209
f 1199 1209 1200
f 1200 1209 1210
f 1200 1210 1201
f 1201 1210 1211
f 1201 1211 1192
f 1192 1211 1202
f 1202 1212 1203
f 1203 1212 1213
f 1203 1213 1204
f 1204 1213 1214
f 1204 1214 1205
f 1205 1214 1215
f 1205 1215 1206
f 1206 1215 1216
f 1206 1216 1207
f 1207 1216 1217
f 1207 1217 1208
f 1208 1217 1218
f 1208 1218 1209
f 1209 1218 1219
f 1209 1219 1210
f 1210 1219 1220
f 1210 1220 1211
f 1211 1220 1221
f 1211 1221 1202
f 1202 1221 1212
f 1212 1222 1213
f 1213 1222 1223
f 1213 1223 1214
f 1214 1223 1224
f 1214 1224 1215
f 1215 1224 1225
f 1215 1225 1216
f 1216 1225 1226
f 1216 1226 1217
f 1217 1226 1227
f 1217 1227 1218
f 1218 1227 1228
f 1218 1228 1219
f 1219 1228 1229
f 1219 1229 1220
f 1220 1229 1230
f 1220 1230 1221
f 1221 1230 1231
f 1221 1231 1212
f 1212 1231 1222
f 1222 1232 1223
f 1223 1232 1233
f 1223 1233 1224
f 1224 1233 1234
f 1224 1234 1225
f 1225 1234 1235
f 1225 1235 1226
f 1226 1235 1236
f 1226 1236 1227
f 1227 1236 1237
f 1227 1237 1228
f 1228 1237 1238
f 1228 1238 1229
f 1229 1238 1239
f 1229 1239 1230
f 1230 1239 1240
f 1230 1240 1231
f 1231 1240 1241
f 1231 1241 1222
f 1222 1241 1232
f 1232 1002 1233
f 1233 1002 1003
f 1233 1003 1234
f 1234 1003 1004
f 1234 1004 1235
f 1235 1004 1005
f 1235 1005 1236
f 1236 1005 1006
f 1236 1006 1237
f 1237 1006 1007
f 1237 1007 1238
f 1238 1007 1008
f 1238 1008 1239
f 1239 1008 1009
f 1239 1009 1240
f 1240 1009 1010
f 1240 1010 1241
f 1241 1010 1011
f 1241 1011 1232
f 1232 1011 1002
usemtl body_dark
f 1243 1263 1264
f 1244 1264 1265
f 1245 1265 1266
f 1246 1266 1267
f 1247 1267 1268
f 1248 1268 1269
f 1249 1269 1270
f 1250 1270 1271
f 1251 1271 1272
f 1252 1272 1273
f 1253 1273 1274
f 1254 1274 1275
f 1255 1275 1276
f 1256 1276 1277
f 1257 1277 1278
f 1258 1278 1279
f 1259 1279 1280
f 1260 1280 1281
f 1261 1281 1282
f 1262 1282 1283
f 1263 1284 1264
f 1264 1284 1285
f 1264 1285 1265
f 1265 1285 1286
f 1265 1286 1266
f 1266 1286 1287
f 1266 1287 1267
f 1267 1287 1288
f 1267 1288 1268
f 1268 1288 1289
f 1268 1289 1269
f 1269 1289 1290
f 1269 1290 1270
f 1270 1290 1291
f 1270 1291 1271
f 1271 1291 1292
f 1271 1292 1272
f 1272 1292 1293
f 1272 1293 1273
f 1273 1293 1294
f 1273 1294 1274
f 1274 1294 1295
f 1274 1295 1275
f 1275 1295 1296
f 1275 1296 1276
f 1276 1296 1297
f 1276 1297 1277
f 1277 1297 1298
f 1277 1298 1278
f 1278 1298 1299
f 1278 1299 1279
f 1279 1299 1300
f 1279 1300 1280
f 1280 1300 1301
f 1280 1301 1281
f 1281 1301 1302
f 1281 1302 1282
f 1282 1302 1303
f 1282 1303 1283
f 1283 1303 1304
f 1284 1305 1285
f 1285 1305 1306
f 1285 1306 1286
f 1286 1306 1307
f 1286 1307 1287
f 1287 1307 1308
f 1287 1308 1288
f 1288 1308 1309
f 1288 1309 1289
f 1289 1309 1310
f 1289 1310 1290
f 1290 1310 1311
f 1290 1311 1291
f 1291 1311 1312
f 1291 1312 1292
f 1292 1312 1313
f 1292 1313 1293
f 1293 1313 1314
f 1293 1314 1294
f 1294 1314 1315
f 1294 1315 1295
f 1295 1315 1316
f 1295 1316 1296
f 1296 1316 1317
f 1296 1317 1297
f 1297 1317 1318
f 1297 1318 1298
f 1298 1318 1319
f 1298 1319 1299
f 1299 1319 1320
f 1299 1320 1300
f 1300 1320 1321
f 1300 1321 1301
f 1301 1321 1322
f 1301 1322 1302
f 1302 1322 1323
f 1302 1323 1303
f 1303 1323 1324
f 1303 1324 1304
f 1304 1324 1325
f 1305 1326 1306
f 1306 1326 1327
f 1306 1327 1307
f 1307 1327 1328
f 1307 1328 1308
f 1308 1328 1329
f 1308 1329 1309
f 1309 1329 1330
f 1309 1330 1310
f 1310 1330 1331
f 1310 1331 1311
f 1311 1331 1332
f 1311 1332 1312
f 1312 1332 1333
f 1312 1333 1313
f 1313 1333 1334
f 1313 1334 1314
f 1314 1334 1335
f 1314 1335 1315
f 1315 1335 1336
f 1315 1336 1316
f 1316 1336 1337
f 1316 1337 1317
f 1317 1337 1338
f 1317 1338 1318
f 1318 1338 1339
f 1318 1339 1319
f 1319 1339 1340
f 1319 1340 1320
f 1320 1340 1341
f 1320 1341 1321
f 1321 1341 1342
f 1321 1342 1322
f 1322 1342 1343
f 1322 1343 1323
f 1323 1343 1344
f 1323 1344 1324
f 1324 1344 1345
f 1324 1345 1325
f 1325 1345 1346
f 1326 1347 1327
f 1327 1347 1348
f 1327 1348 1328
f 1328 1348 1349
f 1328 1349 1329
f 1329 1349 1350
f 1329 1350 1330
f 1330 1350 1351
f 1330 1351 1331
f 1331 1351 1352
f 1331 1352 1332
f 1332 1352 1353
f 1332 1353 1333
f 1333 1353 1354
f 1333 1354 1334
f 1334 1354 1355
f 1334 1355 1335
f 1335 1355 1356
f 1335 1356 1336
f 1336 1356 1357
f 1336 1357 1337
f 1337 1357 1358
f 1337 1358 1338
f 1338 1358 1359
f 1338 1359 1339
f 1339 1359 1360
f 1339 1360 1340
f 1340 1360 1361
f 1340 1361 1341
f 1341 1361 1362
f 1341 1362 1342
f 1342 1362 1363
f 1342 1363 1343
f 1343 1363 1364
f 1343 1364 1344
f 1344 1364 1365
f 1344 1365 1345
f 1345 1365 1366
f 1345 1366 1346
f 1346 1366 1367
f 1347 1368 1348
f 1348 1368 1369
f 1348 1369 1349
f 1349 1369 1370
f 1349 1370 1350
f 1350 1370 1371
f 1350 1371 1351
f 1351 1371 1372
f 1351 1372 1352
f 1352 1372 1373
f 1352 1373 1353
f 1353 1373 1374
f 1353 1374 1354
f 1354 1374 1375
f 1354 1375 1355
f 1355 1375 1376
f 1355 1376 1356
f 1356 1376 1377
f 1356 1377 1357
f 1357 1377 1378
f 1357 1378 1358
f 1358 1378 1379
f 1358 1379 1359
f 1359 1379 1380
f 1359 1380 1360
f 1360 1380 1381
f 1360 1381 1361
f 1361 1381 1382
f 1361 1382 1362
f 1362 1382 1383
f 1362 1383 1363
f 1363 1383 1384
f 1363 1384 1364
f 1364 1384 1385
f 1364 1385 1365
f 1365 1385 1386
f 1365 1386 1366
f 1366 1386 1387
f 1366 1387 1367
f 1367 1387 1388
f 1368 1389 1369
f 1369 1389 1390
f 1369 1390 1370
f 1370 1390 1391
f 1370 1391 1371
f 1371 1391 1392
f 1371 1392 1372
f 1372 1392 1393
f 1372 1393 1373
f 1373 1393 1394
f 1373 1394 1374
f 1374 1394 1395
f 1374 1395 1375
f 1375 1395 1396
f 1375 1396 1376
f 1376 1396 1397
f 1376 1397 1377
f 1377 1397 1398
f 1377 1398 1378
f 1378 1398 1399
f 1378 1399 1379
f 1379 1399 1400
f 1379 1400 1380
f 1380 1400 1401
f 1380 1401 1381
f 1381 1401 1402
f 1381 1402 1382
f 1382 1402 1403
f 1382 1403 1383
f 1383 1403 1404
f 1383 1404 1384
f 1384 1404 1405
f 1384 1405 1385
f 1385 1405 1406
f 1385 1406 1386
f 1386 1406 1407
f 1386 1407 1387
f 1387 1407 1408
f 1387 1408 1388
f 1388 1408 1409
f 1389 1410 1390
f 1390 1410 1411
f 1390 1411 1391
f 1391 1411 1412
f 1391 1412 1392
f 1392 1412 1413
f 1392 1413 1393
f 1393 1413 1414
f 1393 1414 1394
f 1394 1414 1415
f 1394 1415 1395
f 1395 1415 1416
f 1395 1416 1396
f 1396 1416 1417
f 1396 1417 1397
f 1397 1417 1418
f 1397 1418 1398
f 1398 1418 1419
f 1398 1419 1399
f 1399 1419 1420
f 1399 1420 1400
f 1400 1420 1421
f 1400 1421 1401
f 1401 1421 1422
f 1401 1422 1402
f 1402 1422 1423
f 1402 1423 1403
f 1403 1423 1424
f 1403 1424 1404
f 1404 1424 1425
f 1404 1425 1405
f 1405 1425 1426
f 1405 1426 1406
f 1406 1426 1427
f 1406 1427 1407
f 1407 1427 1428
f 1407 1428 1408
f 1408 1428 1429
f 1408 1429 1409
f 1409 1429 1430
f 1410 1431 1411
f 1411 1431 1432
f 1411 1432 1412
f 1412 1432 1433
f 1412 1433 1413
f 1413 1433 1434
f 1413 1434 1414
f 1414 1434 1435
f 1414 1435 1415
f 1415 1435 1436
f 1415 1436 1416
f 1416 1436 1437
f 1416 1437 1417
f 1417 1437 1438
f 1417 1438 1418
f 1418 1438 1439
f 1418 1439 1419
f 1419 1439 1440
f 1419 1440 1420
f 1420 1440 1441
f 1420 1441 1421
f 1421 1441 1442
f 1421 1442 1422
f 1422 1442 1443
f 1422 1443 1423
f 1423 1443 1444
f 1423 1444 1424
f 1424 1444 1445
f 1424 1445 1425
f 1425 1445 1446
f 1425 1446 1426
f 1426 1446 1447
f 1426 1447 1427
f 1427 1447 1448
f 1427 1448 1428
f 1428 1448 1449
f 1428 1449 1429
f 1429 1449 1450
f 1429 1450 1430
f 1430 1450 1451
f 1431 1452 1432
f 1432 1452 1453
f 1432 1453 1433
f 1433 1453 1454
f 1433 1454 1434
f 1434 1454 1455
f 1434 1455 1435
f 1435 1455 1456
f 1435 1456 1436
f 1436 1456 1457
f 1436 1457 1437
f 1437 1457 1458
f 1437 1458 1438
f 1438 1458 1459
f 1438 1459 1439
f 1439 1459 1460
f 1439 1460 1440
f 1440 1460 1461
f 1440 1461 1441
f 1441 1461 1462
f 1441 1462 1442
f 1442 1462 1463
f 1442 1463 1443
f 1443 1463 1464
f 1443 1464 1444
f 1444 1464 1465
f 1444 1465 1445
f 1445 1465 1466
f 1445 1466 1446
f 1446 1466 1467
f 1446 1467 1447
f 1447 1467 1468
f 1447 1468 1448
f 1448 1468 1469
f 1448 1469 1449
f 1449 1469 1470
f 1449 1470 1450
f 1450 1470 1471
f 1450 1471 1451
f 1451 1471 1472
f 1452 1473 1453
f 1453 1473 1474
f 1453 1474 1454
f 1454 1474 1475
f 1454 1475 1455
f 1455 1475 1476
f 1455 1476 1456
f 1456 1476 1477
f 1456 1477 1457
f 1457 1477 1478
f 1457 1478 1458
f 1458 1478 1479
f 1458 1479 1459
f 1459 1479 1480
f 1459 1480 1460
f 1460 1480 1481
f 1460 1481 1461
f 1461 1481 1482
f 1461 1482 1462
f 1462 1482 1483
f 1462 1483 1463
f 1463 1483 1484
f 1463 1484 1464
f 1464 1484 1485
f 1464 1485 1465
f 1465 1485 1486
f 1465 1486 1466
f 1466 1486 1487
f 1466 1487 1467
f 1467 1487 1488
f 1467 1488 1468
f 1468 1488 1489
f 1468 1489 1469
f 1469 1489 1490
f 1469 1490 1470
f 1470 1490 1491
f 1470 1491 1471
f 1471 1491 1492
f 1471 1492 1472
f 1472 1492 1493
f 1473 1494 1474
f 1474 1494 1495
f 1474 1495 1475
f 1475 1495 1496
f 1475 1496 1476
f 1476 1496 1497
f 1476 1497 1477
f 1477 1497 1498
f 1477 1498 1478
f 1478 1498 1499
f 1478 1499 1479
f 1479 1499 1500
f 1479 1500 1480
f 1480 1500 1501
f 1480 1501 1481
f 1481 1501 1502
f 1481 1502 1482
f 1482 1502 1503
f 1482 1503 1483
f 1483 1503 1504
f 1483 1504 1484
f 1484 1504 1505
f 1484 1505 1485
f 1485 1505 1506
f 1485 1506 1486
f 1486 1506 1507
f 1486 1507 1487
f 1487 1507 1508
f 1487 1508 1488
f 1488 1508 1509
f 1488 1509 1489
f 1489 1509 1510
f 1489 1510 1490
f 1490 1510 1511
f 1490 1511 1491
f 1491 1511 1512
f 1491 1512 1492
f 1492 1512 1513
f 1492 1513 1493
f 1493 1513 1514
f 1494 1515 1495
f 1495 1515 1516
f 1495 1516 1496
f 1496 1516 1517
f 1496 1517 1497
f 1497 1517 1518
f 1497 1518 1498
f 1498 1518 1519
f 1498 1519 1499
f 1499 1519 1520
f 1499 1520 1500
f 1500 1520 1521
f 1500 1521 1501
f 1501 1521 1522
f 1501 1522 1502
f 1502 1522 1523
f 1502 1523 1503
f 1503 1523 1524
f 1503 1524 1504
f 1504 1524 1525
f 1504 1525 1505
f 1505 1525 1526
f 1505 1526 1506
f 1506 1526 1527
f 1506 1527 1507
f 1507 1527 1528
f 1507 1528 1508
f 1508 1528 1529
f 1508 1529 1509
f 1509 1529 1530
f 1509 1530 1510
f 1510 1530 1531
f 1510 1531 1511
f 1511 1531 1532
f 1511 1532 1512
f 1512 1532 1533
f 1512 1533 1513
f 1513 1533 1534
f 1513 1534 1514
f 1514 1534 1535
f 1515 1536 1516
f 1516 1537 1517
f 1517 1538 1518
f 1518 1539 1519
f 1519 1540 1520
f 1520 1541 1521
f 1521 1542 1522
f 1522 1543 1523
f 1523 1544 1524
f 1524 1545 1525
f 1525 1546 1526
f 1526 1547 1527
f 1527 1548 1528
f 1528 1549 1529
f 1529 1550 1530
f 1530 1551 1531
f 1531 1552 1532
f 1532 1553 1533
f 1533 1554 1534
f 1534 1555 1535
usemtl body_mid
f 1557 1559 1558
f 1558 1559 1560
f 1559 1561 1560
f 1560 1561 1562
f 1561 1563 1562
f 1562 1563 1564
f 1563 1565 1564
f 1564 1565 1566
f 1565 1567 1566
f 1566 1567 1568
f 1567 1569 1568
f 1568 1569 1570
f 1569 1571 1570
f 1570 1571 1572
f 1571 1573 1572
f 1572 1573 1574
f 1573 1575 1574
f 1574 1575 1576
f 1575 1577 1576
f 1576 1577 1578
f 1577 1579 1578
f 1578 1579 1580
f 1579 1581 1580
f 1580 1581 1582
f 1581 1583 1582
f 1582 1583 1584
f 1583 1585 1584
f 1584 1585 1586
f 1585 1587 1586
f 1586 1587 1588
f 1587 1589 1588
f 1588 1589 1590
f 1589 1591 1590
f 1590 1591 1592
f 1591 1593 1592
f 1592 1593 1594
f 1593 1595 1594
f 1594 1595 1596
f 1595 1597 1596
f 1596 1597 1598
f 1597 1599 1598
f 1598 1599 1600
f 1599 1601 1600
f 1600 1601 1602
f 1603 1557 1559
f 1604 1560 1558
f 1603 1559 1561
f 1604 1562 1560
f 1603 1561 1563
f 1604 1564 1562
f 1603 1563 1565
f 1604 1566 1564
f 1603 1565 1567
f 1604 1568 1566
f 1603 1567 1569
f 1604 1570 1568
f 1603 1569 1571
f 1604 1572 1570
f 1603 1571 1573
f 1604 1574 1572
f 1603 1573 1575
f 1604 1576 1574
f 1603 1575 1577
f 1604 1578 1576
f 1603 1577 1579
f 1604 1580 1578
f 1603 1579 1581
f 1604 1582 1580
f 1603 1581 1583
f 1604 1584 1582
f 1603 1583 1585
f 1604 1586 1584
f 1603 1585 1587
f 1604 1588 1586
f 1603 1587 1589
f 1604 1590 1588
f 1603 1589 1591
f 1604 1592 1590
f 1603 1591 1593
f 1604 1594 1592
f 1603 1593 1595
f 1604 1596 1594
f 1603 1595 1597
f 1604 1598 1596
f 1603 1597 1599
f 1604 1600 1598
f 1603 1599 1601
f 1604 1602 1600
usemtl accent_cyan
f 1605 1615 1606
f 1606 1615 1616
f 1606 1616 1607
f 1607 1616 1617
f 1607 1617 1608
f 1608 1617 1618
f 1608 1618 1609
f 1609 1618 1619
f 1609 1619 1610
f 1610 1619 1620
f 1610 1620 1611
f 1611 1620 1621
f 1611 1621 1612
f 1612 1621 1622
f 1612 1622 1613
f 1613 1622 1623
f 1613 1623 1614
f 1614 1623 1624
f 1614 1624 1605
f 1605 1624 1615
f 1615 1625 1616
f 1616 1625 1626
f 1616 1626 1617
f 1617 1626 1627
f 1617 1627 1618
f 1618 1627 1628
f 1618 1628 1619
f 1619 1628 1629
f 1619 1629 1620
f 1620 1629 1630
f 1620 1630 1621
f 1621 1630 1631
f 1621 1631 1622
f 1622 1631 1632
f 1622 1632 1623
f 1623 1632 1633
f 1623 1633 1624
f 1624 1633 1634
f 1624 1634 1615
f 1615 1634 1625
f 1625 1635 1626
f 1626 1635 1636
f 1626 1636 1627
f 1627 1636 1637
f 1627 1637 1628
f 1628 1637 1638
f 1628 1638 1629
f 1629 1638 1639
f 1629 1639 1630
f 1630 1639 1640
f 1630 1640 1631
f 1631 1640 1641
f 1631 1641 1632
f 1632 1641 1642
f 1632 1642 1633
f 1633 1642 1643
f 1633 1643 1634
f 1634 1643 1644
f 1634 1644 1625
f 1625 1644 1635
f 1635 1645 1636
f 1636 1645 1646
f 1636 1646 1637
f 1637 1646 1647
f 1637 1647 1638
f 1638 1647 1648
f 1638 1648 1639
f 1639 1648 1649
f 1639 1649 1640
f 1640 1649 1650
f 1640 1650 1641
f 1641 1650 1651
f 1641 1651 1642
f 1642 1651 1652
f 1642 1652 1643
f 1643 1652 1653
f 1643 1653 1644
f 1644 1653 1654
f 1644 1654 1635
f 1635 1654 1645
f 1645 1655 1646
f 1646 1655 1656
f 1646 1656 1647
f 1647 1656 1657
f 1647 1657 1648
f 1648 1657 1658
f 1648 1658 1649
f 1649 1658 1659
f 1649 1659 1650
f 1650 1659 1660
f 1650 1660 1651
f 1651 1660 1661
f 1651 1661 1652
f 1652 1661 1662
f 1652 1662 1653
f 1653 1662 1663
f 1653 1663 1654
f 1654 1663 1664
f 1654 1664 1645
f 1645 1664 1655
f 1655 1665 1656
f 1656 1665 1666
f 1656 1666 1657
f 1657 1666 1667
f 1657 1667 1658
f 1658 1667 1668
f 1658 1668 1659
f 1659 1668 1669
f 1659 1669 1660
f 1660 1669 1670
f 1660 1670 1661
f 1661 1670 1671
f 1661 1671 1662
f 1662 1671 1672
f 1662 1672 1663
f 1663 1672 1673
f 1663 1673 1664
f 1664 1673 1674
f 1664 1674 1655
f 1655 1674 1665
f 1665 1675 1666
f 1666 1675 1676
f 1666 1676 1667
f 1667 1676 1677
f 1667 1677 1668
f 1668 1677 1678
f 1668 1678 1669
f 1669 1678 1679
f 1669 1679 1670
f 1670 1679 1680
f 1670 1680 1671
f 1671 1680 1681
f 1671 1681 1672
f 1672 1681 1682
f 1672 1682 1673
f 1673 1682 1683
f 1673 1683 1674
f 1674 1683 1684
f 1674 1684 1665
f 1665 1684 1675
f 1675 1685 1676
f 1676 1685 1686
f 1676 1686 1677
f 1677 1686 1687
f 1677 1687 1678
f 1678 1687 1688
f 1678 1688 1679
f 1679 1688 1689
f 1679 1689 1680
f 1680 1689 1690
f 1680 1690 1681
f 1681 1690 1691
f 1681 1691 1682
f 1682 1691 1692
f 1682 1692 1683
f 1683 1692 1693
f 1683 1693 1684
f 1684 1693 1694
f 1684 1694 1675
f 1675 1694 1685
f 1685 1695 1686
f 1686 1695 1696
f 1686 1696 1687
f 1687 1696 1697
f 1687 1697 1688
f 1688 1697 1698
f 1688 1698 1689
f 1689 1698 1699
f 1689 1699 1690
f 1690 1699 1700
f 1690 1700 1691
f 1691 1700 1701
f 1691 1701 1692
f 1692 1701 1702
f 1692 1702 1693
f 1693 1702 1703
f 1693 1703 1694
f 1694 1703 1704
f 1694 1704 1685
f 1685 1704 1695
f 1695 1705 1696
f 1696 1705 1706
f 1696 1706 1697
f 1697 1706 1707
f 1697 1707 1698
f 1698 1707 1708
f 1698 1708 1699
f 1699 1708 1709
f 1699 1709 1700
f 1700 1709 1710
f 1700 1710 1701
f 1701 1710 1711
f 1701 1711 1702
f 1702 1711 1712
f 1702 1712 1703
f 1703 1712 1713
f 1703 1713 1704
f 1704 1713 1714
f 1704 1714 1695
f 1695 1714 1705
f 1705 1715 1706
f 1706 1715 1716
f 1706 1716 1707
f 1707 1716 1717
f 1707 1717 1708
f 1708 1717 1718
f 1708 1718 1709
f 1709 1718 1719
f 1709 1719 1710
f 1710 1719 1720
f 1710 1720 1711
f 1711 1720 1721
f 1711 1721 1712
f 1712 1721 1722
f 1712 1722 1713
f 1713 1722 1723
f 1713 1723 1714
f 1714 1723 1724
f 1714 1724 1705
f 1705 1724 1715
f 1715 1725 1716
f 1716 1725 1726
f 1716 1726 1717
f 1717 1726 1727
f 1717 1727 1718
f 1718 1727 1728
f 1718 1728 1719
f 1719 1728 1729
f 1719 1729 1720
f 1720 1729 1730
f 1720 1730 1721
f 1721 1730 1731
f 1721 1731 1722
f 1722 1731 1732
f 1722 1732 1723
f 1723 1732 1733
f 1723 1733 1724
f 1724 1733 1734
f 1724 1734 1715
f 1715 1734 1725
f 1725 1735 1726
f 1726 1735 1736
f 1726 1736 1727
f 1727 1736 1737
f 1727 1737 1728
f 1728 1737 1738
f 1728 1738 1729
f 1729 1738 1739
f 1729 1739 1730
f 1730 1739 1740
f 1730 1740 1731
f 1731 1740 1741
f 1731 1741 1732
f 1732 1741 1742
f 1732 1742 1733
f 1733 1742 1743
f 1733 1743 1734
f 1734 1743 1744
f 1734 1744 1725
f 1725 1744 1735
f 1735 1745 1736
f 1736 1745 1746
f 1736 1746 1737
f 1737 1746 1747
f 1737 1747 1738
f 1738 1747 1748
f 1738 1748 1739
f 1739 1748 1749
f 1739 1749 1740
f 1740 1749 1750
f 1740 1750 1741
f 1741 1750 1751
f 1741 1751 1742
f 1742 1751 1752
f 1742 1752 1743
f 1743 1752 1753
f 1743 1753 1744
f 1744 1753 1754
f 1744 1754 1735
f 1735 1754 1745
f 1745 1755 1746
f 1746 1755 1756
f 1746 1756 1747
f 1747 1756 1757
f 1747 1757 1748
f 1748 1757 1758
f 1748 1758 1749
f 1749 1758 1759
f 1749 1759 1750
f 1750 1759 1760
f 1750 1760 1751
f 1751 1760 1761
f 1751 1761 1752
f 1752 1761 1762
f 1752 1762 1753
f 1753 1762 1763
f 1753 1763 1754
f 1754 1763 1764
f 1754 1764 1745
f 1745 1764 1755
f 1755 1765 1756
f 1756 1765 1766
f 1756 1766 1757
f 1757 1766 1767
f 1757 1767 1758
f 1758 1767 1768
f 1758 1768 1759
f 1759 1768 1769
f 1759 1769 1760
f 1760 1769 1770
f 1760 1770 1761
f 1761 1770 1771
f 1761 1771 1762
f 1762 1771 1772
f 1762 1772 1763
f 1763 1772 1773
f 1763 1773 1764
f 1764 1773 1774
f 1764 1774 1755
f 1755 1774 1765
f 1765 1775 1766
f 1766 1775 1776
f 1766 1776 1767
f 1767 1776 1777
f 1767 1777 1768
f 1768 1777 1778
f 1768 1778 1769
f 1769 1778 1779
f 1769 1779 1770
f 1770 1779 1780
f 1770 1780 1771
f 1771 1780 1781
f 1771 1781 1772
f 1772 1781 1782
f 1772 1782 1773
f 1773 1782 1783
f 1773 1783 1774
f 1774 1783 1784
f 1774 1784 1765
f 1765 1784 1775
f 1775 1785 1776
f 1776 1785 1786
f 1776 1786 1777
f 1777 1786 1787
f 1777 1787 1778
f 1778 1787 1788
f 1778 1788 1779
f 1779 1788 1789
f 1779 1789 1780
f 1780 1789 1790
f 1780 1790 1781
f 1781 1790 1791
f 1781 1791 1782
f 1782 1791 1792
f 1782 1792 1783
f 1783 1792 1793
f 1783 1793 1784
f 1784 1793 1794
f 1784 1794 1775
f 1775 1794 1785
f 1785 1795 1786
f 1786 1795 1796
f 1786 1796 1787
f 1787 1796 1797
f 1787 1797 1788
f 1788 1797 1798
f 1788 1798 1789
f 1789 1798 1799
f 1789 1799 1790
f 1790 1799 1800
f 1790 1800 1791
f 1791 1800 1801
f 1791 1801 1792
f 1792 1801 1802
f 1792 1802 1793
f 1793 1802 1803
f 1793 1803 1794
f 1794 1803 1804
f 1794 1804 1785
f 1785 1804 1795
f 1795 1805 1796
f 1796 1805 1806
f 1796 1806 1797
f 1797 1806 1807
f 1797 1807 1798
f 1798 1807 1808
f 1798 1808 1799
f 1799 1808 1809
f 1799 1809 1800
f 1800 1809 1810
f 1800 1810 1801
f 1801 1810 1811
f 1801 1811 1802
f 1802 1811 1812
f 1802 1812 1803
f 1803 1812 1813
f 1803 1813 1804
f 1804 1813 1814
f 1804 1814 1795
f 1795 1814 1805
f 1805 1815 1806
f 1806 1815 1816
f 1806 1816 1807
f 1807 1816 1817
f 1807 1817 1808
f 1808 1817 1818
f 1808 1818 1809
f 1809 1818 1819
f 1809 1819 1810
f 1810 1819 1820
f 1810 1820 1811
f 1811 1820 1821
f 1811 1821 1812
f 1812 1821 1822
f 1812 1822 1813
f 1813 1822 1823
f 1813 1823 1814
f 1814 1823 1824
f 1814 1824 1805
f 1805 1824 1815
f 1815 1825 1816
f 1816 1825 1826
f 1816 1826 1817
f 1817 1826 1827
f 1817 1827 1818
f 1818 1827 1828
f 1818 1828 1819
f 1819 1828 1829
f 1819 1829 1820
f 1820 1829 1830
f 1820 1830 1821
f 1821 1830 1831
f 1821 1831 1822
f 1822 1831 1832
f 1822 1832 1823
f 1823 1832 1833
f 1823 1833 1824
f 1824 1833 1834
f 1824 1834 1815
f 1815 1834 1825
f 1825 1835 1826
f 1826 1835 1836
f 1826 1836 1827
f 1827 1836 1837
f 1827 1837 1828
f 1828 1837 1838
f 1828 1838 1829
f 1829 1838 1839
f 1829 1839 1830
f 1830 1839 1840
f 1830 1840 1831
f 1831 1840 1841
f 1831 1841 1832
f 1832 1841 1842
f 1832 1842 1833
f 1833 1842 1843
f 1833 1843 1834
f 1834 1843 1844
f 1834 1844 1825
f 1825 1844 1835
f 1835 1605 1836
f 1836 1605 1606
f 1836 1606 1837
f 1837 1606 1607
f 1837 1607 1838
f 1838 1607 1608
f 1838 1608 1839
f 1839 1608 1609
f 1839 1609 1840
f 1840 1609 1610
f 1840 1610 1841
f 1841 1610 1611
f 1841 1611 1842
f 1842 1611 1612
f 1842 1612 1843
f 1843 1612 1613
f 1843 1613 1844
f 1844 1613 1614
f 1844 1614 1835
f 1835 1614 1605
usemtl body_dark
f 1846 1866 1867
f 1847 1867 1868
f 1848 1868 1869
f 1849 1869 1870
f 1850 1870 1871
f 1851 1871 1872
f 1852 1872 1873
f 1853 1873 1874
f 1854 1874 1875
f 1855 1875 1876
f 1856 1876 1877
f 1857 1877 1878
f 1858 1878 1879
f 1859 1879 1880
f 1860 1880 1881
f 1861 1881 1882
f 1862 1882 1883
f 1863 1883 1884
f 1864 1884 1885
f 1865 1885 1886
f 1866 1887 1867
f 1867 1887 1888
f 1867 1888 1868
f 1868 1888 1889
f 1868 1889 1869
f 1869 1889 1890
f 1869 1890 1870
f 1870 1890 1891
f 1870 1891 1871
f 1871 1891 1892
f 1871 1892 1872
f 1872 1892 1893
f 1872 1893 1873
f 1873 1893 1894
f 1873 1894 1874
f 1874 1894 1895
f 1874 1895 1875
f 1875 1895 1896
f 1875 1896 1876
f 1876 1896 1897
f 1876 1897 1877
f 1877 1897 1898
f 1877 1898 1878
f 1878 1898 1899
f 1878 1899 1879
f 1879 1899 1900
f 1879 1900 1880
f 1880 1900 1901
f 1880 1901 1881
f 1881 1901 1902
f 1881 1902 1882
f 1882 1902 1903
f 1882 1903 1883
f 1883 1903 1904
f 1883 1904 1884
f 1884 1904 1905
f 1884 1905 1885
f 1885 1905 1906
f 1885 1906 1886
f 1886 1906 1907
f 1887 1908 1888
f 1888 1908 1909
f 1888 1909 1889
f 1889 1909 1910
f 1889 1910 1890
f 1890 1910 1911
f 1890 1911 1891
f 1891 1911 1912
f 1891 1912 1892
f 1892 1912 1913
f 1892 1913 1893
f 1893 1913 1914
f 1893 1914 1894
f 1894 1914 1915
f 1894 1915 1895
f 1895 1915 1916
f 1895 1916 1896
f 1896 1916 1917
f 1896 1917 1897
f 1897 1917 1918
f 1897 1918 1898
f 1898 1918 1919
f 1898 1919 1899
f 1899 1919 1920
f 1899 1920 1900
f 1900 1920 1921
f 1900 1921 1901
f 1901 1921 1922
f 1901 1922 1902
f 1902 1922 1923
f 1902 1923 1903
f 1903 1923 1924
f 1903 1924 1904
f 1904 1924 1925
f 1904 1925 1905
f 1905 1925 1926
f 1905 1926 1906
f 1906 1926 1927
f 1906 1927 1907
f 1907 1927 1928
f 1908 1929 1909
f 1909 1929 1930
f 1909 1930 1910
f 1910 1930 1931
f 1910 1931 1911
f 1911 1931 1932
f 1911 1932 1912
f 1912 1932 1933
f 1912 1933 1913
f 1913 1933 1934
f 1913 1934 1914
f 1914 1934 1935
f 1914 1935 1915
f 1915 1935 1936
f 1915 1936 1916
f 1916 1936 1937
f 1916 1937 1917
f 1917 1937 1938
f 1917 1938 1918
f 1918 1938 1939
f 1918 1939 1919
f 1919 1939 1940
f 1919 1940 1920
f 1920 1940 1941
f 1920 1941 1921
f 1921 1941 1942
f 1921 1942 1922
f 1922 1942 1943
f 1922 1943 1923
f 1923 1943 1944
f 1923 1944 1924
f 1924 1944 1945
f 1924 1945 1925
f 1925 1945 1946
f 1925 1946 1926
f 1926 1946 1947
f 1926 1947 1927
f 1927 1947 1948
f 1927 1948 1928
f 1928 1948 1949
f 1929 1950 1930
f 1930 1950 1951
f 1930 1951 1931
f 1931 1951 1952
f 1931 1952 1932
f 1932 1952 1953
f 1932 1953 1933
f 1933 1953 1954
f 1933 1954 1934
f 1934 1954 1955
f 1934 1955 1935
f 1935 1955 1956
f 1935 1956 1936
f 1936 1956 1957
f 1936 1957 1937
f 1937 1957 1958
f 1937 1958 1938
f 1938 1958 1959
f 1938 1959 1939
f 1939 1959 1960
f 1939 1960 1940
f 1940 1960 1961
f 1940 1961 1941
f 1941 1961 1962
f 1941 1962 1942
f 1942 1962 1963
f 1942 1963 1943
f 1943 1963 1964
f 1943 1964 1944
f 1944 1964 1965
f 1944 1965 1945
f 1945 1965 1966
f 1945 1966 1946
f 1946 1966 1967
f 1946 1967 1947
f 1947 1967 1968
f 1947 1968 1948
f 1948 1968 1969
f 1948 1969 1949
f 1949 1969 1970
f 1950 1971 1951
f 1951 1971 1972
f 1951 1972 1952
f 1952 1972 1973
f 1952 1973 1953
f 1953 1973 1974
f 1953 1974 1954
f 1954 1974 1975
f 1954 1975 1955
f 1955 1975 1976
f 1955 1976 1956
f 1956 1976 1977
f 1956 1977 1957
f 1957 1977 1978
f 1957 1978 1958
f 1958 1978 1979
f 1958 1979 1959
f 1959 1979 1980
f 1959 1980 1960
f 1960 1980 1981
f 1960 1981 1961
f 1961 1981 1982
f 1961 1982 1962
f 1962 1982 1983
f 1962 1983 1963
f 1963 1983 1984
f 1963 1984 1964
f 1964 1984 1985
f 1964 1985 1965
f 1965 1985 1986
f 1965 1986 1966
f 1966 1986 1987
f 1966 1987 1967
f 1967 1987 1988
f 1967 1988 1968
f 1968 1988 1989
f 1968 1989 1969
f 1969 1989 1990
f 1969 1990 1970
f 1970 1990 1991
f 1971 1992 1972
f 1972 1992 1993
f 1972 1993 1973
f 1973 1993 1994
f 1973 1994 1974
f 1974 1994 1995
f 1974 1995 1975
f 1975 1995 1996
f 1975 1996 1976
f 1976 1996 1997
f 1976 1997 1977
f 1977 1997 1998
f 1977 1998 1978
f 1978 1998 1999
f 1978 1999 1979
f 1979 1999 2000
f 1979 2000 1980
f 1980 2000 2001
f 1980 2001 1981
f 1981 2001 2002
f 1981 2002 1982
f 1982 2002 2003
f 1982 2003 1983
f 1983 2003 2004
f 1983 2004 1984
f 1984 2004 2005
f 1984 2005 1985
f 1985 2005 2006
f 1985 2006 1986
f 1986 2006 2007
f 1986 2007 1987
f 1987 2007 2008
f 1987 2008 1988
f 1988 2008 2009
f 1988 2009 1989
f 1989 2009 2010
f 1989 2010 1990
f 1990 2010 2011
f 1990 2011 1991
f 1991 2011 2012
f 1992 2013 1993
f 1993 2013 2014
f 1993 2014 1994
f 1994 2014 2015
f 1994 2015 1995
f 1995 2015 2016
f 1995 2016 1996
f 1996 2016 2017
f 1996 2017 1997
f 1997 2017 2018
f 1997 2018 1998
f 1998 2018 2019
f 1998 2019 1999
f 1999 2019 2020
f 1999 2020 2000
f 2000 2020 2021
f 2000 2021 2001
f 2001 2021 2022
f 2001 2022 2002
f 2002 2022 2023
f 2002 2023 2003
f 2003 2023 2024
f 2003 2024 2004
f 2004 2024 2025
f 2004 2025 2005
f 2005 2025 2026
f 2005 2026 2006
f 2006 2026 2027
f 2006 2027 2007
f 2007 2027 2028
f 2007 2028 2008
f 2008 2028 2029
f 2008 2029 2009
f 2009 2029 2030
f 2009 2030 2010
f 2010 2030 2031
f 2010 2031 2011
f 2011 2031 2032
f 2011 2032 2012
f 2012 2032 2033
f 2013 2034 2014
f 2014 2034 2035
f 2014 2035 2015
f 2015 2035 2036
f 2015 2036 2016
f 2016 2036 2037
f 2016 2037 2017
f 2017 2037 2038
f 2017 2038 2018
f 2018 2038 2039
f 2018 2039 2019
f 2019 2039 2040
f 2019 2040 2020
f 2020 2040 2041
f 2020 2041 2021
f 2021 2041 2042
f 2021 2042 2022
f 2022 2042 2043
f 2022 2043 2023
f 2023 2043 2044
f 2023 2044 2024
f 2024 2044 2045
f 2024 2045 2025
f 2025 2045 2046
f 2025 2046 2026
f 2026 2046 2047
f 2026 2047 2027
f 2027 2047 2048
f 2027 2048 2028
f 2028 2048 2049
f 2028 2049 2029
f 2029 2049 2050
f 2029 2050 2030
f 2030 2050 2051
f 2030 2051 2031
f 2031 2051 2052
f 2031 2052 2032
f 2032 2052 2053
f 2032 2053 2033
f 2033 2053 2054
f 2034 2055 2035
f 2035 2055 2056
f 2035 2056 2036
f 2036 2056 2057
f 2036 2057 2037
f 2037 2057 2058
f 2037 2058 2038
f 2038 2058 2059
f 2038 2059 2039
f 2039 2059 2060
f 2039 2060 2040
f 2040 2060 2061
f 2040 2061 2041
f 2041 2061 2062
f 2041 2062 2042
f 2042 2062 2063
f 2042 2063 2043
f 2043 2063 2064
f 2043 2064 2044
f 2044 2064 2065
f 2044 2065 2045
f 2045 2065 2066
f 2045 2066 2046
f 2046 2066 2067
f 2046 2067 2047
f 2047 2067 2068
f 2047 2068 2048
f 2048 2068 2069
f 2048 2069 2049
f 2049 2069 2070
f 2049 2070 2050
f 2050 2070 2071
f 2050 2071 2051
f 2051 2071 2072
f 2051 2072 2052
f 2052 2072 2073
f 2052 2073 2053
f 2053 2073 2074
f 2053 2074 2054
f 2054 2074 2075
f 2055 2076 2056
f 2056 2076 2077
f 2056 2077 2057
f 2057 2077 2078
f 2057 2078 2058
f 2058 2078 2079
f 2058 2079 2059
f 2059 2079 2080
f 2059 2080 2060
f 2060 2080 2081
f 2060 2081 2061
f 2061 2081 2082
f 2061 2082 2062
f 2062 2082 2083
f 2062 2083 2063
f 2063 2083 2084
f 2063 2084 2064
f 2064 2084 2085
f 2064 2085 2065
f 2065 2085 2086
f 2065 2086 2066
f 2066 2086 2087
f 2066 2087 2067
f 2067 2087 2088
f 2067 2088 2068
f 2068 2088 2089
f 2068 2089 2069
f 2069 2089 2090
f 2069 2090 2070
f 2070 2090 2091
f 2070 2091 2071
f 2071 2091 2092
f 2071 2092 2072
f 2072 2092 2093
f 2072 2093 2073
f 2073 2093 2094
f 2073 2094 2074
f 2074 2094 2095
f 2074 2095 2075
f 2075 2095 2096
f 2076 2097 2077
f 2077 2097 2098
f 2077 2098 2078
f 2078 2098 2099
f 2078 2099 2079
f 2079 2099 2100
f 2079 2100 2080
f 2080 2100 2101
f 2080 2101 2081
f 2081 2101 2102
f 2081 2102 2082
f 2082 2102 2103
f 2082 2103 2083
f 2083 2103 2104
f 2083 2104 2084
f 2084 2104 2105
f 2084 2105 2085
f 2085 2105 2106
f 2085 2106 2086
f 2086 2106 2107
f 2086 2107 2087
f 2087 2107 2108
f 2087 2108 2088
f 2088 2108 2109
f 2088 2109 2089
f 2089 2109 2110
f 2089 2110 2090
f 2090 2110 2111
f 2090 2111 2091
f 2091 2111 2112
f 2091 2112 2092
f 2092 2112 2113
f 2092 2113 2093
f 2093 2113 2114
f 2093 2114 2094
f 2094 2114 2115
f 2094 2115 2095
f 2095 2115 2116
f 2095 2116 2096
f 2096 2116 2117
f 2097 2118 2098
f 2098 2118 2119
f 2098 2119 2099
f 2099 2119 2120
f 2099 2120 2100
f 2100 2120 2121
f 2100 2121 2101
f 2101 2121 2122
f 2101 2122 2102
f 2102 2122 2123
f 2102 2123 2103
f 2103 2123 2124
f 2103 2124 2104
f 2104 2124 2125
f 2104 2125 2105
f 2105 2125 2126
f 2105 2126 2106
f 2106 2126 2127
f 2106 2127 2107
f 2107 2127 2128
f 2107 2128 2108
f 2108 2128 2129
f 2108 2129 2109
f 2109 2129 2130
f 2109 2130 2110
f 2110 2130 2131
f 2110 2131 2111
f 2111 2131 2132
f 2111 2132 2112
f 2112 2132 2133
f 2112 2133 2113
f 2113 2133 2134
f 2113 2134 2114
f 2114 2134 2135
f 2114 2135 2115
f 2115 2135 2136
f 2115 2136 2116
f 2116 2136 2137
f 2116 2137 2117
f 2117 2137 2138
f 2118 2139 2119
f 2119 2140 2120
f 2120 2141 2121
f 2121 2142 2122
f 2122 2143 2123
f 2123 2144 2124
f 2124 2145 2125
f 2125 2146 2126
f 2126 2147 2127
f 2127 2148 2128
f 2128 2149 2129
f 2129 2150 2130
f 2130 2151 2131
f 2131 2152 2132
f 2132 2153 2133
f 2133 2154 2134
f 2134 2155 2135
f 2135 2156 2136
f 2136 2157 2137
f 2137 2158 2138
f 2160 2162 2161
f 2161 2162 2163
f 2162 2164 2163
f 2163 2164 2165
f 2164 2166 2165
f 2165 2166 2167
f 2166 2168 2167
f 2167 2168 2169
f 2168 2170 2169
f 2169 2170 2171
f 2170 2172 2171
f 2171 2172 2173
f 2172 2174 2173
f 2173 2174 2175
f 2174 2176 2175
f 2175 2176 2177
f 2176 2178 2177
f 2177 2178 2179
f 2178 2180 2179
f 2179 2180 2181
f 2180 2182 2181
f 2181 2182 2183
f 2182 2184 2183
f 2183 2184 2185
f 2184 2186 2185
f 2185 2186 2187
f 2186 2188 2187
f 2187 2188 2189
f 2188 2190 2189
f 2189 2190 2191
f 2190 2192 2191
f 2191 2192 2193
f 2192 2194 2193
f 2193 2194 2195
f 2194 2196 2195
f 2195 2196 2197
f 2198 2160 2162
f 2199 2163 2161
f 2198 2162 2164
f 2199 2165 2163
f 2198 2164 2166
f 2199 2167 2165
f 2198 2166 2168
f 2199 2169 2167
f 2198 2168 2170
f 2199 2171 2169
f 2198 2170 2172
f 2199 2173 2171
f 2198 2172 2174
f 2199 2175 2173
f 2198 2174 2176
f 2199 2177 2175
f 2198 2176 2178
f 2199 2179 2177
f 2198 2178 2180
f 2199 2181 2179
f 2198 2180 2182
f 2199 2183 2181
f 2198 2182 2184
f 2199 2185 2183
f 2198 2184 2186
f 2199 2187 2185
f 2198 2186 2188
f 2199 2189 2187
f 2198 2188 2190
f 2199 2191 2189
f 2198 2190 2192
f 2199 2193 2191
f 2198 2192 2194
f 2199 2195 2193
f 2198 2194 2196
f 2199 2197 2195
usemtl accent_cyan
f 2200 2202 2201
f 2201 2202 2203
f 2202 2204 2203
f 2203 2204 2205
f 2204 2206 2205
f 2205 2206 2207
f 2206 2208 2207
f 2207 2208 2209
f 2208 2210 2209
f 2209 2210 2211
f 2210 2212 2211
f 2211 2212 2213
f 2212 2214 2213
f 2213 2214 2215
f 2214 2216 2215
f 2215 2216 2217
f 2218 2200 2202
f 2219 2203 2201
f 2218 2202 2204
f 2219 2205 2203
f 2218 2204 2206
f 2219 2207 2205
f 2218 2206 2208
f 2219 2209 2207
f 2218 2208 2210
f 2219 2211 2209
f 2218 2210 2212
f 2219 2213 2211
f 2218 2212 2214
f 2219 2215 2213
f 2218 2214 2216
f 2219 2217 2215
f 2220 2222 2221
f 2221 2222 2223
f 2222 2224 2223
f 2223 2224 2225
f 2224 2226 2225
f 2225 2226 2227
f 2226 2228 2227
f 2227 2228 2229
f 2228 2230 2229
f 2229 2230 2231
f 2230 2232 2231
f 2231 2232 2233
f 2232 2234 2233
f 2233 2234 2235
f 2234 2236 2235
f 2235 2236 2237
f 2238 2220 2222
f 2239 2223 2221
f 2238 2222 2224
f 2239 2225 2223
f 2238 2224 2226
f 2239 2227 2225
f 2238 2226 2228
f 2239 2229 2227
f 2238 2228 2230
f 2239 2231 2229
f 2238 2230 2232
f 2239 2233 2231
f 2238 2232 2234
f 2239 2235 2233
f 2238 2234 2236
f 2239 2237 2235
f 2240 2242 2241
f 2241 2242 2243
f 2242 2244 2243
f 2243 2244 2245
f 2244 2246 2245
f 2245 2246 2247
f 2246 2248 2247
f 2247 2248 2249
f 2248 2250 2249
f 2249 2250 2251
f 2250 2252 2251
f 2251 2252 2253
f 2252 2254 2253
f 2253 2254 2255
f 2254 2256 2255
f 2255 2256 2257
f 2258 2240 2242
f 2259 2243 2241
f 2258 2242 2244
f 2259 2245 2243
f 2258 2244 2246
f 2259 2247 2245
f 2258 2246 2248
f 2259 2249 2247
f 2258 2248 2250
f 2259 2251 2249
f 2258 2250 2252
f 2259 2253 2251
f 2258 2252 2254
f 2259 2255 2253
f 2258 2254 2256
f 2259 2257 2255
f 2260 2262 2261
f 2261 2262 2263
f 2262 2264 2263
f 2263 2264 2265
f 2264 2266 2265
f 2265 2266 2267
f 2266 2268 2267
f 2267 2268 2269
f 2268 2270 2269
f 2269 2270 2271
f 2270 2272 2271
f 2271 2272 2273
f 2272 2274 2273
f 2273 2274 2275
f 2274 2276 2275
f 2275 2276 2277
f 2278 2260 2262
f 2279 2263 2261
f 2278 2262 2264
f 2279 2265 2263
f 2278 2264 2266
f 2279 2267 2265
f 2278 2266 2268
f 2279 2269 2267
f 2278 2268 2270
f 2279 2271 2269
f 2278 2270 2272
f 2279 2273 2271
f 2278 2272 2274
f 2279 2275 2273
f 2278 2274 2276
f 2279 2277 2275
f 2280 2282 2281
f 2281 2282 2283
f 2282 2284 2283
f 2283 2284 2285
f 2284 2286 2285
f 2285 2286 2287
f 2286 2288 2287
f 2287 2288 2289
f 2288 2290 2289
f 2289 2290 2291
f 2290 2292 2291
f 2291 2292 2293
f 2292 2294 2293
f 2293 2294 2295
f 2294 2296 2295
f 2295 2296 2297
f 2298 2280 2282
f 2299 2283 2281
f 2298 2282 2284
f 2299 2285 2283
f 2298 2284 2286
f 2299 2287 2285
f 2298 2286 2288
f 2299 2289 2287
f 2298 2288 2290
f 2299 2291 2289
f 2298 2290 2292
f 2299 2293 2291
f 2298 2292 2294
f 2299 2295 2293
f 2298 2294 2296
f 2299 2297 2295
f 2300 2302 2301
f 2301 2302 2303
f 2302 2304 2303
f 2303 2304 2305
f 2304 2306 2305
f 2305 2306 2307
f 2306 2308 2307
f 2307 2308 2309
f 2308 2310 2309
f 2309 2310 2311
f 2310 2312 2311
f 2311 2312 2313
f 2312 2314 2313
f 2313 2314 2315
f 2314 2316 2315
f 2315 2316 2317
f 2318 2300 2302
f 2319 2303 2301
f 2318 2302 2304
f 2319 2305 2303
f 2318 2304 2306
f 2319 2307 2305
f 2318 2306 2308
f 2319 2309 2307
f 2318 2308 2310
f 2319 2311 2309
f 2318 2310 2312
f 2319 2313 2311
f 2318 2312 2314
f 2319 2315 2313
f 2318 2314 2316
f 2319 2317 2315
f 2320 2322 2321
f 2321 2322 2323
f 2322 2324 2323
f 2323 2324 2325
f 2324 2326 2325
f 2325 2326 2327
f 2326 2328 2327
f 2327 2328 2329
f 2328 2330 2329
f 2329 2330 2331
f 2330 2332 2331
f 2331 2332 2333
f 2332 2334 2333
f 2333 2334 2335
f 2334 2336 2335
f 2335 2336 2337
f 2338 2320 2322
f 2339 2323 2321
f 2338 2322 2324
f 2339 2325 2323
f 2338 2324 2326
f 2339 2327 2325
f 2338 2326 2328
f 2339 2329 2327
f 2338 2328 2330
f 2339 2331 2329
f 2338 2330 2332
f 2339 2333 2331
f 2338 2332 2334
f 2339 2335 2333
f 2338 2334 2336
f 2339 2337 2335
f 2340 2342 2341
f 2341 2342 2343
f 2342 2344 2343
f 2343 2344 2345
f 2344 2346 2345
f 2345 2346 2347
f 2346 2348 2347
f 2347 2348 2349
f 2348 2350 2349
f 2349 2350 2351
f 2350 2352 2351
f 2351 2352 2353
f 2352 2354 2353
f 2353 2354 2355
f 2354 2356 2355
f 2355 2356 2357
f 2358 2340 2342
f 2359 2343 2341
f 2358 2342 2344
f 2359 2345 2343
f 2358 2344 2346
f 2359 2347 2345
f 2358 2346 2348
f 2359 2349 2347
f 2358 2348 2350
f 2359 2351 2349
f 2358 2350 2352
f 2359 2353 2351
f 2358 2352 2354
f 2359 2355 2353
f 2358 2354 2356
f 2359 2357 2355
f 2360 2362 2361
f 2361 2362 2363
f 2362 2364 2363
f 2363 2364 2365
f 2364 2366 2365
f 2365 2366 2367
f 2366 2368 2367
f 2367 2368 2369
f 2368 2370 2369
f 2369 2370 2371
f 2370 2372 2371
f 2371 2372 2373
f 2372 2374 2373
f 2373 2374 2375
f 2374 2376 2375
f 2375 2376 2377
f 2378 2360 2362
f 2379 2363 2361
f 2378 2362 2364
f 2379 2365 2363
f 2378 2364 2366
f 2379 2367 2365
f 2378 2366 2368
f 2379 2369 2367
f 2378 2368 2370
f 2379 2371 2369
f 2378 2370 2372
f 2379 2373 2371
f 2378 2372 2374
f 2379 2375 2373
f 2378 2374 2376
f 2379 2377 2375
f 2380 2382 2381
f 2381 2382 2383
f 2382 2384 2383
f 2383 2384 2385
f 2384 2386 2385
f 2385 2386 2387
f 2386 2388 2387
f 2387 2388 2389
f 2388 2390 2389
f 2389 2390 2391
f 2390 2392 2391
f 2391 2392 2393
f 2392 2394 2393
f 2393 2394 2395
f 2394 2396 2395
f 2395 2396 2397
f 2398 2380 2382
f 2399 2383 2381
f 2398 2382 2384
f 2399 2385 2383
f 2398 2384 2386
f 2399 2387 2385
f 2398 2386 2388
f 2399 2389 2387
f 2398 2388 2390
f 2399 2391 2389
f 2398 2390 2392
f 2399 2393 2391
f 2398 2392 2394
f 2399 2395 2393
f 2398 2394 2396
f 2399 2397 2395
usemtl body_light
f 2400 2401 2402
f 2400 2402 2403
f 2405 2404 2407
f 2405 2407 2406
f 2404 2400 2403
f 2404 2403 2407
f 2401 2405 2406
f 2401 2406 2402
f 2403 2402 2406
f 2403 2406 2407
f 2404 2405 2401
f 2404 2401 2400
usemtl body_mid
f 2408 2410 2409
f 2409 2410 2411
f 2410 2412 2411
f 2411 2412 2413
f 2412 2414 2413
f 2413 2414 2415
f 2414 2416 2415
f 2415 2416 2417
f 2416 2418 2417
f 2417 2418 2419
f 2418 2420 2419
f 2419 2420 2421
f 2420 2422 2421
f 2421 2422 2423
f 2422 2424 2423
f 2423 2424 2425
f 2424 2426 2425
f 2425 2426 2427
f 2426 2428 2427
f 2427 2428 2429
f 2428 2430 2429
f 2429 2430 2431
f 2430 2432 2431
f 2431 2432 2433
f 2432 2434 2433
f 2433 2434 2435
f 2434 2436 2435
f 2435 2436 2437
f 2438 2408 2410
f 2439 2411 2409
f 2438 2410 2412
f 2439 2413 2411
f 2438 2412 2414
f 2439 2415 2413
f 2438 2414 2416
f 2439 2417 2415
f 2438 2416 2418
f 2439 2419 2417
f 2438 2418 2420
f 2439 2421 2419
f 2438 2420 2422
f 2439 2423 2421
f 2438 2422 2424
f 2439 2425 2423
f 2438 2424 2426
f 2439 2427 2425
f 2438 2426 2428
f 2439 2429 2427
f 2438 2428 2430
f 2439 2431 2429
f 2438 2430 2432
f 2439 2433 2431
f 2438 2432 2434
f 2439 2435 2433
f 2438 2434 2436
f 2439 2437 2435
f 2440 2442 2441
f 2441 2442 2443
f 2442 2444 2443
f 2443 2444 2445
f 2444 2446 2445
f 2445 2446 2447
f 2446 2448 2447
f 2447 2448 2449
f 2448 2450 2449
f 2449 2450 2451
f 2450 2452 2451
f 2451 2452 2453
f 2452 2454 2453
f 2453 2454 2455
f 2454 2456 2455
f 2455 2456 2457
f 2456 2458 2457
f 2457 2458 2459
f 2458 2460 2459
f 2459 2460 2461
f 2460 2462 2461
f 2461 2462 2463
f 2462 2464 2463
f 2463 2464 2465
f 2464 2466 2465
f 2465 2466 2467
f 2466 2468 2467
f 2467 2468 2469
f 2470 2440 2442
f 2471 2443 2441
f 2470 2442 2444
f 2471 2445 2443
f 2470 2444 2446
f 2471 2447 2445
f 2470 2446 2448
f 2471 2449 2447
f 2470 2448 2450
f 2471 2451 2449
f 2470 2450 2452
f 2471 2453 2451
f 2470 2452 2454
f 2471 2455 2453
f 2470 2454 2456
f 2471 2457 2455
f 2470 2456 2458
f 2471 2459 2457
f 2470 2458 2460
f 2471 2461 2459
f 2470 2460 2462
f 2471 2463 2461
f 2470 2462 2464
f 2471 2465 2463
f 2470 2464 2466
f 2471 2467 2465
f 2470 2466 2468
f 2471 2469 2467
usemtl core_glow
f 2473 2493 2494
f 2474 2494 2495
f 2475 2495 2496
f 2476 2496 2497
f 2477 2497 2498
f 2478 2498 2499
f 2479 2499 2500
f 2480 2500 2501
f 2481 2501 2502
f 2482 2502 2503
f 2483 2503 2504
f 2484 2504 2505
f 2485 2505 2506
f 2486 2506 2507
f 2487 2507 2508
f 2488 2508 2509
f 2489 2509 2510
f 2490 2510 2511
f 2491 2511 2512
f 2492 2512 2513
f 2493 2514 2494
f 2494 2514 2515
f 2494 2515 2495
f 2495 2515 2516
f 2495 2516 2496
f 2496 2516 2517
f 2496 2517 2497
f 2497 2517 2518
f 2497 2518 2498
f 2498 2518 2519
f 2498 2519 2499
f 2499 2519 2520
f 2499 2520 2500
f 2500 2520 2521
f 2500 2521 2501
f 2501 2521 2522
f 2501 2522 2502
f 2502 2522 2523
f 2502 2523 2503
f 2503 2523 2524
f 2503 2524 2504
f 2504 2524 2525
f 2504 2525 2505
f 2505 2525 2526
f 2505 2526 2506
f 2506 2526 2527
f 2506 2527 2507
f 2507 2527 2528
f 2507 2528 2508
f 2508 2528 2529
f 2508 2529 2509
f 2509 2529 2530
f 2509 2530 2510
f 2510 2530 2531
f 2510 2531 2511
f 2511 2531 2532
f 2511 2532 2512
f 2512 2532 2533
f 2512 2533 2513
f 2513 2533 2534
f 2514 2535 2515
f 2515 2535 2536
f 2515 2536 2516
f 2516 2536 2537
f 2516 2537 2517
f 2517 2537 2538
f 2517 2538 2518
f 2518 2538 2539
f 2518 2539 2519
f 2519 2539 2540
f 2519 2540 2520
f 2520 2540 2541
f 2520 2541 2521
f 2521 2541 2542
f 2521 2542 2522
f 2522 2542 2543
f 2522 2543 2523
f 2523 2543 2544
f 2523 2544 2524
f 2524 2544 2545
f 2524 2545 2525
f 2525 2545 2546
f 2525 2546 2526
f 2526 2546 2547
f 2526 2547 2527
f 2527 2547 2548
f 2527 2548 2528
f 2528 2548 2549
f 2528 2549 2529
f 2529 2549 2550
f 2529 2550 2530
f 2530 2550 2551
f 2530 2551 2531
f 2531 2551 2552
f 2531 2552 2532
f 2532 2552 2553
f 2532 2553 2533
f 2533 2553 2554
f 2533 2554 2534
f 2534 2554 2555
f 2535 2556 2536
f 2536 2556 2557
f 2536 2557 2537
f 2537 2557 2558
f 2537 2558 2538
f 2538 2558 2559
f 2538 2559 2539
f 2539 2559 2560
f 2539 2560 2540
f 2540 2560 2561
f 2540 2561 2541
f 2541 2561 2562
f 2541 2562 2542
f 2542 2562 2563
f 2542 2563 2543
f 2543 2563 2564
f 2543 2564 2544
f 2544 2564 2565
f 2544 2565 2545
f 2545 2565 2566
f 2545 2566 2546
f 2546 2566 2567
f 2546 2567 2547
f 2547 2567 2568
f 2547 2568 2548
f 2548 2568 2569
f 2548 2569 2549
f 2549 2569 2570
f 2549 2570 2550
f 2550 2570 2571
f 2550 2571 2551
f 2551 2571 2572
f 2551 2572 2552
f 2552 2572 2573
f 2552 2573 2553
f 2553 2573 2574
f 2553 2574 2554
f 2554 2574 2575
f 2554 2575 2555
f 2555 2575 2576
f 2556 2577 2557
f 2557 2577 2578
f 2557 2578 2558
f 2558 2578 2579
f 2558 2579 2559
f 2559 2579 2580
f 2559 2580 2560
f 2560 2580 2581
f 2560 2581 2561
f 2561 2581 2582
f 2561 2582 2562
f 2562 2582 2583
f 2562 2583 2563
f 2563 2583 2584
f 2563 2584 2564
f 2564 2584 2585
f 2564 2585 2565
f 2565 2585 2586
f 2565 2586 2566
f 2566 2586 2587
f 2566 2587 2567
f 2567 2587 2588
f 2567 2588 2568
f 2568 2588 2589
f 2568 2589 2569
f 2569 2589 2590
f 2569 2590 2570
f 2570 2590 2591
f 2570 2591 2571
f 2571 2591 2592
f 2571 2592 2572
f 2572 2592 2593
f 2572 2593 2573
f 2573 2593 2594
f 2573 2594 2574
f 2574 2594 2595
f 2574 2595 2575
f 2575 2595 2596
f 2575 2596 2576
f 2576 2596 2597
f 2577 2598 2578
f 2578 2598 2599
f 2578 2599 2579
f 2579 2599 2600
f 2579 2600 2580
f 2580 2600 2601
f 2580 2601 2581
f 2581 2601 2602
f 2581 2602 2582
f 2582 2602 2603
f 2582 2603 2583
f 2583 2603 2604
f 2583 2604 2584
f 2584 2604 2605
f 2584 2605 2585
f 2585 2605 2606
f 2585 2606 2586
f 2586 2606 2607
f 2586 2607 2587
f 2587 2607 2608
f 2587 2608 2588
f 2588 2608 2609
f 2588 2609 2589
f 2589 2609 2610
f 2589 2610 2590
f 2590 2610 2611
f 2590 2611 2591
f 2591 2611 2612
f 2591 2612 2592
f 2592 2612 2613
f 2592 2613 2593
f 2593 2613 2614
f 2593 2614 2594
f 2594 2614 2615
f 2594 2615 2595
f 2595 2615 2616
f 2595 2616 2596
f 2596 2616 2617
f 2596 2617 2597
f 2597 2617 2618
f 2598 2619 2599
f 2599 2619 2620
f 2599 2620 2600
f 2600 2620 2621
f 2600 2621 2601
f 2601 2621 2622
f 2601 2622 2602
f 2602 2622 2623
f 2602 2623 2603
f 2603 2623 2624
f 2603 2624 2604
f 2604 2624 2625
f 2604 2625 2605
f 2605 2625 2626
f 2605 2626 2606
f 2606 2626 2627
f 2606 2627 2607
f 2607 2627 2628
f 2607 2628 2608
f 2608 2628 2629
f 2608 2629 2609
f 2609 2629 2630
f 2609 2630 2610
f 2610 2630 2631
f 2610 2631 2611
f 2611 2631 2632
f 2611 2632 2612
f 2612 2632 2633
f 2612 2633 2613
f 2613 2633 2634
f 2613 2634 2614
f 2614 2634 2635
f 2614 2635 2615
f 2615 2635 2636
f 2615 2636 2616
f 2616 2636 2637
f 2616 2637 2617
f 2617 2637 2638
f 2617 2638 2618
f 2618 2638 2639
f 2619 2640 2620
f 2620 2640 2641
f 2620 2641 2621
f 2621 2641 2642
f 2621 2642 2622
f 2622 2642 2643
f 2622 2643 2623
f 2623 2643 2644
f 2623 2644 2624
f 2624 2644 2645
f 2624 2645 2625
f 2625 2645 2646
f 2625 2646 2626
f 2626 2646 2647
f 2626 2647 2627
f 2627 2647 2648
f 2627 2648 2628
f 2628 2648 2649
f 2628 2649 2629
f 2629 2649 2650
f 2629 2650 2630
f 2630 2650 2651
f 2630 2651 2631
f 2631 2651 2652
f 2631 2652 2632
f 2632 2652 2653
f 2632 2653 2633
f 2633 2653 2654
f 2633 2654 2634
f 2634 2654 2655
f 2634 2655 2635
f 2635 2655 2656
f 2635 2656 2636
f 2636 2656 2657
f 2636 2657 2637
f 2637 2657 2658
f 2637 2658 2638
f 2638 2658 2659
f 2638 2659 2639
f 2639 2659 2660
f 2640 2661 2641
f 2641 2661 2662
f 2641 2662 2642
f 2642 2662 2663
f 2642 2663 2643
f 2643 2663 2664
f 2643 2664 2644
f 2644 2664 2665
f 2644 2665 2645
f 2645 2665 2666
f 2645 2666 2646
f 2646 2666 2667
f 2646 2667 2647
f 2647 2667 2668
f 2647 2668 2648
f 2648 2668 2669
f 2648 2669 2649
f 2649 2669 2670
f 2649 2670 2650
f 2650 2670 2671
f 2650 2671 2651
f 2651 2671 2672
f 2651 2672 2652
f 2652 2672 2673
f 2652 2673 2653
f 2653 2673 2674
f 2653 2674 2654
f 2654 2674 2675
f 2654 2675 2655
f 2655 2675 2676
f 2655 2676 2656
f 2656 2676 2677
f 2656 2677 2657
f 2657 2677 2678
f 2657 2678 2658
f 2658 2678 2679
f 2658 2679 2659
f 2659 2679 2680
f 2659 2680 2660
f 2660 2680 2681
f 2661 2682 2662
f 2662 2682 2683
f 2662 2683 2663
f 2663 2683 2684
f 2663 2684 2664
f 2664 2684 2685
f 2664 2685 2665
f 2665 2685 2686
f 2665 2686 2666
f 2666 2686 2687
f 2666 2687 2667
f 2667 2687 2688
f 2667 2688 2668
f 2668 2688 2689
f 2668 2689 2669
f 2669 2689 2690
f 2669 2690 2670
f 2670 2690 2691
f 2670 2691 2671
f 2671 2691 2692
f 2671 2692 2672
f 2672 2692 2693
f 2672 2693 2673
f 2673 2693 2694
f 2673 2694 2674
f 2674 2694 2695
f 2674 2695 2675
f 2675 2695 2696
f 2675 2696 2676
f 2676 2696 2697
f 2676 2697 2677
f 2677 2697 2698
f 2677 2698 2678
f 2678 2698 2699
f 2678 2699 2679
f 2679 2699 2700
f 2679 2700 2680
f 2680 2700 2701
f 2680 2701 2681
f 2681 2701 2702
f 2682 2703 2683
f 2683 2703 2704
f 2683 2704 2684
f 2684 2704 2705
f 2684 2705 2685
f 2685 2705 2706
f 2685 2706 2686
f 2686 2706 2707
f 2686 2707 2687
f 2687 2707 2708
f 2687 2708 2688
f 2688 2708 2709
f 2688 2709 2689
f 2689 2709 2710
f 2689 2710 2690
f 2690 2710 2711
f 2690 2711 2691
f 2691 2711 2712
f 2691 2712 2692
f 2692 2712 2713
f 2692 2713 2693
f 2693 2713 2714
f 2693 2714 2694
f 2694 2714 2715
f 2694 2715 2695
f 2695 2715 2716
f 2695 2716 2696
f 2696 2716 2717
f 2696 2717 2697
f 2697 2717 2718
f 2697 2718 2698
f 2698 2718 2719
f 2698 2719 2699
f 2699 2719 2720
f 2699 2720 2700
f 2700 2720 2721
f 2700 2721 2701
f 2701 2721 2722
f 2701 2722 2702
f 2702 2722 2723
f 2703 2724 2704
f 2704 2724 2725
f 2704 2725 2705
f 2705 2725 2726
f 2705 2726 2706
f 2706 2726 2727
f 2706 2727 2707
f 2707 2727 2728
f 2707 2728 2708
f 2708 2728 2729
f 2708 2729 2709
f 2709 2729 2730
f 2709 2730 2710
f 2710 2730 2731
f 2710 2731 2711
f 2711 2731 2732
f 2711 2732 2712
f 2712 2732 2733
f 2712 2733 2713
f 2713 2733 2734
f 2713 2734 2714
f 2714 2734 2735
f 2714 2735 2715
f 2715 2735 2736
f 2715 2736 2716
f 2716 2736 2737
f 2716 2737 2717
f 2717 2737 2738
f 2717 2738 2718
f 2718 2738 2739
f 2718 2739 2719
f 2719 2739 2740
f 2719 2740 2720
f 2720 2740 2741
f 2720 2741 2721
f 2721 2741 2742
f 2721 2742 2722
f 2722 2742 2743
f 2722 2743 2723
f 2723 2743 2744
f 2724 2745 2725
f 2725 2745 2746
f 2725 2746 2726
f 2726 2746 2747
f 2726 2747 2727
f 2727 2747 2748
f 2727 2748 2728
f 2728 2748 2749
f 2728 2749 2729
f 2729 2749 2750
f 2729 2750 2730
f 2730 2750 2751
f 2730 2751 2731
f 2731 2751 2752
f 2731 2752 2732
f 2732 2752 2753
f 2732 2753 2733
f 2733 2753 2754
f 2733 2754 2734
f 2734 2754 2755
f 2734 2755 2735
f 2735 2755 2756
f 2735 2756 2736
f 2736 2756 2757
f 2736 2757 2737
f 2737 2757 2758
f 2737 2758 2738
f 2738 2758 2759
f 2738 2759 2739
f 2739 2759 2760
f 2739 2760 2740
f 2740 2760 2761
f 2740 2761 2741
f 2741 2761 2762
f 2741 2762 2742
f 2742 2762 2763
f 2742 2763 2743
f 2743 2763 2764
f 2743 2764 2744
f 2744 2764 2765
f 2745 2766 2746
f 2746 2767 2747
f 2747 2768 2748
f 2748 2769 2749
f 2749 2770 2750
f 2750 2771 2751
f 2751 2772 2752
f 2752 2773 2753
f 2753 2774 2754
f 2754 2775 2755
f 2755 2776 2756
f 2756 2777 2757
f 2757 2778 2758
f 2758 2779 2759
f 2759 2780 2760
f 2760 2781 2761
f 2761 2782 2762
f 2762 2783 2763
f 2763 2784 2764
f 2764 2785 2765
usemtl accent_cyan
f 2787 2797 2788
f 2788 2797 2798
f 2788 2798 2789
f 2789 2798 2799
f 2789 2799 2790
f 2790 2799 2800
f 2790 2800 2791
f 2791 2800 2801
f 2791 2801 2792
f 2792 2801 2802
f 2792 2802 2793
f 2793 2802 2803
f 2793 2803 2794
f 2794 2803 2804
f 2794 2804 2795
f 2795 2804 2805
f 2795 2805 2796
f 2796 2805 2806
f 2796 2806 2787
f 2787 2806 2797
f 2797 2807 2798
f 2798 2807 2808
f 2798 2808 2799
f 2799 2808 2809
f 2799 2809 2800
f 2800 2809 2810
f 2800 2810 2801
f 2801 2810 2811
f 2801 2811 2802
f 2802 2811 2812
f 2802 2812 2803
f 2803 2812 2813
f 2803 2813 2804
f 2804 2813 2814
f 2804 2814 2805
f 2805 2814 2815
f 2805 2815 2806
f 2806 2815 2816
f 2806 2816 2797
f 2797 2816 2807
f 2807 2817 2808
f 2808 2817 2818
f 2808 2818 2809
f 2809 2818 2819
f 2809 2819 2810
f 2810 2819 2820
f 2810 2820 2811
f 2811 2820 2821
f 2811 2821 2812
f 2812 2821 2822
f 2812 2822 2813
f 2813 2822 2823
f 2813 2823 2814
f 2814 2823 2824
f 2814 2824 2815
f 2815 2824 2825
f 2815 2825 2816
f 2816 2825 2826
f 2816 2826 2807
f 2807 2826 2817
f 2817 2827 2818
f 2818 2827 2828
f 2818 2828 2819
f 2819 2828 2829
f 2819 2829 2820
f 2820 2829 2830
f 2820 2830 2821
f 2821 2830 2831
f 2821 2831 2822
f 2822 2831 2832
f 2822 2832 2823
f 2823 2832 2833
f 2823 2833 2824
f 2824 2833 2834
f 2824 2834 2825
f 2825 2834 2835
f 2825 2835 2826
f 2826 2835 2836
f 2826 2836 2817
f 2817 2836 2827
f 2827 2837 2828
f 2828 2837 2838
f 2828 2838 2829
f 2829 2838 2839
f 2829 2839 2830
f 2830 2839 2840
f 2830 2840 2831
f 2831 2840 2841
f 2831 2841 2832
f 2832 2841 2842
f 2832 2842 2833
f 2833 2842 2843
f 2833 2843 2834
f 2834 2843 2844
f 2834 2844 2835
f 2835 2844 2845
f 2835 2845 2836
f 2836 2845 2846
f 2836 2846 2827
f 2827 2846 2837
f 2837 2847 2838
f 2838 2847 2848
f 2838 2848 2839
f 2839 2848 2849
f 2839 2849 2840
f 2840 2849 2850
f 2840 2850 2841
f 2841 2850 2851
f 2841 2851 2842
f 2842 2851 2852
f 2842 2852 2843
f 2843 2852 2853
f 2843 2853 2844
f 2844 2853 2854
f 2844 2854 2845
f 2845 2854 2855
f 2845 2855 2846
f 2846 2855 2856
f 2846 2856 2837
f 2837 2856 2847
f 2847 2857 2848
f 2848 2857 2858
f 2848 2858 2849
f 2849 2858 2859
f 2849 2859 2850
f 2850 2859 2860
f 2850 2860 2851
f 2851 2860 2861
f 2851 2861 2852
f 2852 2861 2862
f 2852 2862 2853
f 2853 2862 2863
f 2853 2863 2854
f 2854 2863 2864
f 2854 2864 2855
f 2855 2864 2865
f 2855 2865 2856
f 2856 2865 2866
f 2856 2866 2847
f 2847 2866 2857
f 2857 2867 2858
f 2858 2867 2868
f 2858 2868 2859
f 2859 2868 2869
f 2859 2869 2860
f 2860 2869 2870
f 2860 2870 2861
f 2861 2870 2871
f 2861 2871 2862
f 2862 2871 2872
f 2862 2872 2863
f 2863 2872 2873
f 2863 2873 2864
f 2864 2873 2874
f 2864 2874 2865
f 2865 2874 2875
f 2865 2875 2866
f 2866 2875 2876
f 2866 2876 2857
f 2857 2876 2867
f 2867 2877 2868
f 2868 2877 2878
f 2868 2878 2869
f 2869 2878 2879
f 2869 2879 2870
f 2870 2879 2880
f 2870 2880 2871
f 2871 2880 2881
f 2871 2881 2872
f 2872 2881 2882
f 2872 2882 2873
f 2873 2882 2883
f 2873 2883 2874
f 2874 2883 2884
f 2874 2884 2875
f 2875 2884 2885
f 2875 2885 2876
f 2876 2885 2886
f 2876 2886 2867
f 2867 2886 2877
f 2877 2887 2878
f 2878 2887 2888
f 2878 2888 2879
f 2879 2888 2889
f 2879 2889 2880
f 2880 2889 2890
f 2880 2890 2881
f 2881 2890 2891
f 2881 2891 2882
f 2882 2891 2892
f 2882 2892 2883
f 2883 2892 2893
f 2883 2893 2884
f 2884 2893 2894
f 2884 2894 2885
f 2885 2894 2895
f 2885 2895 2886
f 2886 2895 2896
f 2886 2896 2877
f 2877 2896 2887
f 2887 2897 2888
f 2888 2897 2898
f 2888 2898 2889
f 2889 2898 2899
f 2889 2899 2890
f 2890 2899 2900
f 2890 2900 2891
f 2891 2900 2901
f 2891 2901 2892
f 2892 2901 2902
f 2892 2902 2893
f 2893 2902 2903
f 2893 2903 2894
f 2894 2903 2904
f 2894 2904 2895
f 2895 2904 2905
f 2895 2905 2896
f 2896 2905 2906
f 2896 2906 2887
f 2887 2906 2897
f 2897 2907 2898
f 2898 2907 2908
f 2898 2908 2899
f 2899 2908 2909
f 2899 2909 2900
f 2900 2909 2910
f 2900 2910 2901
f 2901 2910 2911
f 2901 2911 2902
f 2902 2911 2912
f 2902 2912 2903
f 2903 2912 2913
f 2903 2913 2904
f 2904 2913 2914
f 2904 2914 2905
f 2905 2914 2915
f 2905 2915 2906
f 2906 2915 2916
f 2906 2916 2897
f 2897 2916 2907
f 2907 2917 2908
f 2908 2917 2918
f 2908 2918 2909
f 2909 2918 2919
f 2909 2919 2910
f 2910 2919 2920
f 2910 2920 2911
f 2911 2920 2921
f 2911 2921 2912
f 2912 2921 2922
f 2912 2922 2913
f 2913 2922 2923
f 2913 2923 2914
f 2914 2923 2924
f 2914 2924 2915
f 2915 2924 2925
f 2915 2925 2916
f 2916 2925 2926
f 2916 2926 2907
f 2907 2926 2917
f 2917 2927 2918
f 2918 2927 2928
f 2918 2928 2919
f 2919 2928 2929
f 2919 2929 2920
f 2920 2929 2930
f 2920 2930 2921
f 2921 2930 2931
f 2921 2931 2922
f 2922 2931 2932
f 2922 2932 2923
f 2923 2932 2933
f 2923 2933 2924
f 2924 2933 2934
f 2924 2934 2925
f 2925 2934 2935
f 2925 2935 2926
f 2926 2935 2936
f 2926 2936 2917
f 2917 2936 2927
f 2927 2937 2928
f 2928 2937 2938
f 2928 2938 2929
f 2929 2938 2939
f 2929 2939 2930
f 2930 2939 2940
f 2930 2940 2931
f 2931 2940 2941
f 2931 2941 2932
f 2932 2941 2942
f 2932 2942 2933
f 2933 2942 2943
f 2933 2943 2934
f 2934 2943 2944
f 2934 2944 2935
f 2935 2944 2945
f 2935 2945 2936
f 2936 2945 2946
f 2936 2946 2927
f 2927 2946 2937
f 2937 2947 2938
f 2938 2947 2948
f 2938 2948 2939
f 2939 2948 2949
f 2939 2949 2940
f 2940 2949 2950
f 2940 2950 2941
f 2941 2950 2951
f 2941 2951 2942
f 2942 2951 2952
f 2942 2952 2943
f 2943 2952 2953
f 2943 2953 2944
f 2944 2953 2954
f 2944 2954 2945
f 2945 2954 2955
f 2945 2955 2946
f 2946 2955 2956
f 2946 2956 2937
f 2937 2956 2947
f 2947 2957 2948
f 2948 2957 2958
f 2948 2958 2949
f 2949 2958 2959
f 2949 2959 2950
f 2950 2959 2960
f 2950 2960 2951
f 2951 2960 2961
f 2951 2961 2952
f 2952 2961 2962
f 2952 2962 2953
f 2953 2962 2963
f 2953 2963 2954
f 2954 2963 2964
f 2954 2964 2955
f 2955 2964 2965
f 2955 2965 2956
f 2956 2965 2966
f 2956 2966 2947
f 2947 2966 2957
f 2957 2967 2958
f 2958 2967 2968
f 2958 2968 2959
f 2959 2968 2969
f 2959 2969 2960
f 2960 2969 2970
f 2960 2970 2961
f 2961 2970 2971
f 2961 2971 2962
f 2962 2971 2972
f 2962 2972 2963
f 2963 2972 2973
f 2963 2973 2964
f 2964 2973 2974
f 2964 2974 2965
f 2965 2974 2975
f 2965 2975 2966
f 2966 2975 2976
f 2966 2976 2957
f 2957 2976 2967
f 2967 2977 2968
f 2968 2977 2978
f 2968 2978 2969
f 2969 2978 2979
f 2969 2979 2970
f 2970 2979 2980
f 2970 2980 2971
f 2971 2980 2981
f 2971 2981 2972
f 2972 2981 2982
f 2972 2982 2973
f 2973 2982 2983
f 2973 2983 2974
f 2974 2983 2984
f 2974 2984 2975
f 2975 2984 2985
f 2975 2985 2976
f 2976 2985 2986
f 2976 2986 2967
f 2967 2986 2977
f 2977 2987 2978
f 2978 2987 2988
f 2978 2988 2979
f 2979 2988 2989
f 2979 2989 2980
f 2980 2989 2990
f 2980 2990 2981
f 2981 2990 2991
f 2981 2991 2982
f 2982 2991 2992
f 2982 2992 2983
f 2983 2992 2993
f 2983 2993 2984
f 2984 2993 2994
f 2984 2994 2985
f 2985 2994 2995
f 2985 2995 2986
f 2986 2995 2996
f 2986 2996 2977
f 2977 2996 2987
f 2987 2997 2988
f 2988 2997 2998
f 2988 2998 2989
f 2989 2998 2999
f 2989 2999 2990
f 2990 2999 3000
f 2990 3000 2991
f 2991 3000 3001
f 2991 3001 2992
f 2992 3001 3002
f 2992 3002 2993
f 2993 3002 3003
f 2993 3003 2994
f 2994 3003 3004
f 2994 3004 2995
f 2995 3004 3005
f 2995 3005 2996
f 2996 3005 3006
f 2996 3006 2987
f 2987 3006 2997
f 2997 3007 2998
f 2998 3007 3008
f 2998 3008 2999
f 2999 3008 3009
f 2999 3009 3000
f 3000 3009 3010
f 3000 3010 3001
f 3001 3010 3011
f 3001 3011 3002
f 3002 3011 3012
f 3002 3012 3003
f 3003 3012 3013
f 3003 3013 3004
f 3004 3013 3014
f 3004 3014 3005
f 3005 3014 3015
f 3005 3015 3006
f 3006 3015 3016
f 3006 3016 2997
f 2997 3016 3007
f 3007 3017 3008
f 3008 3017 3018
f 3008 3018 3009
f 3009 3018 3019
f 3009 3019 3010
f 3010 3019 3020
f 3010 3020 3011
f 3011 3020 3021
f 3011 3021 3012
f 3012 3021 3022
f 3012 3022 3013
f 3013 3022 3023
f 3013 3023 3014
f 3014 3023 3024
f 3014 3024 3015
f 3015 3024 3025
f 3015 3025 3016
f 3016 3025 3026
f 3016 3026 3007
f 3007 3026 3017
f 3017 2787 3018
f 3018 2787 2788
f 3018 2788 3019
f 3019 2788 2789
f 3019 2789 3020
f 3020 2789 2790
f 3020 2790 3021
f 3021 2790 2791
f 3021 2791 3022
f 3022 2791 2792
f 3022 2792 3023
f 3023 2792 2793
f 3023 2793 3024
f 3024 2793 2794
f 3024 2794 3025
f 3025 2794 2795
f 3025 2795 3026
f 3026 2795 2796
f 3026 2796 3017
f 3017 2796 2787
usemtl body_mid
f 3027 3028 3029
f 3027 3029 3030
f 3032 3031 3034
f 3032 3034 3033
f 3031 3027 3030
f 3031 3030 3034
f 3028 3032 3033
f 3028 3033 3029
f 3030 3029 3033
f 3030 3033 3034
f 3031 3032 3028
f 3031 3028 3027
usemtl body_dark
f 3035 3036 3037
f 3035 3037 3038
f 3040 3039 3042
f 3040 3042 3041
f 3039 3035 3038
f 3039 3038 3042
f 3036 3040 3041
f 3036 3041 3037
f 3038 3037 3041
f 3038 3041 3042
f 3039 3040 3036
f 3039 3036 3035
usemtl body_mid
f 3043 3044 3045
f 3043 3045 3046
f 3048 3047 3050
f 3048 3050 3049
f 3047 3043 3046
f 3047 3046 3050
f 3044 3048 3049
f 3044 3049 3045
f 3046 3045 3049
f 3046 3049 3050
f 3047 3048 3044
f 3047 3044 3043
usemtl body_dark
f 3051 3052 3053
f 3051 3053 3054
f 3056 3055 3058
f 3056 3058 3057
f 3055 3051 3054
f 3055 3054 3058
f 3052 3056 3057
f 3052 3057 3053
f 3054 3053 3057
f 3054 3057 3058
f 3055 3056 3052
f 3055 3052 3051
usemtl body_mid
f 3059 3060 3061
f 3059 3061 3062
f 3064 3063 3066
f 3064 3066 3065
f 3063 3059 3062
f 3063 3062 3066
f 3060 3064 3065
f 3060 3065 3061
f 3062 3061 3065
f 3062 3065 3066
f 3063 3064 3060
f 3063 3060 3059
usemtl body_dark
f 3067 3068 3069
f 3067 3069 3070
f 3072 3071 3074
f 3072 3074 3073
f 3071 3067 3070
f 3071 3070 3074
f 3068 3072 3073
f 3068 3073 3069
f 3070 3069 3073
f 3070 3073 3074
f 3071 3072 3068
f 3071 3068 3067
usemtl accent_cyan
f 3075 3077 3076
f 3076 3077 3078
f 3077 3079 3078
f 3078 3079 3080
f 3079 3081 3080
f 3080 3081 3082
f 3081 3083 3082
f 3082 3083 3084
f 3083 3085 3084
f 3084 3085 3086
f 3085 3087 3086
f 3086 3087 3088
f 3087 3089 3088
f 3088 3089 3090
f 3089 3091 3090
f 3090 3091 3092
f 3093 3075 3077
f 3094 3078 3076
f 3093 3077 3079
f 3094 3080 3078
f 3093 3079 3081
f 3094 3082 3080
f 3093 3081 3083
f 3094 3084 3082
f 3093 3083 3085
f 3094 3086 3084
f 3093 3085 3087
f 3094 3088 3086
f 3093 3087 3089
f 3094 3090 3088
f 3093 3089 3091
f 3094 3092 3090
usemtl body_light
f 3095 3096 3097
f 3095 3097 3098
f 3100 3099 3102
f 3100 3102 3101
f 3099 3095 3098
f 3099 3098 3102
f 3096 3100 3101
f 3096 3101 3097
f 3098 3097 3101
f 3098 3101 3102
f 3099 3100 3096
f 3099 3096 3095
usemtl body_dark
f 3103 3104 3105
f 3103 3105 3106
f 3108 3107 3110
f 3108 3110 3109
f 3107 3103 3106
f 3107 3106 3110
f 3104 3108 3109
f 3104 3109 3105
f 3106 3105 3109
f 3106 3109 3110
f 3107 3108 3104
f 3107 3104 3103
f 3112 3132 3133
f 3113 3133 3134
f 3114 3134 3135
f 3115 3135 3136
f 3116 3136 3137
f 3117 3137 3138
f 3118 3138 3139
f 3119 3139 3140
f 3120 3140 3141
f 3121 3141 3142
f 3122 3142 3143
f 3123 3143 3144
f 3124 3144 3145
f 3125 3145 3146
f 3126 3146 3147
f 3127 3147 3148
f 3128 3148 3149
f 3129 3149 3150
f 3130 3150 3151
f 3131 3151 3152
f 3132 3153 3133
f 3133 3153 3154
f 3133 3154 3134
f 3134 3154 3155
f 3134 3155 3135
f 3135 3155 3156
f 3135 3156 3136
f 3136 3156 3157
f 3136 3157 3137
f 3137 3157 3158
f 3137 3158 3138
f 3138 3158 3159
f 3138 3159 3139
f 3139 3159 3160
f 3139 3160 3140
f 3140 3160 3161
f 3140 3161 3141
f 3141 3161 3162
f 3141 3162 3142
f 3142 3162 3163
f 3142 3163 3143
f 3143 3163 3164
f 3143 3164 3144
f 3144 3164 3165
f 3144 3165 3145
f 3145 3165 3166
f 3145 3166 3146
f 3146 3166 3167
f 3146 3167 3147
f 3147 3167 3168
f 3147 3168 3148
f 3148 3168 3169
f 3148 3169 3149
f 3149 3169 3170
f 3149 3170 3150
f 3150 3170 3171
f 3150 3171 3151
f 3151 3171 3172
f 3151 3172 3152
f 3152 3172 3173
f 3153 3174 3154
f 3154 3174 3175
f 3154 3175 3155
f 3155 3175 3176
f 3155 3176 3156
f 3156 3176 3177
f 3156 3177 3157
f 3157 3177 3178
f 3157 3178 3158
f 3158 3178 3179
f 3158 3179 3159
f 3159 3179 3180
f 3159 3180 3160
f 3160 3180 3181
f 3160 3181 3161
f 3161 3181 3182
f 3161 3182 3162
f 3162 3182 3183
f 3162 3183 3163
f 3163 3183 3184
f 3163 3184 3164
f 3164 3184 3185
f 3164 3185 3165
f 3165 3185 3186
f 3165 3186 3166
f 3166 3186 3187
f 3166 3187 3167
f 3167 3187 3188
f 3167 3188 3168
f 3168 3188 3189
f 3168 3189 3169
f 3169 3189 3190
f 3169 3190 3170
f 3170 3190 3191
f 3170 3191 3171
f 3171 3191 3192
f 3171 3192 3172
f 3172 3192 3193
f 3172 3193 3173
f 3173 3193 3194
f 3174 3195 3175
f 3175 3195 3196
f 3175 3196 3176
f 3176 3196 3197
f 3176 3197 3177
f 3177 3197 3198
f 3177 3198 3178
f 3178 3198 3199
f 3178 3199 3179
f 3179 3199 3200
f 3179 3200 3180
f 3180 3200 3201
f 3180 3201 3181
f 3181 3201 3202
f 3181 3202 3182
f 3182 3202 3203
f 3182 3203 3183
f 3183 3203 3204
f 3183 3204 3184
f 3184 3204 3205
f 3184 3205 3185
f 3185 3205 3206
f 3185 3206 3186
f 3186 3206 3207
f 3186 3207 3187
f 3187 3207 3208
f 3187 3208 3188
f 3188 3208 3209
f 3188 3209 3189
f 3189 3209 3210
f 3189 3210 3190
f 3190 3210 3211
f 3190 3211 3191
f 3191 3211 3212
f 3191 3212 3192
f 3192 3212 3213
f 3192 3213 3193
f 3193 3213 3214
f 3193 3214 3194
f 3194 3214 3215
f 3195 3216 3196
f 3196 3216 3217
f 3196 3217 3197
f 3197 3217 3218
f 3197 3218 3198
f 3198 3218 3219
f 3198 3219 3199
f 3199 3219 3220
f 3199 3220 3200
f 3200 3220 3221
f 3200 3221 3201
f 3201 3221 3222
f 3201 3222 3202
f 3202 3222 3223
f 3202 3223 3203
f 3203 3223 3224
f 3203 3224 3204
f 3204 3224 3225
f 3204 3225 3205
f 3205 3225 3226
f 3205 3226 3206
f 3206 3226 3227
f 3206 3227 3207
f 3207 3227 3228
f 3207 3228 3208
f 3208 3228 3229
f 3208 3229 3209
f 3209 3229 3230
f 3209 3230 3210
f 3210 3230 3231
f 3210 3231 3211
f 3211 3231 3232
f 3211 3232 3212
f 3212 3232 3233
f 3212 3233 3213
f 3213 3233 3234
f 3213 3234 3214
f 3214 3234 3235
f 3214 3235 3215
f 3215 3235 3236
f 3216 3237 3217
f 3217 3237 3238
f 3217 3238 3218
f 3218 3238 3239
f 3218 3239 3219
f 3219 3239 3240
f 3219 3240 3220
f 3220 3240 3241
f 3220 3241 3221
f 3221 3241 3242
f 3221 3242 3222
f 3222 3242 3243
f 3222 3243 3223
f 3223 3243 3244
f 3223 3244 3224
f 3224 3244 3245
f 3224 3245 3225
f 3225 3245 3246
f 3225 3246 3226
f 3226 3246 3247
f 3226 3247 3227
f 3227 3247 3248
f 3227 3248 3228
f 3228 3248 3249
f 3228 3249 3229
f 3229 3249 3250
f 3229 3250 3230
f 3230 3250 3251
f 3230 3251 3231
f 3231 3251 3252
f 3231 3252 3232
f 3232 3252 3253
f 3232 3253 3233
f 3233 3253 3254
f 3233 3254 3234
f 3234 3254 3255
f 3234 3255 3235
f 3235 3255 3256
f 3235 3256 3236
f 3236 3256 3257
f 3237 3258 3238
f 3238 3258 3259
f 3238 3259 3239
f 3239 3259 3260
f 3239 3260 3240
f 3240 3260 3261
f 3240 3261 3241
f 3241 3261 3262
f 3241 3262 3242
f 3242 3262 3263
f 3242 3263 3243
f 3243 3263 3264
f 3243 3264 3244
f 3244 3264 3265
f 3244 3265 3245
f 3245 3265 3266
f 3245 3266 3246
f 3246 3266 3267
f 3246 3267 3247
f 3247 3267 3268
f 3247 3268 3248
f 3248 3268 3269
f 3248 3269 3249
f 3249 3269 3270
f 3249 3270 3250
f 3250 3270 3271
f 3250 3271 3251
f 3251 3271 3272
f 3251 3272 3252
f 3252 3272 3273
f 3252 3273 3253
f 3253 3273 3274
f 3253 3274 3254
f 3254 3274 3275
f 3254 3275 3255
f 3255 3275 3276
f 3255 3276 3256
f 3256 3276 3277
f 3256 3277 3257
f 3257 3277 3278
f 3258 3279 3259
f 3259 3279 3280
f 3259 3280 3260
f 3260 3280 3281
f 3260 3281 3261
f 3261 3281 3282
f 3261 3282 3262
f 3262 3282 3283
f 3262 3283 3263
f 3263 3283 3284
f 3263 3284 3264
f 3264 3284 3285
f 3264 3285 3265
f 3265 3285 3286
f 3265 3286 3266
f 3266 3286 3287
f 3266 3287 3267
f 3267 3287 3288
f 3267 3288 3268
f 3268 3288 3289
f 3268 3289 3269
f 3269 3289 3290
f 3269 3290 3270
f 3270 3290 3291
f 3270 3291 3271
f 3271 3291 3292
f 3271 3292 3272
f 3272 3292 3293
f 3272 3293 3273
f 3273 3293 3294
f 3273 3294 3274
f 3274 3294 3295
f 3274 3295 3275
f 3275 3295 3296
f 3275 3296 3276
f 3276 3296 3297
f 3276 3297 3277
f 3277 3297 3298
f 3277 3298 3278
f 3278 3298 3299
f 3279 3300 3280
f 3280 3300 3301
f 3280 3301 3281
f 3281 3301 3302
f 3281 3302 3282
f 3282 3302 3303
f 3282 3303 3283
f 3283 3303 3304
f 3283 3304 3284
f 3284 3304 3305
f 3284 3305 3285
f 3285 3305 3306
f 3285 3306 3286
f 3286 3306 3307
f 3286 3307 3287
f 3287 3307 3308
f 3287 3308 3288
f 3288 3308 3309
f 3288 3309 3289
f 3289 3309 3310
f 3289 3310 3290
f 3290 3310 3311
f 3290 3311 3291
f 3291 3311 3312
f 3291 3312 3292
f 3292 3312 3313
f 3292 3313 3293
f 3293 3313 3314
f 3293 3314 3294
f 3294 3314 3315
f 3294 3315 3295
f 3295 3315 3316
f 3295 3316 3296
f 3296 3316 3317
f 3296 3317 3297
f 3297 3317 3318
f 3297 3318 3298
f 3298 3318 3319
f 3298 3319 3299
f 3299 3319 3320
f 3300 3321 3301
f 3301 3321 3322
f 3301 3322 3302
f 3302 3322 3323
f 3302 3323 3303
f 3303 3323 3324
f 3303 3324 3304
f 3304 3324 3325
f 3304 3325 3305
f 3305 3325 3326
f 3305 3326 3306
f 3306 3326 3327
f 3306 3327 3307
f 3307 3327 3328
f 3307 3328 3308
f 3308 3328 3329
f 3308 3329 3309
f 3309 3329 3330
f 3309 3330 3310
f 3310 3330 3331
f 3310 3331 3311
f 3311 3331 3332
f 3311 3332 3312
f 3312 3332 3333
f 3312 3333 3313
f 3313 3333 3334
f 3313 3334 3314
f 3314 3334 3335
f 3314 3335 3315
f 3315 3335 3336
f 3315 3336 3316
f 3316 3336 3337
f 3316 3337 3317
f 3317 3337 3338
f 3317 3338 3318
f 3318 3338 3339
f 3318 3339 3319
f 3319 3339 3340
f 3319 3340 3320
f 3320 3340 3341
f 3321 3342 3322
f 3322 3342 3343
f 3322 3343 3323
f 3323 3343 3344
f 3323 3344 3324
f 3324 3344 3345
f 3324 3345 3325
f 3325 3345 3346
f 3325 3346 3326
f 3326 3346 3347
f 3326 3347 3327
f 3327 3347 3348
f 3327 3348 3328
f 3328 3348 3349
f 3328 3349 3329
f 3329 3349 3350
f 3329 3350 3330
f 3330 3350 3351
f 3330 3351 3331
f 3331 3351 3352
f 3331 3352 3332
f 3332 3352 3353
f 3332 3353 3333
f 3333 3353 3354
f 3333 3354 3334
f 3334 3354 3355
f 3334 3355 3335
f 3335 3355 3356
f 3335 3356 3336
f 3336 3356 3357
f 3336 3357 3337
f 3337 3357 3358
f 3337 3358 3338
f 3338 3358 3359
f 3338 3359 3339
f 3339 3359 3360
f 3339 3360 3340
f 3340 3360 3361
f 3340 3361 3341
f 3341 3361 3362
f 3342 3363 3343
f 3343 3363 3364
f 3343 3364 3344
f 3344 3364 3365
f 3344 3365 3345
f 3345 3365 3366
f 3345 3366 3346
f 3346 3366 3367
f 3346 3367 3347
f 3347 3367 3368
f 3347 3368 3348
f 3348 3368 3369
f 3348 3369 3349
f 3349 3369 3370
f 3349 3370 3350
f 3350 3370 3371
f 3350 3371 3351
f 3351 3371 3372
f 3351 3372 3352
f 3352 3372 3373
f 3352 3373 3353
f 3353 3373 3374
f 3353 3374 3354
f 3354 3374 3375
f 3354 3375 3355
f 3355 3375 3376
f 3355 3376 3356
f 3356 3376 3377
f 3356 3377 3357
f 3357 3377 3378
f 3357 3378 3358
f 3358 3378 3379
f 3358 3379 3359
f 3359 3379 3380
f 3359 3380 3360
f 3360 3380 3381
f 3360 3381 3361
f 3361 3381 3382
f 3361 3382 3362
f 3362 3382 3383
f 3363 3384 3364
f 3364 3384 3385
f 3364 3385 3365
f 3365 3385 3386
f 3365 3386 3366
f 3366 3386 3387
f 3366 3387 3367
f 3367 3387 3388
f 3367 3388 3368
f 3368 3388 3389
f 3368 3389 3369
f 3369 3389 3390
f 3369 3390 3370
f 3370 3390 3391
f 3370 3391 3371
f 3371 3391 3392
f 3371 3392 3372
f 3372 3392 3393
f 3372 3393 3373
f 3373 3393 3394
f 3373 3394 3374
f 3374 3394 3395
f 3374 3395 3375
f 3375 3395 3396
f 3375 3396 3376
f 3376 3396 3397
f 3376 3397 3377
f 3377 3397 3398
f 3377 3398 3378
f 3378 3398 3399
f 3378 3399 3379
f 3379 3399 3400
f 3379 3400 3380
f 3380 3400 3401
f 3380 3401 3381
f 3381 3401 3402
f 3381 3402 3382
f 3382 3402 3403
f 3382 3403 3383
f 3383 3403 3404
f 3384 3405 3385
f 3385 3406 3386
f 3386 3407 3387
f 3387 3408 3388
f 3388 3409 3389
f 3389 3410 3390
f 3390 3411 3391
f 3391 3412 3392
f 3392 3413 3393
f 3393 3414 3394
f 3394 3415 3395
f 3395 3416 3396
f 3396 3417 3397
f 3397 3418 3398
f 3398 3419 3399
f 3399 3420 3400
f 3400 3421 3401
f 3401 3422 3402
f 3402 3423 3403
f 3403 3424 3404
usemtl body_light
f 3426 3428 3427
f 3427 3428 3429
f 3428 3430 3429
f 3429 3430 3431
f 3430 3432 3431
f 3431 3432 3433
f 3432 3434 3433
f 3433 3434 3435
f 3434 3436 3435
f 3435 3436 3437
f 3436 3438 3437
f 3437 3438 3439
f 3438 3440 3439
f 3439 3440 3441
f 3440 3442 3441
f 3441 3442 3443
f 3442 3444 3443
f 3443 3444 3445
f 3444 3446 3445
f 3445 3446 3447
f 3446 3448 3447
f 3447 3448 3449
f 3448 3450 3449
f 3449 3450 3451
f 3450 3452 3451
f 3451 3452 3453
f 3452 3454 3453
f 3453 3454 3455
f 3454 3456 3455
f 3455 3456 3457
f 3456 3458 3457
f 3457 3458 3459
f 3458 3460 3459
f 3459 3460 3461
f 3460 3462 3461
f 3461 3462 3463
f 3464 3426 3428
f 3465 3429 3427
f 3464 3428 3430
f 3465 3431 3429
f 3464 3430 3432
f 3465 3433 3431
f 3464 3432 3434
f 3465 3435 3433
f 3464 3434 3436
f 3465 3437 3435
f 3464 3436 3438
f 3465 3439 3437
f 3464 3438 3440
f 3465 3441 3439
f 3464 3440 3442
f 3465 3443 3441
f 3464 3442 3444
f 3465 3445 3443
f 3464 3444 3446
f 3465 3447 3445
f 3464 3446 3448
f 3465 3449 3447
f 3464 3448 3450
f 3465 3451 3449
f 3464 3450 3452
f 3465 3453 3451
f 3464 3452 3454
f 3465 3455 3453
f 3464 3454 3456
f 3465 3457 3455
f 3464 3456 3458
f 3465 3459 3457
f 3464 3458 3460
f 3465 3461 3459
f 3464 3460 3462
f 3465 3463 3461
usemtl body_dark
f 3467 3487 3488
f 3468 3488 3489
f 3469 3489 3490
f 3470 3490 3491
f 3471 3491 3492
f 3472 3492 3493
f 3473 3493 3494
f 3474 3494 3495
f 3475 3495 3496
f 3476 3496 3497
f 3477 3497 3498
f 3478 3498 3499
f 3479 3499 3500
f 3480 3500 3501
f 3481 3501 3502
f 3482 3502 3503
f 3483 3503 3504
f 3484 3504 3505
f 3485 3505 3506
f 3486 3506 3507
f 3487 3508 3488
f 3488 3508 3509
f 3488 3509 3489
f 3489 3509 3510
f 3489 3510 3490
f 3490 3510 3511
f 3490 3511 3491
f 3491 3511 3512
f 3491 3512 3492
f 3492 3512 3513
f 3492 3513 3493
f 3493 3513 3514
f 3493 3514 3494
f 3494 3514 3515
f 3494 3515 3495
f 3495 3515 3516
f 3495 3516 3496
f 3496 3516 3517
f 3496 3517 3497
f 3497 3517 3518
f 3497 3518 3498
f 3498 3518 3519
f 3498 3519 3499
f 3499 3519 3520
f 3499 3520 3500
f 3500 3520 3521
f 3500 3521 3501
f 3501 3521 3522
f 3501 3522 3502
f 3502 3522 3523
f 3502 3523 3503
f 3503 3523 3524
f 3503 3524 3504
f 3504 3524 3525
f 3504 3525 3505
f 3505 3525 3526
f 3505 3526 3506
f 3506 3526 3527
f 3506 3527 3507
f 3507 3527 3528
f 3508 3529 3509
f 3509 3529 3530
f 3509 3530 3510
f 3510 3530 3531
f 3510 3531 3511
f 3511 3531 3532
f 3511 3532 3512
f 3512 3532 3533
f 3512 3533 3513
f 3513 3533 3534
f 3513 3534 3514
f 3514 3534 3535
f 3514 3535 3515
f 3515 3535 3536
f 3515 3536 3516
f 3516 3536 3537
f 3516 3537 3517
f 3517 3537 3538
f 3517 3538 3518
f 3518 3538 3539
f 3518 3539 3519
f 3519 3539 3540
f 3519 3540 3520
f 3520 3540 3541
f 3520 3541 3521
f 3521 3541 3542
f 3521 3542 3522
f 3522 3542 3543
f 3522 3543 3523
f 3523 3543 3544
f 3523 3544 3524
f 3524 3544 3545
f 3524 3545 3525
f 3525 3545 3546
f 3525 3546 3526
f 3526 3546 3547
f 3526 3547 3527
f 3527 3547 3548
f 3527 3548 3528
f 3528 3548 3549
f 3529 3550 3530
f 3530 3550 3551
f 3530 3551 3531
f 3531 3551 3552
f 3531 3552 3532
f 3532 3552 3553
f 3532 3553 3533
f 3533 3553 3554
f 3533 3554 3534
f 3534 3554 3555
f 3534 3555 3535
f 3535 3555 3556
f 3535 3556 3536
f 3536 3556 3557
f 3536 3557 3537
f 3537 3557 3558
f 3537 3558 3538
f 3538 3558 3559
f 3538 3559 3539
f 3539 3559 3560
f 3539 3560 3540
f 3540 3560 3561
f 3540 3561 3541
f 3541 3561 3562
f 3541 3562 3542
f 3542 3562 3563
f 3542 3563 3543
f 3543 3563 3564
f 3543 3564 3544
f 3544 3564 3565
f 3544 3565 3545
f 3545 3565 3566
f 3545 3566 3546
f 3546 3566 3567
f 3546 3567 3547
f 3547 3567 3568
f 3547 3568 3548
f 3548 3568 3569
f 3548 3569 3549
f 3549 3569 3570
f 3550 3571 3551
f 3551 3571 3572
f 3551 3572 3552
f 3552 3572 3573
f 3552 3573 3553
f 3553 3573 3574
f 3553 3574 3554
f 3554 3574 3575
f 3554 3575 3555
f 3555 3575 3576
f 3555 3576 3556
f 3556 3576 3577
f 3556 3577 3557
f 3557 3577 3578
f 3557 3578 3558
f 3558 3578 3579
f 3558 3579 3559
f 3559 3579 3580
f 3559 3580 3560
f 3560 3580 3581
f 3560 3581 3561
f 3561 3581 3582
f 3561 3582 3562
f 3562 3582 3583
f 3562 3583 3563
f 3563 3583 3584
f 3563 3584 3564
f 3564 3584 3585
f 3564 3585 3565
f 3565 3585 3586
f 3565 3586 3566
f 3566 3586 3587
f 3566 3587 3567
f 3567 3587 3588
f 3567 3588 3568
f 3568 3588 3589
f 3568 3589 3569
f 3569 3589 3590
f 3569 3590 3570
f 3570 3590 3591
f 3571 3592 3572
f 3572 3592 3593
f 3572 3593 3573
f 3573 3593 3594
f 3573 3594 3574
f 3574 3594 3595
f 3574 3595 3575
f 3575 3595 3596
f 3575 3596 3576
f 3576 3596 3597
f 3576 3597 3577
f 3577 3597 3598
f 3577 3598 3578
f 3578 3598 3599
f 3578 3599 3579
f 3579 3599 3600
f 3579 3600 3580
f 3580 3600 3601
f 3580 3601 3581
f 3581 3601 3602
f 3581 3602 3582
f 3582 3602 3603
f 3582 3603 3583
f 3583 3603 3604
f 3583 3604 3584
f 3584 3604 3605
f 3584 3605 3585
f 3585 3605 3606
f 3585 3606 3586
f 3586 3606 3607
f 3586 3607 3587
f 3587 3607 3608
f 3587 3608 3588
f 3588 3608 3609
f 3588 3609 3589
f 3589 3609 3610
f 3589 3610 3590
f 3590 3610 3611
f 3590 3611 3591
f 3591 3611 3612
f 3592 3613 3593
f 3593 3613 3614
f 3593 3614 3594
f 3594 3614 3615
f 3594 3615 3595
f 3595 3615 3616
f 3595 3616 3596
f 3596 3616 3617
f 3596 3617 3597
f 3597 3617 3618
f 3597 3618 3598
f 3598 3618 3619
f 3598 3619 3599
f 3599 3619 3620
f 3599 3620 3600
f 3600 3620 3621
f 3600 3621 3601
f 3601 3621 3622
f 3601 3622 3602
f 3602 3622 3623
f 3602 3623 3603
f 3603 3623 3624
f 3603 3624 3604
f 3604 3624 3625
f 3604 3625 3605
f 3605 3625 3626
f 3605 3626 3606
f 3606 3626 3627
f 3606 3627 3607
f 3607 3627 3628
f 3607 3628 3608
f 3608 3628 3629
f 3608 3629 3609
f 3609 3629 3630
f 3609 3630 3610
f 3610 3630 3631
f 3610 3631 3611
f 3611 3631 3632
f 3611 3632 3612
f 3612 3632 3633
f 3613 3634 3614
f 3614 3634 3635
f 3614 3635 3615
f 3615 3635 3636
f 3615 3636 3616
f 3616 3636 3637
f 3616 3637 3617
f 3617 3637 3638
f 3617 3638 3618
f 3618 3638 3639
f 3618 3639 3619
f 3619 3639 3640
f 3619 3640 3620
f 3620 3640 3641
f 3620 3641 3621
f 3621 3641 3642
f 3621 3642 3622
f 3622 3642 3643
f 3622 3643 3623
f 3623 3643 3644
f 3623 3644 3624
f 3624 3644 3645
f 3624 3645 3625
f 3625 3645 3646
f 3625 3646 3626
f 3626 3646 3647
f 3626 3647 3627
f 3627 3647 3648
f 3627 3648 3628
f 3628 3648 3649
f 3628 3649 3629
f 3629 3649 3650
f 3629 3650 3630
f 3630 3650 3651
f 3630 3651 3631
f 3631 3651 3652
f 3631 3652 3632
f 3632 3652 3653
f 3632 3653 3633
f 3633 3653 3654
f 3634 3655 3635
f 3635 3655 3656
f 3635 3656 3636
f 3636 3656 3657
f 3636 3657 3637
f 3637 3657 3658
f 3637 3658 3638
f 3638 3658 3659
f 3638 3659 3639
f 3639 3659 3660
f 3639 3660 3640
f 3640 3660 3661
f 3640 3661 3641
f 3641 3661 3662
f 3641 3662 3642
f 3642 3662 3663
f 3642 3663 3643
f 3643 3663 3664
f 3643 3664 3644
f 3644 3664 3665
f 3644 3665 3645
f 3645 3665 3666
f 3645 3666 3646
f 3646 3666 3667
f 3646 3667 3647
f 3647 3667 3668
f 3647 3668 3648
f 3648 3668 3669
f 3648 3669 3649
f 3649 3669 3670
f 3649 3670 3650
f 3650 3670 3671
f 3650 3671 3651
f 3651 3671 3672
f 3651 3672 3652
f 3652 3672 3673
f 3652 3673 3653
f 3653 3673 3674
f 3653 3674 3654
f 3654 3674 3675
f 3655 3676 3656
f 3656 3676 3677
f 3656 3677 3657
f 3657 3677 3678
f 3657 3678 3658
f 3658 3678 3679
f 3658 3679 3659
f 3659 3679 3680
f 3659 3680 3660
f 3660 3680 3681
f 3660 3681 3661
f 3661 3681 3682
f 3661 3682 3662
f 3662 3682 3683
f 3662 3683 3663
f 3663 3683 3684
f 3663 3684 3664
f 3664 3684 3685
f 3664 3685 3665
f 3665 3685 3686
f 3665 3686 3666
f 3666 3686 3687
f 3666 3687 3667
f 3667 3687 3688
f 3667 3688 3668
f 3668 3688 3689
f 3668 3689 3669
f 3669 3689 3690
f 3669 3690 3670
f 3670 3690 3691
f 3670 3691 3671
f 3671 3691 3692
f 3671 3692 3672
f 3672 3692 3693
f 3672 3693 3673
f 3673 3693 3694
f 3673 3694 3674
f 3674 3694 3695
f 3674 3695 3675
f 3675 3695 3696
f 3676 3697 3677
f 3677 3697 3698
f 3677 3698 3678
f 3678 3698 3699
f 3678 3699 3679
f 3679 3699 3700
f 3679 3700 3680
f 3680 3700 3701
f 3680 3701 3681
f 3681 3701 3702
f 3681 3702 3682
f 3682 3702 3703
f 3682 3703 3683
f 3683 3703 3704
f 3683 3704 3684
f 3684 3704 3705
f 3684 3705 3685
f 3685 3705 3706
f 3685 3706 3686
f 3686 3706 3707
f 3686 3707 3687
f 3687 3707 3708
f 3687 3708 3688
f 3688 3708 3709
f 3688 3709 3689
f 3689 3709 3710
f 3689 3710 3690
f 3690 3710 3711
f 3690 3711 3691
f 3691 3711 3712
f 3691 3712 3692
f 3692 3712 3713
f 3692 3713 3693
f 3693 3713 3714
f 3693 3714 3694
f 3694 3714 3715
f 3694 3715 3695
f 3695 3715 3716
f 3695 3716 3696
f 3696 3716 3717
f 3697 3718 3698
f 3698 3718 3719
f 3698 3719 3699
f 3699 3719 3720
f 3699 3720 3700
f 3700 3720 3721
f 3700 3721 3701
f 3701 3721 3722
f 3701 3722 3702
f 3702 3722 3723
f 3702 3723 3703
f 3703 3723 3724
f 3703 3724 3704
f 3704 3724 3725
f 3704 3725 3705
f 3705 3725 3726
f 3705 3726 3706
f 3706 3726 3727
f 3706 3727 3707
f 3707 3727 3728
f 3707 3728 3708
f 3708 3728 3729
f 3708 3729 3709
f 3709 3729 3730
f 3709 3730 3710
f 3710 3730 3731
f 3710 3731 3711
f 3711 3731 3732
f 3711 3732 3712
f 3712 3732 3733
f 3712 3733 3713
f 3713 3733 3734
f 3713 3734 3714
f 3714 3734 3735
f 3714 3735 3715
f 3715 3735 3736
f 3715 3736 3716
f 3716 3736 3737
f 3716 3737 3717
f 3717 3737 3738
f 3718 3739 3719
f 3719 3739 3740
f 3719 3740 3720
f 3720 3740 3741
f 3720 3741 3721
f 3721 3741 3742
f 3721 3742 3722
f 3722 3742 3743
f 3722 3743 3723
f 3723 3743 3744
f 3723 3744 3724
f 3724 3744 3745
f 3724 3745 3725
f 3725 3745 3746
f 3725 3746 3726
f 3726 3746 3747
f 3726 3747 3727
f 3727 3747 3748
f 3727 3748 3728
f 3728 3748 3749
f 3728 3749 3729
f 3729 3749 3750
f 3729 3750 3730
f 3730 3750 3751
f 3730 3751 3731
f 3731 3751 3752
f 3731 3752 3732
f 3732 3752 3753
f 3732 3753 3733
f 3733 3753 3754
f 3733 3754 3734
f 3734 3754 3755
f 3734 3755 3735
f 3735 3755 3756
f 3735 3756 3736
f 3736 3756 3757
f 3736 3757 3737
f 3737 3757 3758
f 3737 3758 3738
f 3738 3758 3759
f 3739 3760 3740
f 3740 3761 3741
f 3741 3762 3742
f 3742 3763 3743
f 3743 3764 3744
f 3744 3765 3745
f 3745 3766 3746
f 3746 3767 3747
f 3747 3768 3748
f 3748 3769 3749
f 3749 3770 3750
f 3750 3771 3751
f 3751 3772 3752
f 3752 3773 3753
f 3753 3774 3754
f 3754 3775 3755
f 3755 3776 3756
f 3756 3777 3757
f 3757 3778 3758
f 3758 3779 3759
usemtl body_mid
f 3781 3783 3782
f 3782 3783 3784
f 3783 3785 3784
f 3784 3785 3786
f 3785 3787 3786
f 3786 3787 3788
f 3787 3789 3788
f 3788 3789 3790
f 3789 3791 3790
f 3790 3791 3792
f 3791 3793 3792
f 3792 3793 3794
f 3793 3795 3794
f 3794 3795 3796
f 3795 3797 3796
f 3796 3797 3798
f 3797 3799 3798
f 3798 3799 3800
f 3799 3801 3800
f 3800 3801 3802
f 3801 3803 3802
f 3802 3803 3804
f 3803 3805 3804
f 3804 3805 3806
f 3805 3807 3806
f 3806 3807 3808
f 3807 3809 3808
f 3808 3809 3810
f 3809 3811 3810
f 3810 3811 3812
f 3811 3813 3812
f 3812 3813 3814
f 3813 3815 3814
f 3814 3815 3816
f 3815 3817 3816
f 3816 3817 3818
f 3819 3781 3783
f 3820 3784 3782
f 3819 3783 3785
f 3820 3786 3784
f 3819 3785 3787
f 3820 3788 3786
f 3819 3787 3789
f 3820 3790 3788
f 3819 3789 3791
f 3820 3792 3790
f 3819 3791 3793
f 3820 3794 3792
f 3819 3793 3795
f 3820 3796 3794
f 3819 3795 3797
f 3820 3798 3796
f 3819 3797 3799
f 3820 3800 3798
f 3819 3799 3801
f 3820 3802 3800
f 3819 3801 3803
f 3820 3804 3802
f 3819 3803 3805
f 3820 3806 3804
f 3819 3805 3807
f 3820 3808 3806
f 3819 3807 3809
f 3820 3810 3808
f 3819 3809 3811
f 3820 3812 3810
f 3819 3811 3813
f 3820 3814 3812
f 3819 3813 3815
f 3820 3816 3814
f 3819 3815 3817
f 3820 3818 3816
usemtl body_dark
f 3822 3842 3843
f 3823 3843 3844
f 3824 3844 3845
f 3825 3845 3846
f 3826 3846 3847
f 3827 3847 3848
f 3828 3848 3849
f 3829 3849 3850
f 3830 3850 3851
f 3831 3851 3852
f 3832 3852 3853
f 3833 3853 3854
f 3834 3854 3855
f 3835 3855 3856
f 3836 3856 3857
f 3837 3857 3858
f 3838 3858 3859
f 3839 3859 3860
f 3840 3860 3861
f 3841 3861 3862
f 3842 3863 3843
f 3843 3863 3864
f 3843 3864 3844
f 3844 3864 3865
f 3844 3865 3845
f 3845 3865 3866
f 3845 3866 3846
f 3846 3866 3867
f 3846 3867 3847
f 3847 3867 3868
f 3847 3868 3848
f 3848 3868 3869
f 3848 3869 3849
f 3849 3869 3870
f 3849 3870 3850
f 3850 3870 3871
f 3850 3871 3851
f 3851 3871 3872
f 3851 3872 3852
f 3852 3872 3873
f 3852 3873 3853
f 3853 3873 3874
f 3853 3874 3854
f 3854 3874 3875
f 3854 3875 3855
f 3855 3875 3876
f 3855 3876 3856
f 3856 3876 3877
f 3856 3877 3857
f 3857 3877 3878
f 3857 3878 3858
f 3858 3878 3879
f 3858 3879 3859
f 3859 3879 3880
f 3859 3880 3860
f 3860 3880 3881
f 3860 3881 3861
f 3861 3881 3882
f 3861 3882 3862
f 3862 3882 3883
f 3863 3884 3864
f 3864 3884 3885
f 3864 3885 3865
f 3865 3885 3886
f 3865 3886 3866
f 3866 3886 3887
f 3866 3887 3867
f 3867 3887 3888
f 3867 3888 3868
f 3868 3888 3889
f 3868 3889 3869
f 3869 3889 3890
f 3869 3890 3870
f 3870 3890 3891
f 3870 3891 3871
f 3871 3891 3892
f 3871 3892 3872
f 3872 3892 3893
f 3872 3893 3873
f 3873 3893 3894
f 3873 3894 3874
f 3874 3894 3895
f 3874 3895 3875
f 3875 3895 3896
f 3875 3896 3876
f 3876 3896 3897
f 3876 3897 3877
f 3877 3897 3898
f 3877 3898 3878
f 3878 3898 3899
f 3878 3899 3879
f 3879 3899 3900
f 3879 3900 3880
f 3880 3900 3901
f 3880 3901 3881
f 3881 3901 3902
f 3881 3902 3882
f 3882 3902 3903
f 3882 3903 3883
f 3883 3903 3904
f 3884 3905 3885
f 3885 3905 3906
f 3885 3906 3886
f 3886 3906 3907
f 3886 3907 3887
f 3887 3907 3908
f 3887 3908 3888
f 3888 3908 3909
f 3888 3909 3889
f 3889 3909 3910
f 3889 3910 3890
f 3890 3910 3911
f 3890 3911 3891
f 3891 3911 3912
f 3891 3912 3892
f 3892 3912 3913
f 3892 3913 3893
f 3893 3913 3914
f 3893 3914 3894
f 3894 3914 3915
f 3894 3915 3895
f 3895 3915 3916
f 3895 3916 3896
f 3896 3916 3917
f 3896 3917 3897
f 3897 3917 3918
f 3897 3918 3898
f 3898 3918 3919
f 3898 3919 3899
f 3899 3919 3920
f 3899 3920 3900
f 3900 3920 3921
f 3900 3921 3901
f 3901 3921 3922
f 3901 3922 3902
f 3902 3922 3923
f 3902 3923 3903
f 3903 3923 3924
f 3903 3924 3904
f 3904 3924 3925
f 3905 3926 3906
f 3906 3926 3927
f 3906 3927 3907
f 3907 3927 3928
f 3907 3928 3908
f 3908 3928 3929
f 3908 3929 3909
f 3909 3929 3930
f 3909 3930 3910
f 3910 3930 3931
f 3910 3931 3911
f 3911 3931 3932
f 3911 3932 3912
f 3912 3932 3933
f 3912 3933 3913
f 3913 3933 3934
f 3913 3934 3914
f 3914 3934 3935
f 3914 3935 3915
f 3915 3935 3936
f 3915 3936 3916
f 3916 3936 3937
f 3916 3937 3917
f 3917 3937 3938
f 3917 3938 3918
f 3918 3938 3939
f 3918 3939 3919
f 3919 3939 3940
f 3919 3940 3920
f 3920 3940 3941
f 3920 3941 3921
f 3921 3941 3942
f 3921 3942 3922
f 3922 3942 3943
f 3922 3943 3923
f 3923 3943 3944
f 3923 3944 3924
f 3924 3944 3945
f 3924 3945 3925
f 3925 3945 3946
f 3926 3947 3927
f 3927 3947 3948
f 3927 3948 3928
f 3928 3948 3949
f 3928 3949 3929
f 3929 3949 3950
f 3929 3950 3930
f 3930 3950 3951
f 3930 3951 3931
f 3931 3951 3952
f 3931 3952 3932
f 3932 3952 3953
f 3932 3953 3933
f 3933 3953 3954
f 3933 3954 3934
f 3934 3954 3955
f 3934 3955 3935
f 3935 3955 3956
f 3935 3956 3936
f 3936 3956 3957
f 3936 3957 3937
f 3937 3957 3958
f 3937 3958 3938
f 3938 3958 3959
f 3938 3959 3939
f 3939 3959 3960
f 3939 3960 3940
f 3940 3960 3961
f 3940 3961 3941
f 3941 3961 3962
f 3941 3962 3942
f 3942 3962 3963
f 3942 3963 3943
f 3943 3963 3964
f 3943 3964 3944
f 3944 3964 3965
f 3944 3965 3945
f 3945 3965 3966
f 3945 3966 3946
f 3946 3966 3967
f 3947 3968 3948
f 3948 3968 3969
f 3948 3969 3949
f 3949 3969 3970
f 3949 3970 3950
f 3950 3970 3971
f 3950 3971 3951
f 3951 3971 3972
f 3951 3972 3952
f 3952 3972 3973
f 3952 3973 3953
f 3953 3973 3974
f 3953 3974 3954
f 3954 3974 3975
f 3954 3975 3955
f 3955 3975 3976
f 3955 3976 3956
f 3956 3976 3977
f 3956 3977 3957
f 3957 3977 3978
f 3957 3978 3958
f 3958 3978 3979
f 3958 3979 3959
f 3959 3979 3980
f 3959 3980 3960
f 3960 3980 3981
f 3960 3981 3961
f 3961 3981 3982
f 3961 3982 3962
f 3962 3982 3983
f 3962 3983 3963
f 3963 3983 3984
f 3963 3984 3964
f 3964 3984 3985
f 3964 3985 3965
f 3965 3985 3986
f 3965 3986 3966
f 3966 3986 3987
f 3966 3987 3967
f 3967 3987 3988
f 3968 3989 3969
f 3969 3989 3990
f 3969 3990 3970
f 3970 3990 3991
f 3970 3991 3971
f 3971 3991 3992
f 3971 3992 3972
f 3972 3992 3993
f 3972 3993 3973
f 3973 3993 3994
f 3973 3994 3974
f 3974 3994 3995
f 3974 3995 3975
f 3975 3995 3996
f 3975 3996 3976
f 3976 3996 3997
f 3976 3997 3977
f 3977 3997 3998
f 3977 3998 3978
f 3978 3998 3999
f 3978 3999 3979
f 3979 3999 4000
f 3979 4000 3980
f 3980 4000 4001
f 3980 4001 3981
f 3981 4001 4002
f 3981 4002 3982
f 3982 4002 4003
f 3982 4003 3983
f 3983 4003 4004
f 3983 4004 3984
f 3984 4004 4005
f 3984 4005 3985
f 3985 4005 4006
f 3985 4006 3986
f 3986 4006 4007
f 3986 4007 3987
f 3987 4007 4008
f 3987 4008 3988
f 3988 4008 4009
f 3989 4010 3990
f 3990 4010 4011
f 3990 4011 3991
f 3991 4011 4012
f 3991 4012 3992
f 3992 4012 4013
f 3992 4013 3993
f 3993 4013 4014
f 3993 4014 3994
f 3994 4014 4015
f 3994 4015 3995
f 3995 4015 4016
f 3995 4016 3996
f 3996 4016 4017
f 3996 4017 3997
f 3997 4017 4018
f 3997 4018 3998
f 3998 4018 4019
f 3998 4019 3999
f 3999 4019 4020
f 3999 4020 4000
f 4000 4020 4021
f 4000 4021 4001
f 4001 4021 4022
f 4001 4022 4002
f 4002 4022 4023
f 4002 4023 4003
f 4003 4023 4024
f 4003 4024 4004
f 4004 4024 4025
f 4004 4025 4005
f 4005 4025 4026
f 4005 4026 4006
f 4006 4026 4027
f 4006 4027 4007
f 4007 4027 4028
f 4007 4028 4008
f 4008 4028 4029
f 4008 4029 4009
f 4009 4029 4030
f 4010 4031 4011
f 4011 4031 4032
f 4011 4032 4012
f 4012 4032 4033
f 4012 4033 4013
f 4013 4033 4034
f 4013 4034 4014
f 4014 4034 4035
f 4014 4035 4015
f 4015 4035 4036
f 4015 4036 4016
f 4016 4036 4037
f 4016 4037 4017
f 4017 4037 4038
f 4017 4038 4018
f 4018 4038 4039
f 4018 4039 4019
f 4019 4039 4040
f 4019 4040 4020
f 4020 4040 4041
f 4020 4041 4021
f 4021 4041 4042
f 4021 4042 4022
f 4022 4042 4043
f 4022 4043 4023
f 4023 4043 4044
f 4023 4044 4024
f 4024 4044 4045
f 4024 4045 4025
f 4025 4045 4046
f 4025 4046 4026
f 4026 4046 4047
f 4026 4047 4027
f 4027 4047 4048
f 4027 4048 4028
f 4028 4048 4049
f 4028 4049 4029
f 4029 4049 4050
f 4029 4050 4030
f 4030 4050 4051
f 4031 4052 4032
f 4032 4052 4053
f 4032 4053 4033
f 4033 4053 4054
f 4033 4054 4034
f 4034 4054 4055
f 4034 4055 4035
f 4035 4055 4056
f 4035 4056 4036
f 4036 4056 4057
f 4036 4057 4037
f 4037 4057 4058
f 4037 4058 4038
f 4038 4058 4059
f 4038 4059 4039
f 4039 4059 4060
f 4039 4060 4040
f 4040 4060 4061
f 4040 4061 4041
f 4041 4061 4062
f 4041 4062 4042
f 4042 4062 4063
f 4042 4063 4043
f 4043 4063 4064
f 4043 4064 4044
f 4044 4064 4065
f 4044 4065 4045
f 4045 4065 4066
f 4045 4066 4046
f 4046 4066 4067
f 4046 4067 4047
f 4047 4067 4068
f 4047 4068 4048
f 4048 4068 4069
f 4048 4069 4049
f 4049 4069 4070
f 4049 4070 4050
f 4050 4070 4071
f 4050 4071 4051
f 4051 4071 4072
f 4052 4073 4053
f 4053 4073 4074
f 4053 4074 4054
f 4054 4074 4075
f 4054 4075 4055
f 4055 4075 4076
f 4055 4076 4056
f 4056 4076 4077
f 4056 4077 4057
f 4057 4077 4078
f 4057 4078 4058
f 4058 4078 4079
f 4058 4079 4059
f 4059 4079 4080
f 4059 4080 4060
f 4060 4080 4081
f 4060 4081 4061
f 4061 4081 4082
f 4061 4082 4062
f 4062 4082 4083
f 4062 4083 4063
f 4063 4083 4084
f 4063 4084 4064
f 4064 4084 4085
f 4064 4085 4065
f 4065 4085 4086
f 4065 4086 4066
f 4066 4086 4087
f 4066 4087 4067
f 4067 4087 4088
f 4067 4088 4068
f 4068 4088 4089
f 4068 4089 4069
f 4069 4089 4090
f 4069 4090 4070
f 4070 4090 4091
f 4070 4091 4071
f 4071 4091 4092
f 4071 4092 4072
f 4072 4092 4093
f 4073 4094 4074
f 4074 4094 4095
f 4074 4095 4075
f 4075 4095 4096
f 4075 4096 4076
f 4076 4096 4097
f 4076 4097 4077
f 4077 4097 4098
f 4077 4098 4078
f 4078 4098 4099
f 4078 4099 4079
f 4079 4099 4100
f 4079 4100 4080
f 4080 4100 4101
f 4080 4101 4081
f 4081 4101 4102
f 4081 4102 4082
f 4082 4102 4103
f 4082 4103 4083
f 4083 4103 4104
f 4083 4104 4084
f 4084 4104 4105
f 4084 4105 4085
f 4085 4105 4106
f 4085 4106 4086
f 4086 4106 4107
f 4086 4107 4087
f 4087 4107 4108
f 4087 4108 4088
f 4088 4108 4109
f 4088 4109 4089
f 4089 4109 4110
f 4089 4110 4090
f 4090 4110 4111
f 4090 4111 4091
f 4091 4111 4112
f 4091 4112 4092
f 4092 4112 4113
f 4092 4113 4093
f 4093 4113 4114
f 4094 4115 4095
f 4095 4116 4096
f 4096 4117 4097
f 4097 4118 4098
f 4098 4119 4099
f 4099 4120 4100
f 4100 4121 4101
f 4101 4122 4102
f 4102 4123 4103
f 4103 4124 4104
f 4104 4125 4105
f 4105 4126 4106
f 4106 4127 4107
f 4107 4128 4108
f 4108 4129 4109
f 4109 4130 4110
f 4110 4131 4111
f 4111 4132 4112
f 4112 4133 4113
f 4113 4134 4114
usemtl accent_cyan
f 4136 4138 4137
f 4137 4138 4139
f 4138 4140 4139
f 4139 4140 4141
f 4140 4142 4141
f 4141 4142 4143
f 4142 4144 4143
f 4143 4144 4145
f 4144 4146 4145
f 4145 4146 4147
f 4146 4148 4147
f 4147 4148 4149
f 4148 4150 4149
f 4149 4150 4151
f 4150 4152 4151
f 4151 4152 4153
f 4154 4136 4138
f 4155 4139 4137
f 4154 4138 4140
f 4155 4141 4139
f 4154 4140 4142
f 4155 4143 4141
f 4154 4142 4144
f 4155 4145 4143
f 4154 4144 4146
f 4155 4147 4145
f 4154 4146 4148
f 4155 4149 4147
f 4154 4148 4150
f 4155 4151 4149
f 4154 4150 4152
f 4155 4153 4151
usemtl body_mid
f 4156 4157 4158
f 4156 4158 4159
f 4161 4160 4163
f 4161 4163 4162
f 4160 4156 4159
f 4160 4159 4163
f 4157 4161 4162
f 4157 4162 4158
f 4159 4158 4162
f 4159 4162 4163
f 4160 4161 4157
f 4160 4157 4156
f 4164 4166 4165
f 4165 4166 4167
f 4166 4168 4167
f 4167 4168 4169
f 4168 4170 4169
f 4169 4170 4171
f 4170 4172 4171
f 4171 4172 4173
f 4172 4174 4173
f 4173 4174 4175
f 4174 4176 4175
f 4175 4176 4177
f 4176 4178 4177
f 4177 4178 4179
f 4178 4180 4179
f 4179 4180 4181
f 4182 4164 4166
f 4183 4167 4165
f 4182 4166 4168
f 4183 4169 4167
f 4182 4168 4170
f 4183 4171 4169
f 4182 4170 4172
f 4183 4173 4171
f 4182 4172 4174
f 4183 4175 4173
f 4182 4174 4176
f 4183 4177 4175
f 4182 4176 4178
f 4183 4179 4177
f 4182 4178 4180
f 4183 4181 4179
usemtl body_dark
f 4185 4205 4206
f 4186 4206 4207
f 4187 4207 4208
f 4188 4208 4209
f 4189 4209 4210
f 4190 4210 4211
f 4191 4211 4212
f 4192 4212 4213
f 4193 4213 4214
f 4194 4214 4215
f 4195 4215 4216
f 4196 4216 4217
f 4197 4217 4218
f 4198 4218 4219
f 4199 4219 4220
f 4200 4220 4221
f 4201 4221 4222
f 4202 4222 4223
f 4203 4223 4224
f 4204 4224 4225
f 4205 4226 4206
f 4206 4226 4227
f 4206 4227 4207
f 4207 4227 4228
f 4207 4228 4208
f 4208 4228 4229
f 4208 4229 4209
f 4209 4229 4230
f 4209 4230 4210
f 4210 4230 4231
f 4210 4231 4211
f 4211 4231 4232
f 4211 4232 4212
f 4212 4232 4233
f 4212 4233 4213
f 4213 4233 4234
f 4213 4234 4214
f 4214 4234 4235
f 4214 4235 4215
f 4215 4235 4236
f 4215 4236 4216
f 4216 4236 4237
f 4216 4237 4217
f 4217 4237 4238
f 4217 4238 4218
f 4218 4238 4239
f 4218 4239 4219
f 4219 4239 4240
f 4219 4240 4220
f 4220 4240 4241
f 4220 4241 4221
f 4221 4241 4242
f 4221 4242 4222
f 4222 4242 4243
f 4222 4243 4223
f 4223 4243 4244
f 4223 4244 4224
f 4224 4244 4245
f 4224 4245 4225
f 4225 4245 4246
f 4226 4247 4227
f 4227 4247 4248
f 4227 4248 4228
f 4228 4248 4249
f 4228 4249 4229
f 4229 4249 4250
f 4229 4250 4230
f 4230 4250 4251
f 4230 4251 4231
f 4231 4251 4252
f 4231 4252 4232
f 4232 4252 4253
f 4232 4253 4233
f 4233 4253 4254
f 4233 4254 4234
f 4234 4254 4255
f 4234 4255 4235
f 4235 4255 4256
f 4235 4256 4236
f 4236 4256 4257
f 4236 4257 4237
f 4237 4257 4258
f 4237 4258 4238
f 4238 4258 4259
f 4238 4259 4239
f 4239 4259 4260
f 4239 4260 4240
f 4240 4260 4261
f 4240 4261 4241
f 4241 4261 4262
f 4241 4262 4242
f 4242 4262 4263
f 4242 4263 4243
f 4243 4263 4264
f 4243 4264 4244
f 4244 4264 4265
f 4244 4265 4245
f 4245 4265 4266
f 4245 4266 4246
f 4246 4266 4267
f 4247 4268 4248
f 4248 4268 4269
f 4248 4269 4249
f 4249 4269 4270
f 4249 4270 4250
f 4250 4270 4271
f 4250 4271 4251
f 4251 4271 4272
f 4251 4272 4252
f 4252 4272 4273
f 4252 4273 4253
f 4253 4273 4274
f 4253 4274 4254
f 4254 4274 4275
f 4254 4275 4255
f 4255 4275 4276
f 4255 4276 4256
f 4256 4276 4277
f 4256 4277 4257
f 4257 4277 4278
f 4257 4278 4258
f 4258 4278 4279
f 4258 4279 4259
f 4259 4279 4280
f 4259 4280 4260
f 4260 4280 4281
f 4260 4281 4261
f 4261 4281 4282
f 4261 4282 4262
f 4262 4282 4283
f 4262 4283 4263
f 4263 4283 4284
f 4263 4284 4264
f 4264 4284 4285
f 4264 4285 4265
f 4265 4285 4286
f 4265 4286 4266
f 4266 4286 4287
f 4266 4287 4267
f 4267 4287 4288
f 4268 4289 4269
f 4269 4289 4290
f 4269 4290 4270
f 4270 4290 4291
f 4270 4291 4271
f 4271 4291 4292
f 4271 4292 4272
f 4272 4292 4293
f 4272 4293 4273
f 4273 4293 4294
f 4273 4294 4274
f 4274 4294 4295
f 4274 4295 4275
f 4275 4295 4296
f 4275 4296 4276
f 4276 4296 4297
f 4276 4297 4277
f 4277 4297 4298
f 4277 4298 4278
f 4278 4298 4299
f 4278 4299 4279
f 4279 4299 4300
f 4279 4300 4280
f 4280 4300 4301
f 4280 4301 4281
f 4281 4301 4302
f 4281 4302 4282
f 4282 4302 4303
f 4282 4303 4283
f 4283 4303 4304
f 4283 4304 4284
f 4284 4304 4305
f 4284 4305 4285
f 4285 4305 4306
f 4285 4306 4286
f 4286 4306 4307
f 4286 4307 4287
f 4287 4307 4308
f 4287 4308 4288
f 4288 4308 4309
f 4289 4310 4290
f 4290 4310 4311
f 4290 4311 4291
f 4291 4311 4312
f 4291 4312 4292
f 4292 4312 4313
f 4292 4313 4293
f 4293 4313 4314
f 4293 4314 4294
f 4294 4314 4315
f 4294 4315 4295
f 4295 4315 4316
f 4295 4316 4296
f 4296 4316 4317
f 4296 4317 4297
f 4297 4317 4318
f 4297 4318 4298
f 4298 4318 4319
f 4298 4319 4299
f 4299 4319 4320
f 4299 4320 4300
f 4300 4320 4321
f 4300 4321 4301
f 4301 4321 4322
f 4301 4322 4302
f 4302 4322 4323
f 4302 4323 4303
f 4303 4323 4324
f 4303 4324 4304
f 4304 4324 4325
f 4304 4325 4305
f 4305 4325 4326
f 4305 4326 4306
f 4306 4326 4327
f 4306 4327 4307
f 4307 4327 4328
f 4307 4328 4308
f 4308 4328 4329
f 4308 4329 4309
f 4309 4329 4330
f 4310 4331 4311
f 4311 4331 4332
f 4311 4332 4312
f 4312 4332 4333
f 4312 4333 4313
f 4313 4333 4334
f 4313 4334 4314
f 4314 4334 4335
f 4314 4335 4315
f 4315 4335 4336
f 4315 4336 4316
f 4316 4336 4337
f 4316 4337 4317
f 4317 4337 4338
f 4317 4338 4318
f 4318 4338 4339
f 4318 4339 4319
f 4319 4339 4340
f 4319 4340 4320
f 4320 4340 4341
f 4320 4341 4321
f 4321 4341 4342
f 4321 4342 4322
f 4322 4342 4343
f 4322 4343 4323
f 4323 4343 4344
f 4323 4344 4324
f 4324 4344 4345
f 4324 4345 4325
f 4325 4345 4346
f 4325 4346 4326
f 4326 4346 4347
f 4326 4347 4327
f 4327 4347 4348
f 4327 4348 4328
f 4328 4348 4349
f 4328 4349 4329
f 4329 4349 4350
f 4329 4350 4330
f 4330 4350 4351
f 4331 4352 4332
f 4332 4352 4353
f 4332 4353 4333
f 4333 4353 4354
f 4333 4354 4334
f 4334 4354 4355
f 4334 4355 4335
f 4335 4355 4356
f 4335 4356 4336
f 4336 4356 4357
f 4336 4357 4337
f 4337 4357 4358
f 4337 4358 4338
f 4338 4358 4359
f 4338 4359 4339
f 4339 4359 4360
f 4339 4360 4340
f 4340 4360 4361
f 4340 4361 4341
f 4341 4361 4362
f 4341 4362 4342
f 4342 4362 4363
f 4342 4363 4343
f 4343 4363 4364
f 4343 4364 4344
f 4344 4364 4365
f 4344 4365 4345
f 4345 4365 4366
f 4345 4366 4346
f 4346 4366 4367
f 4346 4367 4347
f 4347 4367 4368
f 4347 4368 4348
f 4348 4368 4369
f 4348 4369 4349
f 4349 4369 4370
f 4349 4370 4350
f 4350 4370 4371
f 4350 4371 4351
f 4351 4371 4372
f 4352 4373 4353
f 4353 4373 4374
f 4353 4374 4354
f 4354 4374 4375
f 4354 4375 4355
f 4355 4375 4376
f 4355 4376 4356
f 4356 4376 4377
f 4356 4377 4357
f 4357 4377 4378
f 4357 4378 4358
f 4358 4378 4379
f 4358 4379 4359
f 4359 4379 4380
f 4359 4380 4360
f 4360 4380 4381
f 4360 4381 4361
f 4361 4381 4382
f 4361 4382 4362
f 4362 4382 4383
f 4362 4383 4363
f 4363 4383 4384
f 4363 4384 4364
f 4364 4384 4385
f 4364 4385 4365
f 4365 4385 4386
f 4365 4386 4366
f 4366 4386 4387
f 4366 4387 4367
f 4367 4387 4388
f 4367 4388 4368
f 4368 4388 4389
f 4368 4389 4369
f 4369 4389 4390
f 4369 4390 4370
f 4370 4390 4391
f 4370 4391 4371
f 4371 4391 4392
f 4371 4392 4372
f 4372 4392 4393
f 4373 4394 4374
f 4374 4394 4395
f 4374 4395 4375
f 4375 4395 4396
f 4375 4396 4376
f 4376 4396 4397
f 4376 4397 4377
f 4377 4397 4398
f 4377 4398 4378
f 4378 4398 4399
f 4378 4399 4379
f 4379 4399 4400
f 4379 4400 4380
f 4380 4400 4401
f 4380 4401 4381
f 4381 4401 4402
f 4381 4402 4382
f 4382 4402 4403
f 4382 4403 4383
f 4383 4403 4404
f 4383 4404 4384
f 4384 4404 4405
f 4384 4405 4385
f 4385 4405 4406
f 4385 4406 4386
f 4386 4406 4407
f 4386 4407 4387
f 4387 4407 4408
f 4387 4408 4388
f 4388 4408 4409
f 4388 4409 4389
f 4389 4409 4410
f 4389 4410 4390
f 4390 4410 4411
f 4390 4411 4391
f 4391 4411 4412
f 4391 4412 4392
f 4392 4412 4413
f 4392 4413 4393
f 4393 4413 4414
f 4394 4415 4395
f 4395 4415 4416
f 4395 4416 4396
f 4396 4416 4417
f 4396 4417 4397
f 4397 4417 4418
f 4397 4418 4398
f 4398 4418 4419
f 4398 4419 4399
f 4399 4419 4420
f 4399 4420 4400
f 4400 4420 4421
f 4400 4421 4401
f 4401 4421 4422
f 4401 4422 4402
f 4402 4422 4423
f 4402 4423 4403
f 4403 4423 4424
f 4403 4424 4404
f 4404 4424 4425
f 4404 4425 4405
f 4405 4425 4426
f 4405 4426 4406
f 4406 4426 4427
f 4406 4427 4407
f 4407 4427 4428
f 4407 4428 4408
f 4408 4428 4429
f 4408 4429 4409
f 4409 4429 4430
f 4409 4430 4410
f 4410 4430 4431
f 4410 4431 4411
f 4411 4431 4432
f 4411 4432 4412
f 4412 4432 4433
f 4412 4433 4413
f 4413 4433 4434
f 4413 4434 4414
f 4414 4434 4435
f 4415 4436 4416
f 4416 4436 4437
f 4416 4437 4417
f 4417 4437 4438
f 4417 4438 4418
f 4418 4438 4439
f 4418 4439 4419
f 4419 4439 4440
f 4419 4440 4420
f 4420 4440 4441
f 4420 4441 4421
f 4421 4441 4442
f 4421 4442 4422
f 4422 4442 4443
f 4422 4443 4423
f 4423 4443 4444
f 4423 4444 4424
f 4424 4444 4445
f 4424 4445 4425
f 4425 4445 4446
f 4425 4446 4426
f 4426 4446 4447
f 4426 4447 4427
f 4427 4447 4448
f 4427 4448 4428
f 4428 4448 4449
f 4428 4449 4429
f 4429 4449 4450
f 4429 4450 4430
f 4430 4450 4451
f 4430 4451 4431
f 4431 4451 4452
f 4431 4452 4432
f 4432 4452 4453
f 4432 4453 4433
f 4433 4453 4454
f 4433 4454 4434
f 4434 4454 4455
f 4434 4455 4435
f 4435 4455 4456
f 4436 4457 4437
f 4437 4457 4458
f 4437 4458 4438
f 4438 4458 4459
f 4438 4459 4439
f 4439 4459 4460
f 4439 4460 4440
f 4440 4460 4461
f 4440 4461 4441
f 4441 4461 4462
f 4441 4462 4442
f 4442 4462 4463
f 4442 4463 4443
f 4443 4463 4464
f 4443 4464 4444
f 4444 4464 4465
f 4444 4465 4445
f 4445 4465 4466
f 4445 4466 4446
f 4446 4466 4467
f 4446 4467 4447
f 4447 4467 4468
f 4447 4468 4448
f 4448 4468 4469
f 4448 4469 4449
f 4449 4469 4470
f 4449 4470 4450
f 4450 4470 4471
f 4450 4471 4451
f 4451 4471 4472
f 4451 4472 4452
f 4452 4472 4473
f 4452 4473 4453
f 4453 4473 4474
f 4453 4474 4454
f 4454 4474 4475
f 4454 4475 4455
f 4455 4475 4476
f 4455 4476 4456
f 4456 4476 4477
f 4457 4478 4458
f 4458 4479 4459
f 4459 4480 4460
f 4460 4481 4461
f 4461 4482 4462
f 4462 4483 4463
f 4463 4484 4464
f 4464 4485 4465
f 4465 4486 4466
f 4466 4487 4467
f 4467 4488 4468
f 4468 4489 4469
f 4469 4490 4470
f 4470 4491 4471
f 4471 4492 4472
f 4472 4493 4473
f 4473 4494 4474
f 4474 4495 4475
f 4475 4496 4476
f 4476 4497 4477
usemtl body_mid
f 4499 4501 4500
f 4500 4501 4502
f 4501 4503 4502
f 4502 4503 4504
f 4503 4505 4504
f 4504 4505 4506
f 4505 4507 4506
f 4506 4507 4508
f 4507 4509 4508
f 4508 4509 4510
f 4509 4511 4510
f 4510 4511 4512
f 4511 4513 4512
f 4512 4513 4514
f 4513 4515 4514
f 4514 4515 4516
f 4517 4499 4501
f 4518 4502 4500
f 4517 4501 4503
f 4518 4504 4502
f 4517 4503 4505
f 4518 4506 4504
f 4517 4505 4507
f 4518 4508 4506
f 4517 4507 4509
f 4518 4510 4508
f 4517 4509 4511
f 4518 4512 4510
f 4517 4511 4513
f 4518 4514 4512
f 4517 4513 4515
f 4518 4516 4514
usemtl body_dark
f 4520 4540 4541
f 4521 4541 4542
f 4522 4542 4543
f 4523 4543 4544
f 4524 4544 4545
f 4525 4545 4546
f 4526 4546 4547
f 4527 4547 4548
f 4528 4548 4549
f 4529 4549 4550
f 4530 4550 4551
f 4531 4551 4552
f 4532 4552 4553
f 4533 4553 4554
f 4534 4554 4555
f 4535 4555 4556
f 4536 4556 4557
f 4537 4557 4558
f 4538 4558 4559
f 4539 4559 4560
f 4540 4561 4541
f 4541 4561 4562
f 4541 4562 4542
f 4542 4562 4563
f 4542 4563 4543
f 4543 4563 4564
f 4543 4564 4544
f 4544 4564 4565
f 4544 4565 4545
f 4545 4565 4566
f 4545 4566 4546
f 4546 4566 4567
f 4546 4567 4547
f 4547 4567 4568
f 4547 4568 4548
f 4548 4568 4569
f 4548 4569 4549
f 4549 4569 4570
f 4549 4570 4550
f 4550 4570 4571
f 4550 4571 4551
f 4551 4571 4572
f 4551 4572 4552
f 4552 4572 4573
f 4552 4573 4553
f 4553 4573 4574
f 4553 4574 4554
f 4554 4574 4575
f 4554 4575 4555
f 4555 4575 4576
f 4555 4576 4556
f 4556 4576 4577
f 4556 4577 4557
f 4557 4577 4578
f 4557 4578 4558
f 4558 4578 4579
f 4558 4579 4559
f 4559 4579 4580
f 4559 4580 4560
f 4560 4580 4581
f 4561 4582 4562
f 4562 4582 4583
f 4562 4583 4563
f 4563 4583 4584
f 4563 4584 4564
f 4564 4584 4585
f 4564 4585 4565
f 4565 4585 4586
f 4565 4586 4566
f 4566 4586 4587
f 4566 4587 4567
f 4567 4587 4588
f 4567 4588 4568
f 4568 4588 4589
f 4568 4589 4569
f 4569 4589 4590
f 4569 4590 4570
f 4570 4590 4591
f 4570 4591 4571
f 4571 4591 4592
f 4571 4592 4572
f 4572 4592 4593
f 4572 4593 4573
f 4573 4593 4594
f 4573 4594 4574
f 4574 4594 4595
f 4574 4595 4575
f 4575 4595 4596
f 4575 4596 4576
f 4576 4596 4597
f 4576 4597 4577
f 4577 4597 4598
f 4577 4598 4578
f 4578 4598 4599
f 4578 4599 4579
f 4579 4599 4600
f 4579 4600 4580
f 4580 4600 4601
f 4580 4601 4581
f 4581 4601 4602
f 4582 4603 4583
f 4583 4603 4604
f 4583 4604 4584
f 4584 4604 4605
f 4584 4605 4585
f 4585 4605 4606
f 4585 4606 4586
f 4586 4606 4607
f 4586 4607 4587
f 4587 4607 4608
f 4587 4608 4588
f 4588 4608 4609
f 4588 4609 4589
f 4589 4609 4610
f 4589 4610 4590
f 4590 4610 4611
f 4590 4611 4591
f 4591 4611 4612
f 4591 4612 4592
f 4592 4612 4613
f 4592 4613 4593
f 4593 4613 4614
f 4593 4614 4594
f 4594 4614 4615
f 4594 4615 4595
f 4595 4615 4616
f 4595 4616 4596
f 4596 4616 4617
f 4596 4617 4597
f 4597 4617 4618
f 4597 4618 4598
f 4598 4618 4619
f 4598 4619 4599
f 4599 4619 4620
f 4599 4620 4600
f 4600 4620 4621
f 4600 4621 4601
f 4601 4621 4622
f 4601 4622 4602
f 4602 4622 4623
f 4603 4624 4604
f 4604 4624 4625
f 4604 4625 4605
f 4605 4625 4626
f 4605 4626 4606
f 4606 4626 4627
f 4606 4627 4607
f 4607 4627 4628
f 4607 4628 4608
f 4608 4628 4629
f 4608 4629 4609
f 4609 4629 4630
f 4609 4630 4610
f 4610 4630 4631
f 4610 4631 4611
f 4611 4631 4632
f 4611 4632 4612
f 4612 4632 4633
f 4612 4633 4613
f 4613 4633 4634
f 4613 4634 4614
f 4614 4634 4635
f 4614 4635 4615
f 4615 4635 4636
f 4615 4636 4616
f 4616 4636 4637
f 4616 4637 4617
f 4617 4637 4638
f 4617 4638 4618
f 4618 4638 4639
f 4618 4639 4619
f 4619 4639 4640
f 4619 4640 4620
f 4620 4640 4641
f 4620 4641 4621
f 4621 4641 4642
f 4621 4642 4622
f 4622 4642 4643
f 4622 4643 4623
f 4623 4643 4644
f 4624 4645 4625
f 4625 4645 4646
f 4625 4646 4626
f 4626 4646 4647
f 4626 4647 4627
f 4627 4647 4648
f 4627 4648 4628
f 4628 4648 4649
f 4628 4649 4629
f 4629 4649 4650
f 4629 4650 4630
f 4630 4650 4651
f 4630 4651 4631
f 4631 4651 4652
f 4631 4652 4632
f 4632 4652 4653
f 4632 4653 4633
f 4633 4653 4654
f 4633 4654 4634
f 4634 4654 4655
f 4634 4655 4635
f 4635 4655 4656
f 4635 4656 4636
f 4636 4656 4657
f 4636 4657 4637
f 4637 4657 4658
f 4637 4658 4638
f 4638 4658 4659
f 4638 4659 4639
f 4639 4659 4660
f 4639 4660 4640
f 4640 4660 4661
f 4640 4661 4641
f 4641 4661 4662
f 4641 4662 4642
f 4642 4662 4663
f 4642 4663 4643
f 4643 4663 4664
f 4643 4664 4644
f 4644 4664 4665
f 4645 4666 4646
f 4646 4666 4667
f 4646 4667 4647
f 4647 4667 4668
f 4647 4668 4648
f 4648 4668 4669
f 4648 4669 4649
f 4649 4669 4670
f 4649 4670 4650
f 4650 4670 4671
f 4650 4671 4651
f 4651 4671 4672
f 4651 4672 4652
f 4652 4672 4673
f 4652 4673 4653
f 4653 4673 4674
f 4653 4674 4654
f 4654 4674 4675
f 4654 4675 4655
f 4655 4675 4676
f 4655 4676 4656
f 4656 4676 4677
f 4656 4677 4657
f 4657 4677 4678
f 4657 4678 4658
f 4658 4678 4679
f 4658 4679 4659
f 4659 4679 4680
f 4659 4680 4660
f 4660 4680 4681
f 4660 4681 4661
f 4661 4681 4682
f 4661 4682 4662
f 4662 4682 4683
f 4662 4683 4663
f 4663 4683 4684
f 4663 4684 4664
f 4664 4684 4685
f 4664 4685 4665
f 4665 4685 4686
f 4666 4687 4667
f 4667 4687 4688
f 4667 4688 4668
f 4668 4688 4689
f 4668 4689 4669
f 4669 4689 4690
f 4669 4690 4670
f 4670 4690 4691
f 4670 4691 4671
f 4671 4691 4692
f 4671 4692 4672
f 4672 4692 4693
f 4672 4693 4673
f 4673 4693 4694
f 4673 4694 4674
f 4674 4694 4695
f 4674 4695 4675
f 4675 4695 4696
f 4675 4696 4676
f 4676 4696 4697
f 4676 4697 4677
f 4677 4697 4698
f 4677 4698 4678
f 4678 4698 4699
f 4678 4699 4679
f 4679 4699 4700
f 4679 4700 4680
f 4680 4700 4701
f 4680 4701 4681
f 4681 4701 4702
f 4681 4702 4682
f 4682 4702 4703
f 4682 4703 4683
f 4683 4703 4704
f 4683 4704 4684
f 4684 4704 4705
f 4684 4705 4685
f 4685 4705 4706
f 4685 4706 4686
f 4686 4706 4707
f 4687 4708 4688
f 4688 4708 4709
f 4688 4709 4689
f 4689 4709 4710
f 4689 4710 4690
f 4690 4710 4711
f 4690 4711 4691
f 4691 4711 4712
f 4691 4712 4692
f 4692 4712 4713
f 4692 4713 4693
f 4693 4713 4714
f 4693 4714 4694
f 4694 4714 4715
f 4694 4715 4695
f 4695 4715 4716
f 4695 4716 4696
f 4696 4716 4717
f 4696 4717 4697
f 4697 4717 4718
f 4697 4718 4698
f 4698 4718 4719
f 4698 4719 4699
f 4699 4719 4720
f 4699 4720 4700
f 4700 4720 4721
f 4700 4721 4701
f 4701 4721 4722
f 4701 4722 4702
f 4702 4722 4723
f 4702 4723 4703
f 4703 4723 4724
f 4703 4724 4704
f 4704 4724 4725
f 4704 4725 4705
f 4705 4725 4726
f 4705 4726 4706
f 4706 4726 4727
f 4706 4727 4707
f 4707 4727 4728
f 4708 4729 4709
f 4709 4729 4730
f 4709 4730 4710
f 4710 4730 4731
f 4710 4731 4711
f 4711 4731 4732
f 4711 4732 4712
f 4712 4732 4733
f 4712 4733 4713
f 4713 4733 4734
f 4713 4734 4714
f 4714 4734 4735
f 4714 4735 4715
f 4715 4735 4736
f 4715 4736 4716
f 4716 4736 4737
f 4716 4737 4717
f 4717 4737 4738
f 4717 4738 4718
f 4718 4738 4739
f 4718 4739 4719
f 4719 4739 4740
f 4719 4740 4720
f 4720 4740 4741
f 4720 4741 4721
f 4721 4741 4742
f 4721 4742 4722
f 4722 4742 4743
f 4722 4743 4723
f 4723 4743 4744
f 4723 4744 4724
f 4724 4744 4745
f 4724 4745 4725
f 4725 4745 4746
f 4725 4746 4726
f 4726 4746 4747
f 4726 4747 4727
f 4727 4747 4748
f 4727 4748 4728
f 4728 4748 4749
f 4729 4750 4730
f 4730 4750 4751
f 4730 4751 4731
f 4731 4751 4752
f 4731 4752 4732
f 4732 4752 4753
f 4732 4753 4733
f 4733 4753 4754
f 4733 4754 4734
f 4734 4754 4755
f 4734 4755 4735
f 4735 4755 4756
f 4735 4756 4736
f 4736 4756 4757
f 4736 4757 4737
f 4737 4757 4758
f 4737 4758 4738
f 4738 4758 4759
f 4738 4759 4739
f 4739 4759 4760
f 4739 4760 4740
f 4740 4760 4761
f 4740 4761 4741
f 4741 4761 4762
f 4741 4762 4742
f 4742 4762 4763
f 4742 4763 4743
f 4743 4763 4764
f 4743 4764 4744
f 4744 4764 4765
f 4744 4765 4745
f 4745 4765 4766
f 4745 4766 4746
f 4746 4766 4767
f 4746 4767 4747
f 4747 4767 4768
f 4747 4768 4748
f 4748 4768 4769
f 4748 4769 4749
f 4749 4769 4770
f 4750 4771 4751
f 4751 4771 4772
f 4751 4772 4752
f 4752 4772 4773
f 4752 4773 4753
f 4753 4773 4774
f 4753 4774 4754
f 4754 4774 4775
f 4754 4775 4755
f 4755 4775 4776
f 4755 4776 4756
f 4756 4776 4777
f 4756 4777 4757
f 4757 4777 4778
f 4757 4778 4758
f 4758 4778 4779
f 4758 4779 4759
f 4759 4779 4780
f 4759 4780 4760
f 4760 4780 4781
f 4760 4781 4761
f 4761 4781 4782
f 4761 4782 4762
f 4762 4782 4783
f 4762 4783 4763
f 4763 4783 4784
f 4763 4784 4764
f 4764 4784 4785
f 4764 4785 4765
f 4765 4785 4786
f 4765 4786 4766
f 4766 4786 4787
f 4766 4787 4767
f 4767 4787 4788
f 4767 4788 4768
f 4768 4788 4789
f 4768 4789 4769
f 4769 4789 4790
f 4769 4790 4770
f 4770 4790 4791
f 4771 4792 4772
f 4772 4792 4793
f 4772 4793 4773
f 4773 4793 4794
f 4773 4794 4774
f 4774 4794 4795
f 4774 4795 4775
f 4775 4795 4796
f 4775 4796 4776
f 4776 4796 4797
f 4776 4797 4777
f 4777 4797 4798
f 4777 4798 4778
f 4778 4798 4799
f 4778 4799 4779
f 4779 4799 4800
f 4779 4800 4780
f 4780 4800 4801
f 4780 4801 4781
f 4781 4801 4802
f 4781 4802 4782
f 4782 4802 4803
f 4782 4803 4783
f 4783 4803 4804
f 4783 4804 4784
f 4784 4804 4805
f 4784 4805 4785
f 4785 4805 4806
f 4785 4806 4786
f 4786 4806 4807
f 4786 4807 4787
f 4787 4807 4808
f 4787 4808 4788
f 4788 4808 4809
f 4788 4809 4789
f 4789 4809 4810
f 4789 4810 4790
f 4790 4810 4811
f 4790 4811 4791
f 4791 4811 4812
f 4792 4813 4793
f 4793 4814 4794
f 4794 4815 4795
f 4795 4816 4796
f 4796 4817 4797
f 4797 4818 4798
f 4798 4819 4799
f 4799 4820 4800
f 4800 4821 4801
f 4801 4822 4802
f 4802 4823 4803
f 4803 4824 4804
f 4804 4825 4805
f 4805 4826 4806
f 4806 4827 4807
f 4807 4828 4808
f 4808 4829 4809
f 4809 4830 4810
f 4810 4831 4811
f 4811 4832 4812
usemtl body_mid
f 4834 4836 4835
f 4835 4836 4837
f 4836 4838 4837
f 4837 4838 4839
f 4838 4840 4839
f 4839 4840 4841
f 4840 4842 4841
f 4841 4842 4843
f 4842 4844 4843
f 4843 4844 4845
f 4844 4846 4845
f 4845 4846 4847
f 4846 4848 4847
f 4847 4848 4849
f 4848 4850 4849
f 4849 4850 4851
f 4852 4834 4836
f 4853 4837 4835
f 4852 4836 4838
f 4853 4839 4837
f 4852 4838 4840
f 4853 4841 4839
f 4852 4840 4842
f 4853 4843 4841
f 4852 4842 4844
f 4853 4845 4843
f 4852 4844 4846
f 4853 4847 4845
f 4852 4846 4848
f 4853 4849 4847
f 4852 4848 4850
f 4853 4851 4849
usemtl body_dark
f 4855 4875 4876
f 4856 4876 4877
f 4857 4877 4878
f 4858 4878 4879
f 4859 4879 4880
f 4860 4880 4881
f 4861 4881 4882
f 4862 4882 4883
f 4863 4883 4884
f 4864 4884 4885
f 4865 4885 4886
f 4866 4886 4887
f 4867 4887 4888
f 4868 4888 4889
f 4869 4889 4890
f 4870 4890 4891
f 4871 4891 4892
f 4872 4892 4893
f 4873 4893 4894
f 4874 4894 4895
f 4875 4896 4876
f 4876 4896 4897
f 4876 4897 4877
f 4877 4897 4898
f 4877 4898 4878
f 4878 4898 4899
f 4878 4899 4879
f 4879 4899 4900
f 4879 4900 4880
f 4880 4900 4901
f 4880 4901 4881
f 4881 4901 4902
f 4881 4902 4882
f 4882 4902 4903
f 4882 4903 4883
f 4883 4903 4904
f 4883 4904 4884
f 4884 4904 4905
f 4884 4905 4885
f 4885 4905 4906
f 4885 4906 4886
f 4886 4906 4907
f 4886 4907 4887
f 4887 4907 4908
f 4887 4908 4888
f 4888 4908 4909
f 4888 4909 4889
f 4889 4909 4910
f 4889 4910 4890
f 4890 4910 4911
f 4890 4911 4891
f 4891 4911 4912
f 4891 4912 4892
f 4892 4912 4913
f 4892 4913 4893
f 4893 4913 4914
f 4893 4914 4894
f 4894 4914 4915
f 4894 4915 4895
f 4895 4915 4916
f 4896 4917 4897
f 4897 4917 4918
f 4897 4918 4898
f 4898 4918 4919
f 4898 4919 4899
f 4899 4919 4920
f 4899 4920 4900
f 4900 4920 4921
f 4900 4921 4901
f 4901 4921 4922
f 4901 4922 4902
f 4902 4922 4923
f 4902 4923 4903
f 4903 4923 4924
f 4903 4924 4904
f 4904 4924 4925
f 4904 4925 4905
f 4905 4925 4926
f 4905 4926 4906
f 4906 4926 4927
f 4906 4927 4907
f 4907 4927 4928
f 4907 4928 4908
f 4908 4928 4929
f 4908 4929 4909
f 4909 4929 4930
f 4909 4930 4910
f 4910 4930 4931
f 4910 4931 4911
f 4911 4931 4932
f 4911 4932 4912
f 4912 4932 4933
f 4912 4933 4913
f 4913 4933 4934
f 4913 4934 4914
f 4914 4934 4935
f 4914 4935 4915
f 4915 4935 4936
f 4915 4936 4916
f 4916 4936 4937
f 4917 4938 4918
f 4918 4938 4939
f 4918 4939 4919
f 4919 4939 4940
f 4919 4940 4920
f 4920 4940 4941
f 4920 4941 4921
f 4921 4941 4942
f 4921 4942 4922
f 4922 4942 4943
f 4922 4943 4923
f 4923 4943 4944
f 4923 4944 4924
f 4924 4944 4945
f 4924 4945 4925
f 4925 4945 4946
f 4925 4946 4926
f 4926 4946 4947
f 4926 4947 4927
f 4927 4947 4948
f 4927 4948 4928
f 4928 4948 4949
f 4928 4949 4929
f 4929 4949 4950
f 4929 4950 4930
f 4930 4950 4951
f 4930 4951 4931
f 4931 4951 4952
f 4931 4952 4932
f 4932 4952 4953
f 4932 4953 4933
f 4933 4953 4954
f 4933 4954 4934
f 4934 4954 4955
f 4934 4955 4935
f 4935 4955 4956
f 4935 4956 4936
f 4936 4956 4957
f 4936 4957 4937
f 4937 4957 4958
f 4938 4959 4939
f 4939 4959 4960
f 4939 4960 4940
f 4940 4960 4961
f 4940 4961 4941
f 4941 4961 4962
f 4941 4962 4942
f 4942 4962 4963
f 4942 4963 4943
f 4943 4963 4964
f 4943 4964 4944
f 4944 4964 4965
f 4944 4965 4945
f 4945 4965 4966
f 4945 4966 4946
f 4946 4966 4967
f 4946 4967 4947
f 4947 4967 4968
f 4947 4968 4948
f 4948 4968 4969
f 4948 4969 4949
f 4949 4969 4970
f 4949 4970 4950
f 4950 4970 4971
f 4950 4971 4951
f 4951 4971 4972
f 4951 4972 4952
f 4952 4972 4973
f 4952 4973 4953
f 4953 4973 4974
f 4953 4974 4954
f 4954 4974 4975
f 4954 4975 4955
f 4955 4975 4976
f 4955 4976 4956
f 4956 4976 4977
f 4956 4977 4957
f 4957 4977 4978
f 4957 4978 4958
f 4958 4978 4979
f 4959 4980 4960
f 4960 4980 4981
f 4960 4981 4961
f 4961 4981 4982
f 4961 4982 4962
f 4962 4982 4983
f 4962 4983 4963
f 4963 4983 4984
f 4963 4984 4964
f 4964 4984 4985
f 4964 4985 4965
f 4965 4985 4986
f 4965 4986 4966
f 4966 4986 4987
f 4966 4987 4967
f 4967 4987 4988
f 4967 4988 4968
f 4968 4988 4989
f 4968 4989 4969
f 4969 4989 4990
f 4969 4990 4970
f 4970 4990 4991
f 4970 4991 4971
f 4971 4991 4992
f 4971 4992 4972
f 4972 4992 4993
f 4972 4993 4973
f 4973 4993 4994
f 4973 4994 4974
f 4974 4994 4995
f 4974 4995 4975
f 4975 4995 4996
f 4975 4996 4976
f 4976 4996 4997
f 4976 4997 4977
f 4977 4997 4998
f 4977 4998 4978
f 4978 4998 4999
f 4978 4999 4979
f 4979 4999 5000
f 4980 5001 4981
f 4981 5001 5002
f 4981 5002 4982
f 4982 5002 5003
f 4982 5003 4983
f 4983 5003 5004
f 4983 5004 4984
f 4984 5004 5005
f 4984 5005 4985
f 4985 5005 5006
f 4985 5006 4986
f 4986 5006 5007
f 4986 5007 4987
f 4987 5007 5008
f 4987 5008 4988
f 4988 5008 5009
f 4988 5009 4989
f 4989 5009 5010
f 4989 5010 4990
f 4990 5010 5011
f 4990 5011 4991
f 4991 5011 5012
f 4991 5012 4992
f 4992 5012 5013
f 4992 5013 4993
f 4993 5013 5014
f 4993 5014 4994
f 4994 5014 5015
f 4994 5015 4995
f 4995 5015 5016
f 4995 5016 4996
f 4996 5016 5017
f 4996 5017 4997
f 4997 5017 5018
f 4997 5018 4998
f 4998 5018 5019
f 4998 5019 4999
f 4999 5019 5020
f 4999 5020 5000
f 5000 5020 5021
f 5001 5022 5002
f 5002 5022 5023
f 5002 5023 5003
f 5003 5023 5024
f 5003 5024 5004
f 5004 5024 5025
f 5004 5025 5005
f 5005 5025 5026
f 5005 5026 5006
f 5006 5026 5027
f 5006 5027 5007
f 5007 5027 5028
f 5007 5028 5008
f 5008 5028 5029
f 5008 5029 5009
f 5009 5029 5030
f 5009 5030 5010
f 5010 5030 5031
f 5010 5031 5011
f 5011 5031 5032
f 5011 5032 5012
f 5012 5032 5033
f 5012 5033 5013
f 5013 5033 5034
f 5013 5034 5014
f 5014 5034 5035
f 5014 5035 5015
f 5015 5035 5036
f 5015 5036 5016
f 5016 5036 5037
f 5016 5037 5017
f 5017 5037 5038
f 5017 5038 5018
f 5018 5038 5039
f 5018 5039 5019
f 5019 5039 5040
f 5019 5040 5020
f 5020 5040 5041
f 5020 5041 5021
f 5021 5041 5042
f 5022 5043 5023
f 5023 5043 5044
f 5023 5044 5024
f 5024 5044 5045
f 5024 5045 5025
f 5025 5045 5046
f 5025 5046 5026
f 5026 5046 5047
f 5026 5047 5027
f 5027 5047 5048
f 5027 5048 5028
f 5028 5048 5049
f 5028 5049 5029
f 5029 5049 5050
f 5029 5050 5030
f 5030 5050 5051
f 5030 5051 5031
f 5031 5051 5052
f 5031 5052 5032
f 5032 5052 5053
f 5032 5053 5033
f 5033 5053 5054
f 5033 5054 5034
f 5034 5054 5055
f 5034 5055 5035
f 5035 5055 5056
f 5035 5056 5036
f 5036 5056 5057
f 5036 5057 5037
f 5037 5057 5058
f 5037 5058 5038
f 5038 5058 5059
f 5038 5059 5039
f 5039 5059 5060
f 5039 5060 5040
f 5040 5060 5061
f 5040 5061 5041
f 5041 5061 5062
f 5041 5062 5042
f 5042 5062 5063
f 5043 5064 5044
f 5044 5064 5065
f 5044 5065 5045
f 5045 5065 5066
f 5045 5066 5046
f 5046 5066 5067
f 5046 5067 5047
f 5047 5067 5068
f 5047 5068 5048
f 5048 5068 5069
f 5048 5069 5049
f 5049 5069 5070
f 5049 5070 5050
f 5050 5070 5071
f 5050 5071 5051
f 5051 5071 5072
f 5051 5072 5052
f 5052 5072 5073
f 5052 5073 5053
f 5053 5073 5074
f 5053 5074 5054
f 5054 5074 5075
f 5054 5075 5055
f 5055 5075 5076
f 5055 5076 5056
f 5056 5076 5077
f 5056 5077 5057
f 5057 5077 5078
f 5057 5078 5058
f 5058 5078 5079
f 5058 5079 5059
f 5059 5079 5080
f 5059 5080 5060
f 5060 5080 5081
f 5060 5081 5061
f 5061 5081 5082
f 5061 5082 5062
f 5062 5082 5083
f 5062 5083 5063
f 5063 5083 5084
f 5064 5085 5065
f 5065 5085 5086
f 5065 5086 5066
f 5066 5086 5087
f 5066 5087 5067
f 5067 5087 5088
f 5067 5088 5068
f 5068 5088 5089
f 5068 5089 5069
f 5069 5089 5090
f 5069 5090 5070
f 5070 5090 5091
f 5070 5091 5071
f 5071 5091 5092
f 5071 5092 5072
f 5072 5092 5093
f 5072 5093 5073
f 5073 5093 5094
f 5073 5094 5074
f 5074 5094 5095
f 5074 5095 5075
f 5075 5095 5096
f 5075 5096 5076
f 5076 5096 5097
f 5076 5097 5077
f 5077 5097 5098
f 5077 5098 5078
f 5078 5098 5099
f 5078 5099 5079
f 5079 5099 5100
f 5079 5100 5080
f 5080 5100 5101
f 5080 5101 5081
f 5081 5101 5102
f 5081 5102 5082
f 5082 5102 5103
f 5082 5103 5083
f 5083 5103 5104
f 5083 5104 5084
f 5084 5104 5105
f 5085 5106 5086
f 5086 5106 5107
f 5086 5107 5087
f 5087 5107 5108
f 5087 5108 5088
f 5088 5108 5109
f 5088 5109 5089
f 5089 5109 5110
f 5089 5110 5090
f 5090 5110 5111
f 5090 5111 5091
f 5091 5111 5112
f 5091 5112 5092
f 5092 5112 5113
f 5092 5113 5093
f 5093 5113 5114
f 5093 5114 5094
f 5094 5114 5115
f 5094 5115 5095
f 5095 5115 5116
f 5095 5116 5096
f 5096 5116 5117
f 5096 5117 5097
f 5097 5117 5118
f 5097 5118 5098
f 5098 5118 5119
f 5098 5119 5099
f 5099 5119 5120
f 5099 5120 5100
f 5100 5120 5121
f 5100 5121 5101
f 5101 5121 5122
f 5101 5122 5102
f 5102 5122 5123
f 5102 5123 5103
f 5103 5123 5124
f 5103 5124 5104
f 5104 5124 5125
f 5104 5125 5105
f 5105 5125 5126
f 5106 5127 5107
f 5107 5127 5128
f 5107 5128 5108
f 5108 5128 5129
f 5108 5129 5109
f 5109 5129 5130
f 5109 5130 5110
f 5110 5130 5131
f 5110 5131 5111
f 5111 5131 5132
f 5111 5132 5112
f 5112 5132 5133
f 5112 5133 5113
f 5113 5133 5134
f 5113 5134 5114
f 5114 5134 5135
f 5114 5135 5115
f 5115 5135 5136
f 5115 5136 5116
f 5116 5136 5137
f 5116 5137 5117
f 5117 5137 5138
f 5117 5138 5118
f 5118 5138 5139
f 5118 5139 5119
f 5119 5139 5140
f 5119 5140 5120
f 5120 5140 5141
f 5120 5141 5121
f 5121 5141 5142
f 5121 5142 5122
f 5122 5142 5143
f 5122 5143 5123
f 5123 5143 5144
f 5123 5144 5124
f 5124 5144 5145
f 5124 5145 5125
f 5125 5145 5146
f 5125 5146 5126
f 5126 5146 5147
f 5127 5148 5128
f 5128 5149 5129
f 5129 5150 5130
f 5130 5151 5131
f 5131 5152 5132
f 5132 5153 5133
f 5133 5154 5134
f 5134 5155 5135
f 5135 5156 5136
f 5136 5157 5137
f 5137 5158 5138
f 5138 5159 5139
f 5139 5160 5140
f 5140 5161 5141
f 5141 5162 5142
f 5142 5163 5143
f 5143 5164 5144
f 5144 5165 5145
f 5145 5166 5146
f 5146 5167 5147
usemtl body_mid
f 5169 5171 5170
f 5170 5171 5172
f 5171 5173 5172
f 5172 5173 5174
f 5173 5175 5174
f 5174 5175 5176
f 5175 5177 5176
f 5176 5177 5178
f 5177 5179 5178
f 5178 5179 5180
f 5179 5181 5180
f 5180 5181 5182
f 5181 5183 5182
f 5182 5183 5184
f 5183 5185 5184
f 5184 5185 5186
f 5187 5169 5171
f 5188 5172 5170
f 5187 5171 5173
f 5188 5174 5172
f 5187 5173 5175
f 5188 5176 5174
f 5187 5175 5177
f 5188 5178 5176
f 5187 5177 5179
f 5188 5180 5178
f 5187 5179 5181
f 5188 5182 5180
f 5187 5181 5183
f 5188 5184 5182
f 5187 5183 5185
f 5188 5186 5184
usemtl body_dark
f 5190 5210 5211
f 5191 5211 5212
f 5192 5212 5213
f 5193 5213 5214
f 5194 5214 5215
f 5195 5215 5216
f 5196 5216 5217
f 5197 5217 5218
f 5198 5218 5219
f 5199 5219 5220
f 5200 5220 5221
f 5201 5221 5222
f 5202 5222 5223
f 5203 5223 5224
f 5204 5224 5225
f 5205 5225 5226
f 5206 5226 5227
f 5207 5227 5228
f 5208 5228 5229
f 5209 5229 5230
f 5210 5231 5211
f 5211 5231 5232
f 5211 5232 5212
f 5212 5232 5233
f 5212 5233 5213
f 5213 5233 5234
f 5213 5234 5214
f 5214 5234 5235
f 5214 5235 5215
f 5215 5235 5236
f 5215 5236 5216
f 5216 5236 5237
f 5216 5237 5217
f 5217 5237 5238
f 5217 5238 5218
f 5218 5238 5239
f 5218 5239 5219
f 5219 5239 5240
f 5219 5240 5220
f 5220 5240 5241
f 5220 5241 5221
f 5221 5241 5242
f 5221 5242 5222
f 5222 5242 5243
f 5222 5243 5223
f 5223 5243 5244
f 5223 5244 5224
f 5224 5244 5245
f 5224 5245 5225
f 5225 5245 5246
f 5225 5246 5226
f 5226 5246 5247
f 5226 5247 5227
f 5227 5247 5248
f 5227 5248 5228
f 5228 5248 5249
f 5228 5249 5229
f 5229 5249 5250
f 5229 5250 5230
f 5230 5250 5251
f 5231 5252 5232
f 5232 5252 5253
f 5232 5253 5233
f 5233 5253 5254
f 5233 5254 5234
f 5234 5254 5255
f 5234 5255 5235
f 5235 5255 5256
f 5235 5256 5236
f 5236 5256 5257
f 5236 5257 5237
f 5237 5257 5258
f 5237 5258 5238
f 5238 5258 5259
f 5238 5259 5239
f 5239 5259 5260
f 5239 5260 5240
f 5240 5260 5261
f 5240 5261 5241
f 5241 5261 5262
f 5241 5262 5242
f 5242 5262 5263
f 5242 5263 5243
f 5243 5263 5264
f 5243 5264 5244
f 5244 5264 5265
f 5244 5265 5245
f 5245 5265 5266
f 5245 5266 5246
f 5246 5266 5267
f 5246 5267 5247
f 5247 5267 5268
f 5247 5268 5248
f 5248 5268 5269
f 5248 5269 5249
f 5249 5269 5270
f 5249 5270 5250
f 5250 5270 5271
f 5250 5271 5251
f 5251 5271 5272
f 5252 5273 5253
f 5253 5273 5274
f 5253 5274 5254
f 5254 5274 5275
f 5254 5275 5255
f 5255 5275 5276
f 5255 5276 5256
f 5256 5276 5277
f 5256 5277 5257
f 5257 5277 5278
f 5257 5278 5258
f 5258 5278 5279
f 5258 5279 5259
f 5259 5279 5280
f 5259 5280 5260
f 5260 5280 5281
f 5260 5281 5261
f 5261 5281 5282
f 5261 5282 5262
f 5262 5282 5283
f 5262 5283 5263
f 5263 5283 5284
f 5263 5284 5264
f 5264 5284 5285
f 5264 5285 5265
f 5265 5285 5286
f 5265 5286 5266
f 5266 5286 5287
f 5266 5287 5267
f 5267 5287 5288
f 5267 5288 5268
f 5268 5288 5289
f 5268 5289 5269
f 5269 5289 5290
f 5269 5290 5270
f 5270 5290 5291
f 5270 5291 5271
f 5271 5291 5292
f 5271 5292 5272
f 5272 5292 5293
f 5273 5294 5274
f 5274 5294 5295
f 5274 5295 5275
f 5275 5295 5296
f 5275 5296 5276
f 5276 5296 5297
f 5276 5297 5277
f 5277 5297 5298
f 5277 5298 5278
f 5278 5298 5299
f 5278 5299 5279
f 5279 5299 5300
f 5279 5300 5280
f 5280 5300 5301
f 5280 5301 5281
f 5281 5301 5302
f 5281 5302 5282
f 5282 5302 5303
f 5282 5303 5283
f 5283 5303 5304
f 5283 5304 5284
f 5284 5304 5305
f 5284 5305 5285
f 5285 5305 5306
f 5285 5306 5286
f 5286 5306 5307
f 5286 5307 5287
f 5287 5307 5308
f 5287 5308 5288
f 5288 5308 5309
f 5288 5309 5289
f 5289 5309 5310
f 5289 5310 5290
f 5290 5310 5311
f 5290 5311 5291
f 5291 5311 5312
f 5291 5312 5292
f 5292 5312 5313
f 5292 5313 5293
f 5293 5313 5314
f 5294 5315 5295
f 5295 5315 5316
f 5295 5316 5296
f 5296 5316 5317
f 5296 5317 5297
f 5297 5317 5318
f 5297 5318 5298
f 5298 5318 5319
f 5298 5319 5299
f 5299 5319 5320
f 5299 5320 5300
f 5300 5320 5321
f 5300 5321 5301
f 5301 5321 5322
f 5301 5322 5302
f 5302 5322 5323
f 5302 5323 5303
f 5303 5323 5324
f 5303 5324 5304
f 5304 5324 5325
f 5304 5325 5305
f 5305 5325 5326
f 5305 5326 5306
f 5306 5326 5327
f 5306 5327 5307
f 5307 5327 5328
f 5307 5328 5308
f 5308 5328 5329
f 5308 5329 5309
f 5309 5329 5330
f 5309 5330 5310
f 5310 5330 5331
f 5310 5331 5311
f 5311 5331 5332
f 5311 5332 5312
f 5312 5332 5333
f 5312 5333 5313
f 5313 5333 5334
f 5313 5334 5314
f 5314 5334 5335
f 5315 5336 5316
f 5316 5336 5337
f 5316 5337 5317
f 5317 5337 5338
f 5317 5338 5318
f 5318 5338 5339
f 5318 5339 5319
f 5319 5339 5340
f 5319 5340 5320
f 5320 5340 5341
f 5320 5341 5321
f 5321 5341 5342
f 5321 5342 5322
f 5322 5342 5343
f 5322 5343 5323
f 5323 5343 5344
f 5323 5344 5324
f 5324 5344 5345
f 5324 5345 5325
f 5325 5345 5346
f 5325 5346 5326
f 5326 5346 5347
f 5326 5347 5327
f 5327 5347 5348
f 5327 5348 5328
f 5328 5348 5349
f 5328 5349 5329
f 5329 5349 5350
f 5329 5350 5330
f 5330 5350 5351
f 5330 5351 5331
f 5331 5351 5352
f 5331 5352 5332
f 5332 5352 5353
f 5332 5353 5333
f 5333 5353 5354
f 5333 5354 5334
f 5334 5354 5355
f 5334 5355 5335
f 5335 5355 5356
f 5336 5357 5337
f 5337 5357 5358
f 5337 5358 5338
f 5338 5358 5359
f 5338 5359 5339
f 5339 5359 5360
f 5339 5360 5340
f 5340 5360 5361
f 5340 5361 5341
f 5341 5361 5362
f 5341 5362 5342
f 5342 5362 5363
f 5342 5363 5343
f 5343 5363 5364
f 5343 5364 5344
f 5344 5364 5365
f 5344 5365 5345
f 5345 5365 5366
f 5345 5366 5346
f 5346 5366 5367
f 5346 5367 5347
f 5347 5367 5368
f 5347 5368 5348
f 5348 5368 5369
f 5348 5369 5349
f 5349 5369 5370
f 5349 5370 5350
f 5350 5370 5371
f 5350 5371 5351
f 5351 5371 5372
f 5351 5372 5352
f 5352 5372 5373
f 5352 5373 5353
f 5353 5373 5374
f 5353 5374 5354
f 5354 5374 5375
f 5354 5375 5355
f 5355 5375 5376
f 5355 5376 5356
f 5356 5376 5377
f 5357 5378 5358
f 5358 5378 5379
f 5358 5379 5359
f 5359 5379 5380
f 5359 5380 5360
f 5360 5380 5381
f 5360 5381 5361
f 5361 5381 5382
f 5361 5382 5362
f 5362 5382 5383
f 5362 5383 5363
f 5363 5383 5384
f 5363 5384 5364
f 5364 5384 5385
f 5364 5385 5365
f 5365 5385 5386
f 5365 5386 5366
f 5366 5386 5387
f 5366 5387 5367
f 5367 5387 5388
f 5367 5388 5368
f 5368 5388 5389
f 5368 5389 5369
f 5369 5389 5390
f 5369 5390 5370
f 5370 5390 5391
f 5370 5391 5371
f 5371 5391 5392
f 5371 5392 5372
f 5372 5392 5393
f 5372 5393 5373
f 5373 5393 5394
f 5373 5394 5374
f 5374 5394 5395
f 5374 5395 5375
f 5375 5395 5396
f 5375 5396 5376
f 5376 5396 5397
f 5376 5397 5377
f 5377 5397 5398
f 5378 5399 5379
f 5379 5399 5400
f 5379 5400 5380
f 5380 5400 5401
f 5380 5401 5381
f 5381 5401 5402
f 5381 5402 5382
f 5382 5402 5403
f 5382 5403 5383
f 5383 5403 5404
f 5383 5404 5384
f 5384 5404 5405
f 5384 5405 5385
f 5385 5405 5406
f 5385 5406 5386
f 5386 5406 5407
f 5386 5407 5387
f 5387 5407 5408
f 5387 5408 5388
f 5388 5408 5409
f 5388 5409 5389
f 5389 5409 5410
f 5389 5410 5390
f 5390 5410 5411
f 5390 5411 5391
f 5391 5411 5412
f 5391 5412 5392
f 5392 5412 5413
f 5392 5413 5393
f 5393 5413 5414
f 5393 5414 5394
f 5394 5414 5415
f 5394 5415 5395
f 5395 5415 5416
f 5395 5416 5396
f 5396 5416 5417
f 5396 5417 5397
f 5397 5417 5418
f 5397 5418 5398
f 5398 5418 5419
f 5399 5420 5400
f 5400 5420 5421
f 5400 5421 5401
f 5401 5421 5422
f 5401 5422 5402
f 5402 5422 5423
f 5402 5423 5403
f 5403 5423 5424
f 5403 5424 5404
f 5404 5424 5425
f 5404 5425 5405
f 5405 5425 5426
f 5405 5426 5406
f 5406 5426 5427
f 5406 5427 5407
f 5407 5427 5428
f 5407 5428 5408
f 5408 5428 5429
f 5408 5429 5409
f 5409 5429 5430
f 5409 5430 5410
f 5410 5430 5431
f 5410 5431 5411
f 5411 5431 5432
f 5411 5432 5412
f 5412 5432 5433
f 5412 5433 5413
f 5413 5433 5434
f 5413 5434 5414
f 5414 5434 5435
f 5414 5435 5415
f 5415 5435 5436
f 5415 5436 5416
f 5416 5436 5437
f 5416 5437 5417
f 5417 5437 5438
f 5417 5438 5418
f 5418 5438 5439
f 5418 5439 5419
f 5419 5439 5440
f 5420 5441 5421
f 5421 5441 5442
f 5421 5442 5422
f 5422 5442 5443
f 5422 5443 5423
f 5423 5443 5444
f 5423 5444 5424
f 5424 5444 5445
f 5424 5445 5425
f 5425 5445 5446
f 5425 5446 5426
f 5426 5446 5447
f 5426 5447 5427
f 5427 5447 5448
f 5427 5448 5428
f 5428 5448 5449
f 5428 5449 5429
f 5429 5449 5450
f 5429 5450 5430
f 5430 5450 5451
f 5430 5451 5431
f 5431 5451 5452
f 5431 5452 5432
f 5432 5452 5453
f 5432 5453 5433
f 5433 5453 5454
f 5433 5454 5434
f 5434 5454 5455
f 5434 5455 5435
f 5435 5455 5456
f 5435 5456 5436
f 5436 5456 5457
f 5436 5457 5437
f 5437 5457 5458
f 5437 5458 5438
f 5438 5458 5459
f 5438 5459 5439
f 5439 5459 5460
f 5439 5460 5440
f 5440 5460 5461
f 5441 5462 5442
f 5442 5462 5463
f 5442 5463 5443
f 5443 5463 5464
f 5443 5464 5444
f 5444 5464 5465
f 5444 5465 5445
f 5445 5465 5466
f 5445 5466 5446
f 5446 5466 5467
f 5446 5467 5447
f 5447 5467 5468
f 5447 5468 5448
f 5448 5468 5469
f 5448 5469 5449
f 5449 5469 5470
f 5449 5470 5450
f 5450 5470 5471
f 5450 5471 5451
f 5451 5471 5472
f 5451 5472 5452
f 5452 5472 5473
f 5452 5473 5453
f 5453 5473 5474
f 5453 5474 5454
f 5454 5474 5475
f 5454 5475 5455
f 5455 5475 5476
f 5455 5476 5456
f 5456 5476 5477
f 5456 5477 5457
f 5457 5477 5478
f 5457 5478 5458
f 5458 5478 5479
f 5458 5479 5459
f 5459 5479 5480
f 5459 5480 5460
f 5460 5480 5481
f 5460 5481 5461
f 5461 5481 5482
f 5462 5483 5463
f 5463 5484 5464
f 5464 5485 5465
f 5465 5486 5466
f 5466 5487 5467
f 5467 5488 5468
f 5468 5489 5469
f 5469 5490 5470
f 5470 5491 5471
f 5471 5492 5472
f 5472 5493 5473
f 5473 5494 5474
f 5474 5495 5475
f 5475 5496 5476
f 5476 5497 5477
f 5477 5498 5478
f 5478 5499 5479
f 5479 5500 5480
f 5480 5501 5481
f 5481 5502 5482
usemtl body_mid
f 5504 5506 5505
f 5505 5506 5507
f 5506 5508 5507
f 5507 5508 5509
f 5508 5510 5509
f 5509 5510 5511
f 5510 5512 5511
f 5511 5512 5513
f 5512 5514 5513
f 5513 5514 5515
f 5514 5516 5515
f 5515 5516 5517
f 5516 5518 5517
f 5517 5518 5519
f 5518 5520 5519
f 5519 5520 5521
f 5522 5504 5506
f 5523 5507 5505
f 5522 5506 5508
f 5523 5509 5507
f 5522 5508 5510
f 5523 5511 5509
f 5522 5510 5512
f 5523 5513 5511
f 5522 5512 5514
f 5523 5515 5513
f 5522 5514 5516
f 5523 5517 5515
f 5522 5516 5518
f 5523 5519 5517
f 5522 5518 5520
f 5523 5521 5519
usemtl body_dark
f 5525 5545 5546
f 5526 5546 5547
f 5527 5547 5548
f 5528 5548 5549
f 5529 5549 5550
f 5530 5550 5551
f 5531 5551 5552
f 5532 5552 5553
f 5533 5553 5554
f 5534 5554 5555
f 5535 5555 5556
f 5536 5556 5557
f 5537 5557 5558
f 5538 5558 5559
f 5539 5559 5560
f 5540 5560 5561
f 5541 5561 5562
f 5542 5562 5563
f 5543 5563 5564
f 5544 5564 5565
f 5545 5566 5546
f 5546 5566 5567
f 5546 5567 5547
f 5547 5567 5568
f 5547 5568 5548
f 5548 5568 5569
f 5548 5569 5549
f 5549 5569 5570
f 5549 5570 5550
f 5550 5570 5571
f 5550 5571 5551
f 5551 5571 5572
f 5551 5572 5552
f 5552 5572 5573
f 5552 5573 5553
f 5553 5573 5574
f 5553 5574 5554
f 5554 5574 5575
f 5554 5575 5555
f 5555 5575 5576
f 5555 5576 5556
f 5556 5576 5577
f 5556 5577 5557
f 5557 5577 5578
f 5557 5578 5558
f 5558 5578 5579
f 5558 5579 5559
f 5559 5579 5580
f 5559 5580 5560
f 5560 5580 5581
f 5560 5581 5561
f 5561 5581 5582
f 5561 5582 5562
f 5562 5582 5583
f 5562 5583 5563
f 5563 5583 5584
f 5563 5584 5564
f 5564 5584 5585
f 5564 5585 5565
f 5565 5585 5586
f 5566 5587 5567
f 5567 5587 5588
f 5567 5588 5568
f 5568 5588 5589
f 5568 5589 5569
f 5569 5589 5590
f 5569 5590 5570
f 5570 5590 5591
f 5570 5591 5571
f 5571 5591 5592
f 5571 5592 5572
f 5572 5592 5593
f 5572 5593 5573
f 5573 5593 5594
f 5573 5594 5574
f 5574 5594 5595
f 5574 5595 5575
f 5575 5595 5596
f 5575 5596 5576
f 5576 5596 5597
f 5576 5597 5577
f 5577 5597 5598
f 5577 5598 5578
f 5578 5598 5599
f 5578 5599 5579
f 5579 5599 5600
f 5579 5600 5580
f 5580 5600 5601
f 5580 5601 5581
f 5581 5601 5602
f 5581 5602 5582
f 5582 5602 5603
f 5582 5603 5583
f 5583 5603 5604
f 5583 5604 5584
f 5584 5604 5605
f 5584 5605 5585
f 5585 5605 5606
f 5585 5606 5586
f 5586 5606 5607
f 5587 5608 5588
f 5588 5608 5609
f 5588 5609 5589
f 5589 5609 5610
f 5589 5610 5590
f 5590 5610 5611
f 5590 5611 5591
f 5591 5611 5612
f 5591 5612 5592
f 5592 5612 5613
f 5592 5613 5593
f 5593 5613 5614
f 5593 5614 5594
f 5594 5614 5615
f 5594 5615 5595
f 5595 5615 5616
f 5595 5616 5596
f 5596 5616 5617
f 5596 5617 5597
f 5597 5617 5618
f 5597 5618 5598
f 5598 5618 5619
f 5598 5619 5599
f 5599 5619 5620
f 5599 5620 5600
f 5600 5620 5621
f 5600 5621 5601
f 5601 5621 5622
f 5601 5622 5602
f 5602 5622 5623
f 5602 5623 5603
f 5603 5623 5624
f 5603 5624 5604
f 5604 5624 5625
f 5604 5625 5605
f 5605 5625 5626
f 5605 5626 5606
f 5606 5626 5627
f 5606 5627 5607
f 5607 5627 5628
f 5608 5629 5609
f 5609 5629 5630
f 5609 5630 5610
f 5610 5630 5631
f 5610 5631 5611
f 5611 5631 5632
f 5611 5632 5612
f 5612 5632 5633
f 5612 5633 5613
f 5613 5633 5634
f 5613 5634 5614
f 5614 5634 5635
f 5614 5635 5615
f 5615 5635 5636
f 5615 5636 5616
f 5616 5636 5637
f 5616 5637 5617
f 5617 5637 5638
f 5617 5638 5618
f 5618 5638 5639
f 5618 5639 5619
f 5619 5639 5640
f 5619 5640 5620
f 5620 5640 5641
f 5620 5641 5621
f 5621 5641 5642
f 5621 5642 5622
f 5622 5642 5643
f 5622 5643 5623
f 5623 5643 5644
f 5623 5644 5624
f 5624 5644 5645
f 5624 5645 5625
f 5625 5645 5646
f 5625 5646 5626
f 5626 5646 5647
f 5626 5647 5627
f 5627 5647 5648
f 5627 5648 5628
f 5628 5648 5649
f 5629 5650 5630
f 5630 5650 5651
f 5630 5651 5631
f 5631 5651 5652
f 5631 5652 5632
f 5632 5652 5653
f 5632 5653 5633
f 5633 5653 5654
f 5633 5654 5634
f 5634 5654 5655
f 5634 5655 5635
f 5635 5655 5656
f 5635 5656 5636
f 5636 5656 5657
f 5636 5657 5637
f 5637 5657 5658
f 5637 5658 5638
f 5638 5658 5659
f 5638 5659 5639
f 5639 5659 5660
f 5639 5660 5640
f 5640 5660 5661
f 5640 5661 5641
f 5641 5661 5662
f 5641 5662 5642
f 5642 5662 5663
f 5642 5663 5643
f 5643 5663 5664
f 5643 5664 5644
f 5644 5664 5665
f 5644 5665 5645
f 5645 5665 5666
f 5645 5666 5646
f 5646 5666 5667
f 5646 5667 5647
f 5647 5667 5668
f 5647 5668 5648
f 5648 5668 5669
f 5648 5669 5649
f 5649 5669 5670
f 5650 5671 5651
f 5651 5671 5672
f 5651 5672 5652
f 5652 5672 5673
f 5652 5673 5653
f 5653 5673 5674
f 5653 5674 5654
f 5654 5674 5675
f 5654 5675 5655
f 5655 5675 5676
f 5655 5676 5656
f 5656 5676 5677
f 5656 5677 5657
f 5657 5677 5678
f 5657 5678 5658
f 5658 5678 5679
f 5658 5679 5659
f 5659 5679 5680
f 5659 5680 5660
f 5660 5680 5681
f 5660 5681 5661
f 5661 5681 5682
f 5661 5682 5662
f 5662 5682 5683
f 5662 5683 5663
f 5663 5683 5684
f 5663 5684 5664
f 5664 5684 5685
f 5664 5685 5665
f 5665 5685 5686
f 5665 5686 5666
f 5666 5686 5687
f 5666 5687 5667
f 5667 5687 5688
f 5667 5688 5668
f 5668 5688 5689
f 5668 5689 5669
f 5669 5689 5690
f 5669 5690 5670
f 5670 5690 5691
f 5671 5692 5672
f 5672 5692 5693
f 5672 5693 5673
f 5673 5693 5694
f 5673 5694 5674
f 5674 5694 5695
f 5674 5695 5675
f 5675 5695 5696
f 5675 5696 5676
f 5676 5696 5697
f 5676 5697 5677
f 5677 5697 5698
f 5677 5698 5678
f 5678 5698 5699
f 5678 5699 5679
f 5679 5699 5700
f 5679 5700 5680
f 5680 5700 5701
f 5680 5701 5681
f 5681 5701 5702
f 5681 5702 5682
f 5682 5702 5703
f 5682 5703 5683
f 5683 5703 5704
f 5683 5704 5684
f 5684 5704 5705
f 5684 5705 5685
f 5685 5705 5706
f 5685 5706 5686
f 5686 5706 5707
f 5686 5707 5687
f 5687 5707 5708
f 5687 5708 5688
f 5688 5708 5709
f 5688 5709 5689
f 5689 5709 5710
f 5689 5710 5690
f 5690 5710 5711
f 5690 5711 5691
f 5691 5711 5712
f 5692 5713 5693
f 5693 5713 5714
f 5693 5714 5694
f 5694 5714 5715
f 5694 5715 5695
f 5695 5715 5716
f 5695 5716 5696
f 5696 5716 5717
f 5696 5717 5697
f 5697 5717 5718
f 5697 5718 5698
f 5698 5718 5719
f 5698 5719 5699
f 5699 5719 5720
f 5699 5720 5700
f 5700 5720 5721
f 5700 5721 5701
f 5701 5721 5722
f 5701 5722 5702
f 5702 5722 5723
f 5702 5723 5703
f 5703 5723 5724
f 5703 5724 5704
f 5704 5724 5725
f 5704 5725 5705
f 5705 5725 5726
f 5705 5726 5706
f 5706 5726 5727
f 5706 5727 5707
f 5707 5727 5728
f 5707 5728 5708
f 5708 5728 5729
f 5708 5729 5709
f 5709 5729 5730
f 5709 5730 5710
f 5710 5730 5731
f 5710 5731 5711
f 5711 5731 5732
f 5711 5732 5712
f 5712 5732 5733
f 5713 5734 5714
f 5714 5734 5735
f 5714 5735 5715
f 5715 5735 5736
f 5715 5736 5716
f 5716 5736 5737
f 5716 5737 5717
f 5717 5737 5738
f 5717 5738 5718
f 5718 5738 5739
f 5718 5739 5719
f 5719 5739 5740
f 5719 5740 5720
f 5720 5740 5741
f 5720 5741 5721
f 5721 5741 5742
f 5721 5742 5722
f 5722 5742 5743
f 5722 5743 5723
f 5723 5743 5744
f 5723 5744 5724
f 5724 5744 5745
f 5724 5745 5725
f 5725 5745 5746
f 5725 5746 5726
f 5726 5746 5747
f 5726 5747 5727
f 5727 5747 5748
f 5727 5748 5728
f 5728 5748 5749
f 5728 5749 5729
f 5729 5749 5750
f 5729 5750 5730
f 5730 5750 5751
f 5730 5751 5731
f 5731 5751 5752
f 5731 5752 5732
f 5732 5752 5753
f 5732 5753 5733
f 5733 5753 5754
f 5734 5755 5735
f 5735 5755 5756
f 5735 5756 5736
f 5736 5756 5757
f 5736 5757 5737
f 5737 5757 5758
f 5737 5758 5738
f 5738 5758 5759
f 5738 5759 5739
f 5739 5759 5760
f 5739 5760 5740
f 5740 5760 5761
f 5740 5761 5741
f 5741 5761 5762
f 5741 5762 5742
f 5742 5762 5763
f 5742 5763 5743
f 5743 5763 5764
f 5743 5764 5744
f 5744 5764 5765
f 5744 5765 5745
f 5745 5765 5766
f 5745 5766 5746
f 5746 5766 5767
f 5746 5767 5747
f 5747 5767 5768
f 5747 5768 5748
f 5748 5768 5769
f 5748 5769 5749
f 5749 5769 5770
f 5749 5770 5750
f 5750 5770 5771
f 5750 5771 5751
f 5751 5771 5772
f 5751 5772 5752
f 5752 5772 5773
f 5752 5773 5753
f 5753 5773 5774
f 5753 5774 5754
f 5754 5774 5775
f 5755 5776 5756
f 5756 5776 5777
f 5756 5777 5757
f 5757 5777 5778
f 5757 5778 5758
f 5758 5778 5779
f 5758 5779 5759
f 5759 5779 5780
f 5759 5780 5760
f 5760 5780 5781
f 5760 5781 5761
f 5761 5781 5782
f 5761 5782 5762
f 5762 5782 5783
f 5762 5783 5763
f 5763 5783 5784
f 5763 5784 5764
f 5764 5784 5785
f 5764 5785 5765
f 5765 5785 5786
f 5765 5786 5766
f 5766 5786 5787
f 5766 5787 5767
f 5767 5787 5788
f 5767 5788 5768
f 5768 5788 5789
f 5768 5789 5769
f 5769 5789 5790
f 5769 5790 5770
f 5770 5790 5791
f 5770 5791 5771
f 5771 5791 5792
f 5771 5792 5772
f 5772 5792 5793
f 5772 5793 5773
f 5773 5793 5794
f 5773 5794 5774
f 5774 5794 5795
f 5774 5795 5775
f 5775 5795 5796
f 5776 5797 5777
f 5777 5797 5798
f 5777 5798 5778
f 5778 5798 5799
f 5778 5799 5779
f 5779 5799 5800
f 5779 5800 5780
f 5780 5800 5801
f 5780 5801 5781
f 5781 5801 5802
f 5781 5802 5782
f 5782 5802 5803
f 5782 5803 5783
f 5783 5803 5804
f 5783 5804 5784
f 5784 5804 5805
f 5784 5805 5785
f 5785 5805 5806
f 5785 5806 5786
f 5786 5806 5807
f 5786 5807 5787
f 5787 5807 5808
f 5787 5808 5788
f 5788 5808 5809
f 5788 5809 5789
f 5789 5809 5810
f 5789 5810 5790
f 5790 5810 5811
f 5790 5811 5791
f 5791 5811 5812
f 5791 5812 5792
f 5792 5812 5813
f 5792 5813 5793
f 5793 5813 5814
f 5793 5814 5794
f 5794 5814 5815
f 5794 5815 5795
f 5795 5815 5816
f 5795 5816 5796
f 5796 5816 5817
f 5797 5818 5798
f 5798 5819 5799
f 5799 5820 5800
f 5800 5821 5801
f 5801 5822 5802
f 5802 5823 5803
f 5803 5824 5804
f 5804 5825 5805
f 5805 5826 5806
f 5806 5827 5807
f 5807 5828 5808
f 5808 5829 5809
f 5809 5830 5810
f 5810 5831 5811
f 5811 5832 5812
f 5812 5833 5813
f 5813 5834 5814
f 5814 5835 5815
f 5815 5836 5816
f 5816 5837 5817
usemtl body_mid
f 5839 5841 5840
f 5840 5841 5842
f 5841 5843 5842
f 5842 5843 5844
f 5843 5845 5844
f 5844 5845 5846
f 5845 5847 5846
f 5846 5847 5848
f 5847 5849 5848
f 5848 5849 5850
f 5849 5851 5850
f 5850 5851 5852
f 5851 5853 5852
f 5852 5853 5854
f 5853 5855 5854
f 5854 5855 5856
f 5857 5839 5841
f 5858 5842 5840
f 5857 5841 5843
f 5858 5844 5842
f 5857 5843 5845
f 5858 5846 5844
f 5857 5845 5847
f 5858 5848 5846
f 5857 5847 5849
f 5858 5850 5848
f 5857 5849 5851
f 5858 5852 5850
f 5857 5851 5853
f 5858 5854 5852
f 5857 5853 5855
f 5858 5856 5854
usemtl body_dark
f 5860 5880 5881
f 5861 5881 5882
f 5862 5882 5883
f 5863 5883 5884
f 5864 5884 5885
f 5865 5885 5886
f 5866 5886 5887
f 5867 5887 5888
f 5868 5888 5889
f 5869 5889 5890
f 5870 5890 5891
f 5871 5891 5892
f 5872 5892 5893
f 5873 5893 5894
f 5874 5894 5895
f 5875 5895 5896
f 5876 5896 5897
f 5877 5897 5898
f 5878 5898 5899
f 5879 5899 5900
f 5880 5901 5881
f 5881 5901 5902
f 5881 5902 5882
f 5882 5902 5903
f 5882 5903 5883
f 5883 5903 5904
f 5883 5904 5884
f 5884 5904 5905
f 5884 5905 5885
f 5885 5905 5906
f 5885 5906 5886
f 5886 5906 5907
f 5886 5907 5887
f 5887 5907 5908
f 5887 5908 5888
f 5888 5908 5909
f 5888 5909 5889
f 5889 5909 5910
f 5889 5910 5890
f 5890 5910 5911
f 5890 5911 5891
f 5891 5911 5912
f 5891 5912 5892
f 5892 5912 5913
f 5892 5913 5893
f 5893 5913 5914
f 5893 5914 5894
f 5894 5914 5915
f 5894 5915 5895
f 5895 5915 5916
f 5895 5916 5896
f 5896 5916 5917
f 5896 5917 5897
f 5897 5917 5918
f 5897 5918 5898
f 5898 5918 5919
f 5898 5919 5899
f 5899 5919 5920
f 5899 5920 5900
f 5900 5920 5921
f 5901 5922 5902
f 5902 5922 5923
f 5902 5923 5903
f 5903 5923 5924
f 5903 5924 5904
f 5904 5924 5925
f 5904 5925 5905
f 5905 5925 5926
f 5905 5926 5906
f 5906 5926 5927
f 5906 5927 5907
f 5907 5927 5928
f 5907 5928 5908
f 5908 5928 5929
f 5908 5929 5909
f 5909 5929 5930
f 5909 5930 5910
f 5910 5930 5931
f 5910 5931 5911
f 5911 5931 5932
f 5911 5932 5912
f 5912 5932 5933
f 5912 5933 5913
f 5913 5933 5934
f 5913 5934 5914
f 5914 5934 5935
f 5914 5935 5915
f 5915 5935 5936
f 5915 5936 5916
f 5916 5936 5937
f 5916 5937 5917
f 5917 5937 5938
f 5917 5938 5918
f 5918 5938 5939
f 5918 5939 5919
f 5919 5939 5940
f 5919 5940 5920
f 5920 5940 5941
f 5920 5941 5921
f 5921 5941 5942
f 5922 5943 5923
f 5923 5943 5944
f 5923 5944 5924
f 5924 5944 5945
f 5924 5945 5925
f 5925 5945 5946
f 5925 5946 5926
f 5926 5946 5947
f 5926 5947 5927
f 5927 5947 5948
f 5927 5948 5928
f 5928 5948 5949
f 5928 5949 5929
f 5929 5949 5950
f 5929 5950 5930
f 5930 5950 5951
f 5930 5951 5931
f 5931 5951 5952
f 5931 5952 5932
f 5932 5952 5953
f 5932 5953 5933
f 5933 5953 5954
f 5933 5954 5934
f 5934 5954 5955
f 5934 5955 5935
f 5935 5955 5956
f 5935 5956 5936
f 5936 5956 5957
f 5936 5957 5937
f 5937 5957 5958
f 5937 5958 5938
f 5938 5958 5959
f 5938 5959 5939
f 5939 5959 5960
f 5939 5960 5940
f 5940 5960 5961
f 5940 5961 5941
f 5941 5961 5962
f 5941 5962 5942
f 5942 5962 5963
f 5943 5964 5944
f 5944 5964 5965
f 5944 5965 5945
f 5945 5965 5966
f 5945 5966 5946
f 5946 5966 5967
f 5946 5967 5947
f 5947 5967 5968
f 5947 5968 5948
f 5948 5968 5969
f 5948 5969 5949
f 5949 5969 5970
f 5949 5970 5950
f 5950 5970 5971
f 5950 5971 5951
f 5951 5971 5972
f 5951 5972 5952
f 5952 5972 5973
f 5952 5973 5953
f 5953 5973 5974
f 5953 5974 5954
f 5954 5974 5975
f 5954 5975 5955
f 5955 5975 5976
f 5955 5976 5956
f 5956 5976 5977
f 5956 5977 5957
f 5957 5977 5978
f 5957 5978 5958
f 5958 5978 5979
f 5958 5979 5959
f 5959 5979 5980
f 5959 5980 5960
f 5960 5980 5981
f 5960 5981 5961
f 5961 5981 5982
f 5961 5982 5962
f 5962 5982 5983
f 5962 5983 5963
f 5963 5983 5984
f 5964 5985 5965
f 5965 5985 5986
f 5965 5986 5966
f 5966 5986 5987
f 5966 5987 5967
f 5967 5987 5988
f 5967 5988 5968
f 5968 5988 5989
f 5968 5989 5969
f 5969 5989 5990
f 5969 5990 5970
f 5970 5990 5991
f 5970 5991 5971
f 5971 5991 5992
f 5971 5992 5972
f 5972 5992 5993
f 5972 5993 5973
f 5973 5993 5994
f 5973 5994 5974
f 5974 5994 5995
f 5974 5995 5975
f 5975 5995 5996
f 5975 5996 5976
f 5976 5996 5997
f 5976 5997 5977
f 5977 5997 5998
f 5977 5998 5978
f 5978 5998 5999
f 5978 5999 5979
f 5979 5999 6000
f 5979 6000 5980
f 5980 6000 6001
f 5980 6001 5981
f 5981 6001 6002
f 5981 6002 5982
f 5982 6002 6003
f 5982 6003 5983
f 5983 6003 6004
f 5983 6004 5984
f 5984 6004 6005
f 5985 6006 5986
f 5986 6006 6007
f 5986 6007 5987
f 5987 6007 6008
f 5987 6008 5988
f 5988 6008 6009
f 5988 6009 5989
f 5989 6009 6010
f 5989 6010 5990
f 5990 6010 6011
f 5990 6011 5991
f 5991 6011 6012
f 5991 6012 5992
f 5992 6012 6013
f 5992 6013 5993
f 5993 6013 6014
f 5993 6014 5994
f 5994 6014 6015
f 5994 6015 5995
f 5995 6015 6016
f 5995 6016 5996
f 5996 6016 6017
f 5996 6017 5997
f 5997 6017 6018
f 5997 6018 5998
f 5998 6018 6019
f 5998 6019 5999
f 5999 6019 6020
f 5999 6020 6000
f 6000 6020 6021
f 6000 6021 6001
f 6001 6021 6022
f 6001 6022 6002
f 6002 6022 6023
f 6002 6023 6003
f 6003 6023 6024
f 6003 6024 6004
f 6004 6024 6025
f 6004 6025 6005
f 6005 6025 6026
f 6006 6027 6007
f 6007 6027 6028
f 6007 6028 6008
f 6008 6028 6029
f 6008 6029 6009
f 6009 6029 6030
f 6009 6030 6010
f 6010 6030 6031
f 6010 6031 6011
f 6011 6031 6032
f 6011 6032 6012
f 6012 6032 6033
f 6012 6033 6013
f 6013 6033 6034
f 6013 6034 6014
f 6014 6034 6035
f 6014 6035 6015
f 6015 6035 6036
f 6015 6036 6016
f 6016 6036 6037
f 6016 6037 6017
f 6017 6037 6038
f 6017 6038 6018
f 6018 6038 6039
f 6018 6039 6019
f 6019 6039 6040
f 6019 6040 6020
f 6020 6040 6041
f 6020 6041 6021
f 6021 6041 6042
f 6021 6042 6022
f 6022 6042 6043
f 6022 6043 6023
f 6023 6043 6044
f 6023 6044 6024
f 6024 6044 6045
f 6024 6045 6025
f 6025 6045 6046
f 6025 6046 6026
f 6026 6046 6047
f 6027 6048 6028
f 6028 6048 6049
f 6028 6049 6029
f 6029 6049 6050
f 6029 6050 6030
f 6030 6050 6051
f 6030 6051 6031
f 6031 6051 6052
f 6031 6052 6032
f 6032 6052 6053
f 6032 6053 6033
f 6033 6053 6054
f 6033 6054 6034
f 6034 6054 6055
f 6034 6055 6035
f 6035 6055 6056
f 6035 6056 6036
f 6036 6056 6057
f 6036 6057 6037
f 6037 6057 6058
f 6037 6058 6038
f 6038 6058 6059
f 6038 6059 6039
f 6039 6059 6060
f 6039 6060 6040
f 6040 6060 6061
f 6040 6061 6041
f 6041 6061 6062
f 6041 6062 6042
f 6042 6062 6063
f 6042 6063 6043
f 6043 6063 6064
f 6043 6064 6044
f 6044 6064 6065
f 6044 6065 6045
f 6045 6065 6066
f 6045 6066 6046
f 6046 6066 6067
f 6046 6067 6047
f 6047 6067 6068
f 6048 6069 6049
f 6049 6069 6070
f 6049 6070 6050
f 6050 6070 6071
f 6050 6071 6051
f 6051 6071 6072
f 6051 6072 6052
f 6052 6072 6073
f 6052 6073 6053
f 6053 6073 6074
f 6053 6074 6054
f 6054 6074 6075
f 6054 6075 6055
f 6055 6075 6076
f 6055 6076 6056
f 6056 6076 6077
f 6056 6077 6057
f 6057 6077 6078
f 6057 6078 6058
f 6058 6078 6079
f 6058 6079 6059
f 6059 6079 6080
f 6059 6080 6060
f 6060 6080 6081
f 6060 6081 6061
f 6061 6081 6082
f 6061 6082 6062
f 6062 6082 6083
f 6062 6083 6063
f 6063 6083 6084
f 6063 6084 6064
f 6064 6084 6085
f 6064 6085 6065
f 6065 6085 6086
f 6065 6086 6066
f 6066 6086 6087
f 6066 6087 6067
f 6067 6087 6088
f 6067 6088 6068
f 6068 6088 6089
f 6069 6090 6070
f 6070 6090 6091
f 6070 6091 6071
f 6071 6091 6092
f 6071 6092 6072
f 6072 6092 6093
f 6072 6093 6073
f 6073 6093 6094
f 6073 6094 6074
f 6074 6094 6095
f 6074 6095 6075
f 6075 6095 6096
f 6075 6096 6076
f 6076 6096 6097
f 6076 6097 6077
f 6077 6097 6098
f 6077 6098 6078
f 6078 6098 6099
f 6078 6099 6079
f 6079 6099 6100
f 6079 6100 6080
f 6080 6100 6101
f 6080 6101 6081
f 6081 6101 6102
f 6081 6102 6082
f 6082 6102 6103
f 6082 6103 6083
f 6083 6103 6104
f 6083 6104 6084
f 6084 6104 6105
f 6084 6105 6085
f 6085 6105 6106
f 6085 6106 6086
f 6086 6106 6107
f 6086 6107 6087
f 6087 6107 6108
f 6087 6108 6088
f 6088 6108 6109
f 6088 6109 6089
f 6089 6109 6110
f 6090 6111 6091
f 6091 6111 6112
f 6091 6112 6092
f 6092 6112 6113
f 6092 6113 6093
f 6093 6113 6114
f 6093 6114 6094
f 6094 6114 6115
f 6094 6115 6095
f 6095 6115 6116
f 6095 6116 6096
f 6096 6116 6117
f 6096 6117 6097
f 6097 6117 6118
f 6097 6118 6098
f 6098 6118 6119
f 6098 6119 6099
f 6099 6119 6120
f 6099 6120 6100
f 6100 6120 6121
f 6100 6121 6101
f 6101 6121 6122
f 6101 6122 6102
f 6102 6122 6123
f 6102 6123 6103
f 6103 6123 6124
f 6103 6124 6104
f 6104 6124 6125
f 6104 6125 6105
f 6105 6125 6126
f 6105 6126 6106
f 6106 6126 6127
f 6106 6127 6107
f 6107 6127 6128
f 6107 6128 6108
f 6108 6128 6129
f 6108 6129 6109
f 6109 6129 6130
f 6109 6130 6110
f 6110 6130 6131
f 6111 6132 6112
f 6112 6132 6133
f 6112 6133 6113
f 6113 6133 6134
f 6113 6134 6114
f 6114 6134 6135
f 6114 6135 6115
f 6115 6135 6136
f 6115 6136 6116
f 6116 6136 6137
f 6116 6137 6117
f 6117 6137 6138
f 6117 6138 6118
f 6118 6138 6139
f 6118 6139 6119
f 6119 6139 6140
f 6119 6140 6120
f 6120 6140 6141
f 6120 6141 6121
f 6121 6141 6142
f 6121 6142 6122
f 6122 6142 6143
f 6122 6143 6123
f 6123 6143 6144
f 6123 6144 6124
f 6124 6144 6145
f 6124 6145 6125
f 6125 6145 6146
f 6125 6146 6126
f 6126 6146 6147
f 6126 6147 6127
f 6127 6147 6148
f 6127 6148 6128
f 6128 6148 6149
f 6128 6149 6129
f 6129 6149 6150
f 6129 6150 6130
f 6130 6150 6151
f 6130 6151 6131
f 6131 6151 6152
f 6132 6153 6133
f 6133 6154 6134
f 6134 6155 6135
f 6135 6156 6136
f 6136 6157 6137
f 6137 6158 6138
f 6138 6159 6139
f 6139 6160 6140
f 6140 6161 6141
f 6141 6162 6142
f 6142 6163 6143
f 6143 6164 6144
f 6144 6165 6145
f 6145 6166 6146
f 6146 6167 6147
f 6147 6168 6148
f 6148 6169 6149
f 6149 6170 6150
f 6150 6171 6151
f 6151 6172 6152
usemtl body_mid
f 6174 6176 6175
f 6175 6176 6177
f 6176 6178 6177
f 6177 6178 6179
f 6178 6180 6179
f 6179 6180 6181
f 6180 6182 6181
f 6181 6182 6183
f 6182 6184 6183
f 6183 6184 6185
f 6184 6186 6185
f 6185 6186 6187
f 6186 6188 6187
f 6187 6188 6189
f 6188 6190 6189
f 6189 6190 6191
f 6192 6174 6176
f 6193 6177 6175
f 6192 6176 6178
f 6193 6179 6177
f 6192 6178 6180
f 6193 6181 6179
f 6192 6180 6182
f 6193 6183 6181
f 6192 6182 6184
f 6193 6185 6183
f 6192 6184 6186
f 6193 6187 6185
f 6192 6186 6188
f 6193 6189 6187
f 6192 6188 6190
f 6193 6191 6189
usemtl body_dark
f 6195 6215 6216
f 6196 6216 6217
f 6197 6217 6218
f 6198 6218 6219
f 6199 6219 6220
f 6200 6220 6221
f 6201 6221 6222
f 6202 6222 6223
f 6203 6223 6224
f 6204 6224 6225
f 6205 6225 6226
f 6206 6226 6227
f 6207 6227 6228
f 6208 6228 6229
f 6209 6229 6230
f 6210 6230 6231
f 6211 6231 6232
f 6212 6232 6233
f 6213 6233 6234
f 6214 6234 6235
f 6215 6236 6216
f 6216 6236 6237
f 6216 6237 6217
f 6217 6237 6238
f 6217 6238 6218
f 6218 6238 6239
f 6218 6239 6219
f 6219 6239 6240
f 6219 6240 6220
f 6220 6240 6241
f 6220 6241 6221
f 6221 6241 6242
f 6221 6242 6222
f 6222 6242 6243
f 6222 6243 6223
f 6223 6243 6244
f 6223 6244 6224
f 6224 6244 6245
f 6224 6245 6225
f 6225 6245 6246
f 6225 6246 6226
f 6226 6246 6247
f 6226 6247 6227
f 6227 6247 6248
f 6227 6248 6228
f 6228 6248 6249
f 6228 6249 6229
f 6229 6249 6250
f 6229 6250 6230
f 6230 6250 6251
f 6230 6251 6231
f 6231 6251 6252
f 6231 6252 6232
f 6232 6252 6253
f 6232 6253 6233
f 6233 6253 6254
f 6233 6254 6234
f 6234 6254 6255
f 6234 6255 6235
f 6235 6255 6256
f 6236 6257 6237
f 6237 6257 6258
f 6237 6258 6238
f 6238 6258 6259
f 6238 6259 6239
f 6239 6259 6260
f 6239 6260 6240
f 6240 6260 6261
f 6240 6261 6241
f 6241 6261 6262
f 6241 6262 6242
f 6242 6262 6263
f 6242 6263 6243
f 6243 6263 6264
f 6243 6264 6244
f 6244 6264 6265
f 6244 6265 6245
f 6245 6265 6266
f 6245 6266 6246
f 6246 6266 6267
f 6246 6267 6247
f 6247 6267 6268
f 6247 6268 6248
f 6248 6268 6269
f 6248 6269 6249
f 6249 6269 6270
f 6249 6270 6250
f 6250 6270 6271
f 6250 6271 6251
f 6251 6271 6272
f 6251 6272 6252
f 6252 6272 6273
f 6252 6273 6253
f 6253 6273 6274
f 6253 6274 6254
f 6254 6274 6275
f 6254 6275 6255
f 6255 6275 6276
f 6255 6276 6256
f 6256 6276 6277
f 6257 6278 6258
f 6258 6278 6279
f 6258 6279 6259
f 6259 6279 6280
f 6259 6280 6260
f 6260 6280 6281
f 6260 6281 6261
f 6261 6281 6282
f 6261 6282 6262
f 6262 6282 6283
f 6262 6283 6263
f 6263 6283 6284
f 6263 6284 6264
f 6264 6284 6285
f 6264 6285 6265
f 6265 6285 6286
f 6265 6286 6266
f 6266 6286 6287
f 6266 6287 6267
f 6267 6287 6288
f 6267 6288 6268
f 6268 6288 6289
f 6268 6289 6269
f 6269 6289 6290
f 6269 6290 6270
f 6270 6290 6291
f 6270 6291 6271
f 6271 6291 6292
f 6271 6292 6272
f 6272 6292 6293
f 6272 6293 6273
f 6273 6293 6294
f 6273 6294 6274
f 6274 6294 6295
f 6274 6295 6275
f 6275 6295 6296
f 6275 6296 6276
f 6276 6296 6297
f 6276 6297 6277
f 6277 6297 6298
f 6278 6299 6279
f 6279 6299 6300
f 6279 6300 6280
f 6280 6300 6301
f 6280 6301 6281
f 6281 6301 6302
f 6281 6302 6282
f 6282 6302 6303
f 6282 6303 6283
f 6283 6303 6304
f 6283 6304 6284
f 6284 6304 6305
f 6284 6305 6285
f 6285 6305 6306
f 6285 6306 6286
f 6286 6306 6307
f 6286 6307 6287
f 6287 6307 6308
f 6287 6308 6288
f 6288 6308 6309
f 6288 6309 6289
f 6289 6309 6310
f 6289 6310 6290
f 6290 6310 6311
f 6290 6311 6291
f 6291 6311 6312
f 6291 6312 6292
f 6292 6312 6313
f 6292 6313 6293
f 6293 6313 6314
f 6293 6314 6294
f 6294 6314 6315
f 6294 6315 6295
f 6295 6315 6316
f 6295 6316 6296
f 6296 6316 6317
f 6296 6317 6297
f 6297 6317 6318
f 6297 6318 6298
f 6298 6318 6319
f 6299 6320 6300
f 6300 6320 6321
f 6300 6321 6301
f 6301 6321 6322
f 6301 6322 6302
f 6302 6322 6323
f 6302 6323 6303
f 6303 6323 6324
f 6303 6324 6304
f 6304 6324 6325
f 6304 6325 6305
f 6305 6325 6326
f 6305 6326 6306
f 6306 6326 6327
f 6306 6327 6307
f 6307 6327 6328
f 6307 6328 6308
f 6308 6328 6329
f 6308 6329 6309
f 6309 6329 6330
f 6309 6330 6310
f 6310 6330 6331
f 6310 6331 6311
f 6311 6331 6332
f 6311 6332 6312
f 6312 6332 6333
f 6312 6333 6313
f 6313 6333 6334
f 6313 6334 6314
f 6314 6334 6335
f 6314 6335 6315
f 6315 6335 6336
f 6315 6336 6316
f 6316 6336 6337
f 6316 6337 6317
f 6317 6337 6338
f 6317 6338 6318
f 6318 6338 6339
f 6318 6339 6319
f 6319 6339 6340
f 6320 6341 6321
f 6321 6341 6342
f 6321 6342 6322
f 6322 6342 6343
f 6322 6343 6323
f 6323 6343 6344
f 6323 6344 6324
f 6324 6344 6345
f 6324 6345 6325
f 6325 6345 6346
f 6325 6346 6326
f 6326 6346 6347
f 6326 6347 6327
f 6327 6347 6348
f 6327 6348 6328
f 6328 6348 6349
f 6328 6349 6329
f 6329 6349 6350
f 6329 6350 6330
f 6330 6350 6351
f 6330 6351 6331
f 6331 6351 6352
f 6331 6352 6332
f 6332 6352 6353
f 6332 6353 6333
f 6333 6353 6354
f 6333 6354 6334
f 6334 6354 6355
f 6334 6355 6335
f 6335 6355 6356
f 6335 6356 6336
f 6336 6356 6357
f 6336 6357 6337
f 6337 6357 6358
f 6337 6358 6338
f 6338 6358 6359
f 6338 6359 6339
f 6339 6359 6360
f 6339 6360 6340
f 6340 6360 6361
f 6341 6362 6342
f 6342 6362 6363
f 6342 6363 6343
f 6343 6363 6364
f 6343 6364 6344
f 6344 6364 6365
f 6344 6365 6345
f 6345 6365 6366
f 6345 6366 6346
f 6346 6366 6367
f 6346 6367 6347
f 6347 6367 6368
f 6347 6368 6348
f 6348 6368 6369
f 6348 6369 6349
f 6349 6369 6370
f 6349 6370 6350
f 6350 6370 6371
f 6350 6371 6351
f 6351 6371 6372
f 6351 6372 6352
f 6352 6372 6373
f 6352 6373 6353
f 6353 6373 6374
f 6353 6374 6354
f 6354 6374 6375
f 6354 6375 6355
f 6355 6375 6376
f 6355 6376 6356
f 6356 6376 6377
f 6356 6377 6357
f 6357 6377 6378
f 6357 6378 6358
f 6358 6378 6379
f 6358 6379 6359
f 6359 6379 6380
f 6359 6380 6360
f 6360 6380 6381
f 6360 6381 6361
f 6361 6381 6382
f 6362 6383 6363
f 6363 6383 6384
f 6363 6384 6364
f 6364 6384 6385
f 6364 6385 6365
f 6365 6385 6386
f 6365 6386 6366
f 6366 6386 6387
f 6366 6387 6367
f 6367 6387 6388
f 6367 6388 6368
f 6368 6388 6389
f 6368 6389 6369
f 6369 6389 6390
f 6369 6390 6370
f 6370 6390 6391
f 6370 6391 6371
f 6371 6391 6392
f 6371 6392 6372
f 6372 6392 6393
f 6372 6393 6373
f 6373 6393 6394
f 6373 6394 6374
f 6374 6394 6395
f 6374 6395 6375
f 6375 6395 6396
f 6375 6396 6376
f 6376 6396 6397
f 6376 6397 6377
f 6377 6397 6398
f 6377 6398 6378
f 6378 6398 6399
f 6378 6399 6379
f 6379 6399 6400
f 6379 6400 6380
f 6380 6400 6401
f 6380 6401 6381
f 6381 6401 6402
f 6381 6402 6382
f 6382 6402 6403
f 6383 6404 6384
f 6384 6404 6405
f 6384 6405 6385
f 6385 6405 6406
f 6385 6406 6386
f 6386 6406 6407
f 6386 6407 6387
f 6387 6407 6408
f 6387 6408 6388
f 6388 6408 6409
f 6388 6409 6389
f 6389 6409 6410
f 6389 6410 6390
f 6390 6410 6411
f 6390 6411 6391
f 6391 6411 6412
f 6391 6412 6392
f 6392 6412 6413
f 6392 6413 6393
f 6393 6413 6414
f 6393 6414 6394
f 6394 6414 6415
f 6394 6415 6395
f 6395 6415 6416
f 6395 6416 6396
f 6396 6416 6417
f 6396 6417 6397
f 6397 6417 6418
f 6397 6418 6398
f 6398 6418 6419
f 6398 6419 6399
f 6399 6419 6420
f 6399 6420 6400
f 6400 6420 6421
f 6400 6421 6401
f 6401 6421 6422
f 6401 6422 6402
f 6402 6422 6423
f 6402 6423 6403
f 6403 6423 6424
f 6404 6425 6405
f 6405 6425 6426
f 6405 6426 6406
f 6406 6426 6427
f 6406 6427 6407
f 6407 6427 6428
f 6407 6428 6408
f 6408 6428 6429
f 6408 6429 6409
f 6409 6429 6430
f 6409 6430 6410
f 6410 6430 6431
f 6410 6431 6411
f 6411 6431 6432
f 6411 6432 6412
f 6412 6432 6433
f 6412 6433 6413
f 6413 6433 6434
f 6413 6434 6414
f 6414 6434 6435
f 6414 6435 6415
f 6415 6435 6436
f 6415 6436 6416
f 6416 6436 6437
f 6416 6437 6417
f 6417 6437 6438
f 6417 6438 6418
f 6418 6438 6439
f 6418 6439 6419
f 6419 6439 6440
f 6419 6440 6420
f 6420 6440 6441
f 6420 6441 6421
f 6421 6441 6442
f 6421 6442 6422
f 6422 6442 6443
f 6422 6443 6423
f 6423 6443 6444
f 6423 6444 6424
f 6424 6444 6445
f 6425 6446 6426
f 6426 6446 6447
f 6426 6447 6427
f 6427 6447 6448
f 6427 6448 6428
f 6428 6448 6449
f 6428 6449 6429
f 6429 6449 6450
f 6429 6450 6430
f 6430 6450 6451
f 6430 6451 6431
f 6431 6451 6452
f 6431 6452 6432
f 6432 6452 6453
f 6432 6453 6433
f 6433 6453 6454
f 6433 6454 6434
f 6434 6454 6455
f 6434 6455 6435
f 6435 6455 6456
f 6435 6456 6436
f 6436 6456 6457
f 6436 6457 6437
f 6437 6457 6458
f 6437 6458 6438
f 6438 6458 6459
f 6438 6459 6439
f 6439 6459 6460
f 6439 6460 6440
f 6440 6460 6461
f 6440 6461 6441
f 6441 6461 6462
f 6441 6462 6442
f 6442 6462 6463
f 6442 6463 6443
f 6443 6463 6464
f 6443 6464 6444
f 6444 6464 6465
f 6444 6465 6445
f 6445 6465 6466
f 6446 6467 6447
f 6447 6467 6468
f 6447 6468 6448
f 6448 6468 6469
f 6448 6469 6449
f 6449 6469 6470
f 6449 6470 6450
f 6450 6470 6471
f 6450 6471 6451
f 6451 6471 6472
f 6451 6472 6452
f 6452 6472 6473
f 6452 6473 6453
f 6453 6473 6474
f 6453 6474 6454
f 6454 6474 6475
f 6454 6475 6455
f 6455 6475 6476
f 6455 6476 6456
f 6456 6476 6477
f 6456 6477 6457
f 6457 6477 6478
f 6457 6478 6458
f 6458 6478 6479
f 6458 6479 6459
f 6459 6479 6480
f 6459 6480 6460
f 6460 6480 6481
f 6460 6481 6461
f 6461 6481 6482
f 6461 6482 6462
f 6462 6482 6483
f 6462 6483 6463
f 6463 6483 6484
f 6463 6484 6464
f 6464 6484 6485
f 6464 6485 6465
f 6465 6485 6486
f 6465 6486 6466
f 6466 6486 6487
f 6467 6488 6468
f 6468 6489 6469
f 6469 6490 6470
f 6470 6491 6471
f 6471 6492 6472
f 6472 6493 6473
f 6473 6494 6474
f 6474 6495 6475
f 6475 6496 6476
f 6476 6497 6477
f 6477 6498 6478
f 6478 6499 6479
f 6479 6500 6480
f 6480 6501 6481
f 6481 6502 6482
f 6482 6503 6483
f 6483 6504 6484
f 6484 6505 6485
f 6485 6506 6486
f 6486 6507 6487
usemtl body_mid
f 6509 6511 6510
f 6510 6511 6512
f 6511 6513 6512
f 6512 6513 6514
f 6513 6515 6514
f 6514 6515 6516
f 6515 6517 6516
f 6516 6517 6518
f 6517 6519 6518
f 6518 6519 6520
f 6519 6521 6520
f 6520 6521 6522
f 6521 6523 6522
f 6522 6523 6524
f 6523 6525 6524
f 6524 6525 6526
f 6527 6509 6511
f 6528 6512 6510
f 6527 6511 6513
f 6528 6514 6512
f 6527 6513 6515
f 6528 6516 6514
f 6527 6515 6517
f 6528 6518 6516
f 6527 6517 6519
f 6528 6520 6518
f 6527 6519 6521
f 6528 6522 6520
f 6527 6521 6523
f 6528 6524 6522
f 6527 6523 6525
f 6528 6526 6524
usemtl body_dark
f 6530 6550 6551
f 6531 6551 6552
f 6532 6552 6553
f 6533 6553 6554
f 6534 6554 6555
f 6535 6555 6556
f 6536 6556 6557
f 6537 6557 6558
f 6538 6558 6559
f 6539 6559 6560
f 6540 6560 6561
f 6541 6561 6562
f 6542 6562 6563
f 6543 6563 6564
f 6544 6564 6565
f 6545 6565 6566
f 6546 6566 6567
f 6547 6567 6568
f 6548 6568 6569
f 6549 6569 6570
f 6550 6571 6551
f 6551 6571 6572
f 6551 6572 6552
f 6552 6572 6573
f 6552 6573 6553
f 6553 6573 6574
f 6553 6574 6554
f 6554 6574 6575
f 6554 6575 6555
f 6555 6575 6576
f 6555 6576 6556
f 6556 6576 6577
f 6556 6577 6557
f 6557 6577 6578
f 6557 6578 6558
f 6558 6578 6579
f 6558 6579 6559
f 6559 6579 6580
f 6559 6580 6560
f 6560 6580 6581
f 6560 6581 6561
f 6561 6581 6582
f 6561 6582 6562
f 6562 6582 6583
f 6562 6583 6563
f 6563 6583 6584
f 6563 6584 6564
f 6564 6584 6585
f 6564 6585 6565
f 6565 6585 6586
f 6565 6586 6566
f 6566 6586 6587
f 6566 6587 6567
f 6567 6587 6588
f 6567 6588 6568
f 6568 6588 6589
f 6568 6589 6569
f 6569 6589 6590
f 6569 6590 6570
f 6570 6590 6591
f 6571 6592 6572
f 6572 6592 6593
f 6572 6593 6573
f 6573 6593 6594
f 6573 6594 6574
f 6574 6594 6595
f 6574 6595 6575
f 6575 6595 6596
f 6575 6596 6576
f 6576 6596 6597
f 6576 6597 6577
f 6577 6597 6598
f 6577 6598 6578
f 6578 6598 6599
f 6578 6599 6579
f 6579 6599 6600
f 6579 6600 6580
f 6580 6600 6601
f 6580 6601 6581
f 6581 6601 6602
f 6581 6602 6582
f 6582 6602 6603
f 6582 6603 6583
f 6583 6603 6604
f 6583 6604 6584
f 6584 6604 6605
f 6584 6605 6585
f 6585 6605 6606
f 6585 6606 6586
f 6586 6606 6607
f 6586 6607 6587
f 6587 6607 6608
f 6587 6608 6588
f 6588 6608 6609
f 6588 6609 6589
f 6589 6609 6610
f 6589 6610 6590
f 6590 6610 6611
f 6590 6611 6591
f 6591 6611 6612
f 6592 6613 6593
f 6593 6613 6614
f 6593 6614 6594
f 6594 6614 6615
f 6594 6615 6595
f 6595 6615 6616
f 6595 6616 6596
f 6596 6616 6617
f 6596 6617 6597
f 6597 6617 6618
f 6597 6618 6598
f 6598 6618 6619
f 6598 6619 6599
f 6599 6619 6620
f 6599 6620 6600
f 6600 6620 6621
f 6600 6621 6601
f 6601 6621 6622
f 6601 6622 6602
f 6602 6622 6623
f 6602 6623 6603
f 6603 6623 6624
f 6603 6624 6604
f 6604 6624 6625
f 6604 6625 6605
f 6605 6625 6626
f 6605 6626 6606
f 6606 6626 6627
f 6606 6627 6607
f 6607 6627 6628
f 6607 6628 6608
f 6608 6628 6629
f 6608 6629 6609
f 6609 6629 6630
f 6609 6630 6610
f 6610 6630 6631
f 6610 6631 6611
f 6611 6631 6632
f 6611 6632 6612
f 6612 6632 6633
f 6613 6634 6614
f 6614 6634 6635
f 6614 6635 6615
f 6615 6635 6636
f 6615 6636 6616
f 6616 6636 6637
f 6616 6637 6617
f 6617 6637 6638
f 6617 6638 6618
f 6618 6638 6639
f 6618 6639 6619
f 6619 6639 6640
f 6619 6640 6620
f 6620 6640 6641
f 6620 6641 6621
f 6621 6641 6642
f 6621 6642 6622
f 6622 6642 6643
f 6622 6643 6623
f 6623 6643 6644
f 6623 6644 6624
f 6624 6644 6645
f 6624 6645 6625
f 6625 6645 6646
f 6625 6646 6626
f 6626 6646 6647
f 6626 6647 6627
f 6627 6647 6648
f 6627 6648 6628
f 6628 6648 6649
f 6628 6649 6629
f 6629 6649 6650
f 6629 6650 6630
f 6630 6650 6651
f 6630 6651 6631
f 6631 6651 6652
f 6631 6652 6632
f 6632 6652 6653
f 6632 6653 6633
f 6633 6653 6654
f 6634 6655 6635
f 6635 6655 6656
f 6635 6656 6636
f 6636 6656 6657
f 6636 6657 6637
f 6637 6657 6658
f 6637 6658 6638
f 6638 6658 6659
f 6638 6659 6639
f 6639 6659 6660
f 6639 6660 6640
f 6640 6660 6661
f 6640 6661 6641
f 6641 6661 6662
f 6641 6662 6642
f 6642 6662 6663
f 6642 6663 6643
f 6643 6663 6664
f 6643 6664 6644
f 6644 6664 6665
f 6644 6665 6645
f 6645 6665 6666
f 6645 6666 6646
f 6646 6666 6667
f 6646 6667 6647
f 6647 6667 6668
f 6647 6668 6648
f 6648 6668 6669
f 6648 6669 6649
f 6649 6669 6670
f 6649 6670 6650
f 6650 6670 6671
f 6650 6671 6651
f 6651 6671 6672
f 6651 6672 6652
f 6652 6672 6673
f 6652 6673 6653
f 6653 6673 6674
f 6653 6674 6654
f 6654 6674 6675
f 6655 6676 6656
f 6656 6676 6677
f 6656 6677 6657
f 6657 6677 6678
f 6657 6678 6658
f 6658 6678 6679
f 6658 6679 6659
f 6659 6679 6680
f 6659 6680 6660
f 6660 6680 6681
f 6660 6681 6661
f 6661 6681 6682
f 6661 6682 6662
f 6662 6682 6683
f 6662 6683 6663
f 6663 6683 6684
f 6663 6684 6664
f 6664 6684 6685
f 6664 6685 6665
f 6665 6685 6686
f 6665 6686 6666
f 6666 6686 6687
f 6666 6687 6667
f 6667 6687 6688
f 6667 6688 6668
f 6668 6688 6689
f 6668 6689 6669
f 6669 6689 6690
f 6669 6690 6670
f 6670 6690 6691
f 6670 6691 6671
f 6671 6691 6692
f 6671 6692 6672
f 6672 6692 6693
f 6672 6693 6673
f 6673 6693 6694
f 6673 6694 6674
f 6674 6694 6695
f 6674 6695 6675
f 6675 6695 6696
f 6676 6697 6677
f 6677 6697 6698
f 6677 6698 6678
f 6678 6698 6699
f 6678 6699 6679
f 6679 6699 6700
f 6679 6700 6680
f 6680 6700 6701
f 6680 6701 6681
f 6681 6701 6702
f 6681 6702 6682
f 6682 6702 6703
f 6682 6703 6683
f 6683 6703 6704
f 6683 6704 6684
f 6684 6704 6705
f 6684 6705 6685
f 6685 6705 6706
f 6685 6706 6686
f 6686 6706 6707
f 6686 6707 6687
f 6687 6707 6708
f 6687 6708 6688
f 6688 6708 6709
f 6688 6709 6689
f 6689 6709 6710
f 6689 6710 6690
f 6690 6710 6711
f 6690 6711 6691
f 6691 6711 6712
f 6691 6712 6692
f 6692 6712 6713
f 6692 6713 6693
f 6693 6713 6714
f 6693 6714 6694
f 6694 6714 6715
f 6694 6715 6695
f 6695 6715 6716
f 6695 6716 6696
f 6696 6716 6717
f 6697 6718 6698
f 6698 6718 6719
f 6698 6719 6699
f 6699 6719 6720
f 6699 6720 6700
f 6700 6720 6721
f 6700 6721 6701
f 6701 6721 6722
f 6701 6722 6702
f 6702 6722 6723
f 6702 6723 6703
f 6703 6723 6724
f 6703 6724 6704
f 6704 6724 6725
f 6704 6725 6705
f 6705 6725 6726
f 6705 6726 6706
f 6706 6726 6727
f 6706 6727 6707
f 6707 6727 6728
f 6707 6728 6708
f 6708 6728 6729
f 6708 6729 6709
f 6709 6729 6730
f 6709 6730 6710
f 6710 6730 6731
f 6710 6731 6711
f 6711 6731 6732
f 6711 6732 6712
f 6712 6732 6733
f 6712 6733 6713
f 6713 6733 6734
f 6713 6734 6714
f 6714 6734 6735
f 6714 6735 6715
f 6715 6735 6736
f 6715 6736 6716
f 6716 6736 6737
f 6716 6737 6717
f 6717 6737 6738
f 6718 6739 6719
f 6719 6739 6740
f 6719 6740 6720
f 6720 6740 6741
f 6720 6741 6721
f 6721 6741 6742
f 6721 6742 6722
f 6722 6742 6743
f 6722 6743 6723
f 6723 6743 6744
f 6723 6744 6724
f 6724 6744 6745
f 6724 6745 6725
f 6725 6745 6746
f 6725 6746 6726
f 6726 6746 6747
f 6726 6747 6727
f 6727 6747 6748
f 6727 6748 6728
f 6728 6748 6749
f 6728 6749 6729
f 6729 6749 6750
f 6729 6750 6730
f 6730 6750 6751
f 6730 6751 6731
f 6731 6751 6752
f 6731 6752 6732
f 6732 6752 6753
f 6732 6753 6733
f 6733 6753 6754
f 6733 6754 6734
f 6734 6754 6755
f 6734 6755 6735
f 6735 6755 6756
f 6735 6756 6736
f 6736 6756 6757
f 6736 6757 6737
f 6737 6757 6758
f 6737 6758 6738
f 6738 6758 6759
f 6739 6760 6740
f 6740 6760 6761
f 6740 6761 6741
f 6741 6761 6762
f 6741 6762 6742
f 6742 6762 6763
f 6742 6763 6743
f 6743 6763 6764
f 6743 6764 6744
f 6744 6764 6765
f 6744 6765 6745
f 6745 6765 6766
f 6745 6766 6746
f 6746 6766 6767
f 6746 6767 6747
f 6747 6767 6768
f 6747 6768 6748
f 6748 6768 6769
f 6748 6769 6749
f 6749 6769 6770
f 6749 6770 6750
f 6750 6770 6771
f 6750 6771 6751
f 6751 6771 6772
f 6751 6772 6752
f 6752 6772 6773
f 6752 6773 6753
f 6753 6773 6774
f 6753 6774 6754
f 6754 6774 6775
f 6754 6775 6755
f 6755 6775 6776
f 6755 6776 6756
f 6756 6776 6777
f 6756 6777 6757
f 6757 6777 6778
f 6757 6778 6758
f 6758 6778 6779
f 6758 6779 6759
f 6759 6779 6780
f 6760 6781 6761
f 6761 6781 6782
f 6761 6782 6762
f 6762 6782 6783
f 6762 6783 6763
f 6763 6783 6784
f 6763 6784 6764
f 6764 6784 6785
f 6764 6785 6765
f 6765 6785 6786
f 6765 6786 6766
f 6766 6786 6787
f 6766 6787 6767
f 6767 6787 6788
f 6767 6788 6768
f 6768 6788 6789
f 6768 6789 6769
f 6769 6789 6790
f 6769 6790 6770
f 6770 6790 6791
f 6770 6791 6771
f 6771 6791 6792
f 6771 6792 6772
f 6772 6792 6793
f 6772 6793 6773
f 6773 6793 6794
f 6773 6794 6774
f 6774 6794 6795
f 6774 6795 6775
f 6775 6795 6796
f 6775 6796 6776
f 6776 6796 6797
f 6776 6797 6777
f 6777 6797 6798
f 6777 6798 6778
f 6778 6798 6799
f 6778 6799 6779
f 6779 6799 6800
f 6779 6800 6780
f 6780 6800 6801
f 6781 6802 6782
f 6782 6802 6803
f 6782 6803 6783
f 6783 6803 6804
f 6783 6804 6784
f 6784 6804 6805
f 6784 6805 6785
f 6785 6805 6806
f 6785 6806 6786
f 6786 6806 6807
f 6786 6807 6787
f 6787 6807 6808
f 6787 6808 6788
f 6788 6808 6809
f 6788 6809 6789
f 6789 6809 6810
f 6789 6810 6790
f 6790 6810 6811
f 6790 6811 6791
f 6791 6811 6812
f 6791 6812 6792
f 6792 6812 6813
f 6792 6813 6793
f 6793 6813 6814
f 6793 6814 6794
f 6794 6814 6815
f 6794 6815 6795
f 6795 6815 6816
f 6795 6816 6796
f 6796 6816 6817
f 6796 6817 6797
f 6797 6817 6818
f 6797 6818 6798
f 6798 6818 6819
f 6798 6819 6799
f 6799 6819 6820
f 6799 6820 6800
f 6800 6820 6821
f 6800 6821 6801
f 6801 6821 6822
f 6802 6823 6803
f 6803 6824 6804
f 6804 6825 6805
f 6805 6826 6806
f 6806 6827 6807
f 6807 6828 6808
f 6808 6829 6809
f 6809 6830 6810
f 6810 6831 6811
f 6811 6832 6812
f 6812 6833 6813
f 6813 6834 6814
f 6814 6835 6815
f 6815 6836 6816
f 6816 6837 6817
f 6817 6838 6818
f 6818 6839 6819
f 6819 6840 6820
f 6820 6841 6821
f 6821 6842 6822
usemtl body_mid
f 6844 6846 6845
f 6845 6846 6847
f 6846 6848 6847
f 6847 6848 6849
f 6848 6850 6849
f 6849 6850 6851
f 6850 6852 6851
f 6851 6852 6853
f 6852 6854 6853
f 6853 6854 6855
f 6854 6856 6855
f 6855 6856 6857
f 6856 6858 6857
f 6857 6858 6859
f 6858 6860 6859
f 6859 6860 6861
f 6862 6844 6846
f 6863 6847 6845
f 6862 6846 6848
f 6863 6849 6847
f 6862 6848 6850
f 6863 6851 6849
f 6862 6850 6852
f 6863 6853 6851
f 6862 6852 6854
f 6863 6855 6853
f 6862 6854 6856
f 6863 6857 6855
f 6862 6856 6858
f 6863 6859 6857
f 6862 6858 6860
f 6863 6861 6859
usemtl body_dark
f 6865 6885 6886
f 6866 6886 6887
f 6867 6887 6888
f 6868 6888 6889
f 6869 6889 6890
f 6870 6890 6891
f 6871 6891 6892
f 6872 6892 6893
f 6873 6893 6894
f 6874 6894 6895
f 6875 6895 6896
f 6876 6896 6897
f 6877 6897 6898
f 6878 6898 6899
f 6879 6899 6900
f 6880 6900 6901
f 6881 6901 6902
f 6882 6902 6903
f 6883 6903 6904
f 6884 6904 6905
f 6885 6906 6886
f 6886 6906 6907
f 6886 6907 6887
f 6887 6907 6908
f 6887 6908 6888
f 6888 6908 6909
f 6888 6909 6889
f 6889 6909 6910
f 6889 6910 6890
f 6890 6910 6911
f 6890 6911 6891
f 6891 6911 6912
f 6891 6912 6892
f 6892 6912 6913
f 6892 6913 6893
f 6893 6913 6914
f 6893 6914 6894
f 6894 6914 6915
f 6894 6915 6895
f 6895 6915 6916
f 6895 6916 6896
f 6896 6916 6917
f 6896 6917 6897
f 6897 6917 6918
f 6897 6918 6898
f 6898 6918 6919
f 6898 6919 6899
f 6899 6919 6920
f 6899 6920 6900
f 6900 6920 6921
f 6900 6921 6901
f 6901 6921 6922
f 6901 6922 6902
f 6902 6922 6923
f 6902 6923 6903
f 6903 6923 6924
f 6903 6924 6904
f 6904 6924 6925
f 6904 6925 6905
f 6905 6925 6926
f 6906 6927 6907
f 6907 6927 6928
f 6907 6928 6908
f 6908 6928 6929
f 6908 6929 6909
f 6909 6929 6930
f 6909 6930 6910
f 6910 6930 6931
f 6910 6931 6911
f 6911 6931 6932
f 6911 6932 6912
f 6912 6932 6933
f 6912 6933 6913
f 6913 6933 6934
f 6913 6934 6914
f 6914 6934 6935
f 6914 6935 6915
f 6915 6935 6936
f 6915 6936 6916
f 6916 6936 6937
f 6916 6937 6917
f 6917 6937 6938
f 6917 6938 6918
f 6918 6938 6939
f 6918 6939 6919
f 6919 6939 6940
f 6919 6940 6920
f 6920 6940 6941
f 6920 6941 6921
f 6921 6941 6942
f 6921 6942 6922
f 6922 6942 6943
f 6922 6943 6923
f 6923 6943 6944
f 6923 6944 6924
f 6924 6944 6945
f 6924 6945 6925
f 6925 6945 6946
f 6925 6946 6926
f 6926 6946 6947
f 6927 6948 6928
f 6928 6948 6949
f 6928 6949 6929
f 6929 6949 6950
f 6929 6950 6930
f 6930 6950 6951
f 6930 6951 6931
f 6931 6951 6952
f 6931 6952 6932
f 6932 6952 6953
f 6932 6953 6933
f 6933 6953 6954
f 6933 6954 6934
f 6934 6954 6955
f 6934 6955 6935
f 6935 6955 6956
f 6935 6956 6936
f 6936 6956 6957
f 6936 6957 6937
f 6937 6957 6958
f 6937 6958 6938
f 6938 6958 6959
f 6938 6959 6939
f 6939 6959 6960
f 6939 6960 6940
f 6940 6960 6961
f 6940 6961 6941
f 6941 6961 6962
f 6941 6962 6942
f 6942 6962 6963
f 6942 6963 6943
f 6943 6963 6964
f 6943 6964 6944
f 6944 6964 6965
f 6944 6965 6945
f 6945 6965 6966
f 6945 6966 6946
f 6946 6966 6967
f 6946 6967 6947
f 6947 6967 6968
f 6948 6969 6949
f 6949 6969 6970
f 6949 6970 6950
f 6950 6970 6971
f 6950 6971 6951
f 6951 6971 6972
f 6951 6972 6952
f 6952 6972 6973
f 6952 6973 6953
f 6953 6973 6974
f 6953 6974 6954
f 6954 6974 6975
f 6954 6975 6955
f 6955 6975 6976
f 6955 6976 6956
f 6956 6976 6977
f 6956 6977 6957
f 6957 6977 6978
f 6957 6978 6958
f 6958 6978 6979
f 6958 6979 6959
f 6959 6979 6980
f 6959 6980 6960
f 6960 6980 6981
f 6960 6981 6961
f 6961 6981 6982
f 6961 6982 6962
f 6962 6982 6983
f 6962 6983 6963
f 6963 6983 6984
f 6963 6984 6964
f 6964 6984 6985
f 6964 6985 6965
f 6965 6985 6986
f 6965 6986 6966
f 6966 6986 6987
f 6966 6987 6967
f 6967 6987 6988
f 6967 6988 6968
f 6968 6988 6989
f 6969 6990 6970
f 6970 6990 6991
f 6970 6991 6971
f 6971 6991 6992
f 6971 6992 6972
f 6972 6992 6993
f 6972 6993 6973
f 6973 6993 6994
f 6973 6994 6974
f 6974 6994 6995
f 6974 6995 6975
f 6975 6995 6996
f 6975 6996 6976
f 6976 6996 6997
f 6976 6997 6977
f 6977 6997 6998
f 6977 6998 6978
f 6978 6998 6999
f 6978 6999 6979
f 6979 6999 7000
f 6979 7000 6980
f 6980 7000 7001
f 6980 7001 6981
f 6981 7001 7002
f 6981 7002 6982
f 6982 7002 7003
f 6982 7003 6983
f 6983 7003 7004
f 6983 7004 6984
f 6984 7004 7005
f 6984 7005 6985
f 6985 7005 7006
f 6985 7006 6986
f 6986 7006 7007
f 6986 7007 6987
f 6987 7007 7008
f 6987 7008 6988
f 6988 7008 7009
f 6988 7009 6989
f 6989 7009 7010
f 6990 7011 6991
f 6991 7011 7012
f 6991 7012 6992
f 6992 7012 7013
f 6992 7013 6993
f 6993 7013 7014
f 6993 7014 6994
f 6994 7014 7015
f 6994 7015 6995
f 6995 7015 7016
f 6995 7016 6996
f 6996 7016 7017
f 6996 7017 6997
f 6997 7017 7018
f 6997 7018 6998
f 6998 7018 7019
f 6998 7019 6999
f 6999 7019 7020
f 6999 7020 7000
f 7000 7020 7021
f 7000 7021 7001
f 7001 7021 7022
f 7001 7022 7002
f 7002 7022 7023
f 7002 7023 7003
f 7003 7023 7024
f 7003 7024 7004
f 7004 7024 7025
f 7004 7025 7005
f 7005 7025 7026
f 7005 7026 7006
f 7006 7026 7027
f 7006 7027 7007
f 7007 7027 7028
f 7007 7028 7008
f 7008 7028 7029
f 7008 7029 7009
f 7009 7029 7030
f 7009 7030 7010
f 7010 7030 7031
f 7011 7032 7012
f 7012 7032 7033
f 7012 7033 7013
f 7013 7033 7034
f 7013 7034 7014
f 7014 7034 7035
f 7014 7035 7015
f 7015 7035 7036
f 7015 7036 7016
f 7016 7036 7037
f 7016 7037 7017
f 7017 7037 7038
f 7017 7038 7018
f 7018 7038 7039
f 7018 7039 7019
f 7019 7039 7040
f 7019 7040 7020
f 7020 7040 7041
f 7020 7041 7021
f 7021 7041 7042
f 7021 7042 7022
f 7022 7042 7043
f 7022 7043 7023
f 7023 7043 7044
f 7023 7044 7024
f 7024 7044 7045
f 7024 7045 7025
f 7025 7045 7046
f 7025 7046 7026
f 7026 7046 7047
f 7026 7047 7027
f 7027 7047 7048
f 7027 7048 7028
f 7028 7048 7049
f 7028 7049 7029
f 7029 7049 7050
f 7029 7050 7030
f 7030 7050 7051
f 7030 7051 7031
f 7031 7051 7052
f 7032 7053 7033
f 7033 7053 7054
f 7033 7054 7034
f 7034 7054 7055
f 7034 7055 7035
f 7035 7055 7056
f 7035 7056 7036
f 7036 7056 7057
f 7036 7057 7037
f 7037 7057 7058
f 7037 7058 7038
f 7038 7058 7059
f 7038 7059 7039
f 7039 7059 7060
f 7039 7060 7040
f 7040 7060 7061
f 7040 7061 7041
f 7041 7061 7062
f 7041 7062 7042
f 7042 7062 7063
f 7042 7063 7043
f 7043 7063 7064
f 7043 7064 7044
f 7044 7064 7065
f 7044 7065 7045
f 7045 7065 7066
f 7045 7066 7046
f 7046 7066 7067
f 7046 7067 7047
f 7047 7067 7068
f 7047 7068 7048
f 7048 7068 7069
f 7048 7069 7049
f 7049 7069 7070
f 7049 7070 7050
f 7050 7070 7071
f 7050 7071 7051
f 7051 7071 7072
f 7051 7072 7052
f 7052 7072 7073
f 7053 7074 7054
f 7054 7074 7075
f 7054 7075 7055
f 7055 7075 7076
f 7055 7076 7056
f 7056 7076 7077
f 7056 7077 7057
f 7057 7077 7078
f 7057 7078 7058
f 7058 7078 7079
f 7058 7079 7059
f 7059 7079 7080
f 7059 7080 7060
f 7060 7080 7081
f 7060 7081 7061
f 7061 7081 7082
f 7061 7082 7062
f 7062 7082 7083
f 7062 7083 7063
f 7063 7083 7084
f 7063 7084 7064
f 7064 7084 7085
f 7064 7085 7065
f 7065 7085 7086
f 7065 7086 7066
f 7066 7086 7087
f 7066 7087 7067
f 7067 7087 7088
f 7067 7088 7068
f 7068 7088 7089
f 7068 7089 7069
f 7069 7089 7090
f 7069 7090 7070
f 7070 7090 7091
f 7070 7091 7071
f 7071 7091 7092
f 7071 7092 7072
f 7072 7092 7093
f 7072 7093 7073
f 7073 7093 7094
f 7074 7095 7075
f 7075 7095 7096
f 7075 7096 7076
f 7076 7096 7097
f 7076 7097 7077
f 7077 7097 7098
f 7077 7098 7078
f 7078 7098 7099
f 7078 7099 7079
f 7079 7099 7100
f 7079 7100 7080
f 7080 7100 7101
f 7080 7101 7081
f 7081 7101 7102
f 7081 7102 7082
f 7082 7102 7103
f 7082 7103 7083
f 7083 7103 7104
f 7083 7104 7084
f 7084 7104 7105
f 7084 7105 7085
f 7085 7105 7106
f 7085 7106 7086
f 7086 7106 7107
f 7086 7107 7087
f 7087 7107 7108
f 7087 7108 7088
f 7088 7108 7109
f 7088 7109 7089
f 7089 7109 7110
f 7089 7110 7090
f 7090 7110 7111
f 7090 7111 7091
f 7091 7111 7112
f 7091 7112 7092
f 7092 7112 7113
f 7092 7113 7093
f 7093 7113 7114
f 7093 7114 7094
f 7094 7114 7115
f 7095 7116 7096
f 7096 7116 7117
f 7096 7117 7097
f 7097 7117 7118
f 7097 7118 7098
f 7098 7118 7119
f 7098 7119 7099
f 7099 7119 7120
f 7099 7120 7100
f 7100 7120 7121
f 7100 7121 7101
f 7101 7121 7122
f 7101 7122 7102
f 7102 7122 7123
f 7102 7123 7103
f 7103 7123 7124
f 7103 7124 7104
f 7104 7124 7125
f 7104 7125 7105
f 7105 7125 7126
f 7105 7126 7106
f 7106 7126 7127
f 7106 7127 7107
f 7107 7127 7128
f 7107 7128 7108
f 7108 7128 7129
f 7108 7129 7109
f 7109 7129 7130
f 7109 7130 7110
f 7110 7130 7131
f 7110 7131 7111
f 7111 7131 7132
f 7111 7132 7112
f 7112 7132 7133
f 7112 7133 7113
f 7113 7133 7134
f 7113 7134 7114
f 7114 7134 7135
f 7114 7135 7115
f 7115 7135 7136
f 7116 7137 7117
f 7117 7137 7138
f 7117 7138 7118
f 7118 7138 7139
f 7118 7139 7119
f 7119 7139 7140
f 7119 7140 7120
f 7120 7140 7141
f 7120 7141 7121
f 7121 7141 7142
f 7121 7142 7122
f 7122 7142 7143
f 7122 7143 7123
f 7123 7143 7144
f 7123 7144 7124
f 7124 7144 7145
f 7124 7145 7125
f 7125 7145 7146
f 7125 7146 7126
f 7126 7146 7147
f 7126 7147 7127
f 7127 7147 7148
f 7127 7148 7128
f 7128 7148 7149
f 7128 7149 7129
f 7129 7149 7150
f 7129 7150 7130
f 7130 7150 7151
f 7130 7151 7131
f 7131 7151 7152
f 7131 7152 7132
f 7132 7152 7153
f 7132 7153 7133
f 7133 7153 7154
f 7133 7154 7134
f 7134 7154 7155
f 7134 7155 7135
f 7135 7155 7156
f 7135 7156 7136
f 7136 7156 7157
f 7137 7158 7138
f 7138 7159 7139
f 7139 7160 7140
f 7140 7161 7141
f 7141 7162 7142
f 7142 7163 7143
f 7143 7164 7144
f 7144 7165 7145
f 7145 7166 7146
f 7146 7167 7147
f 7147 7168 7148
f 7148 7169 7149
f 7149 7170 7150
f 7150 7171 7151
f 7151 7172 7152
f 7152 7173 7153
f 7153 7174 7154
f 7154 7175 7155
f 7155 7176 7156
f 7156 7177 7157
usemtl body_mid
f 7179 7181 7180
f 7180 7181 7182
f 7181 7183 7182
f 7182 7183 7184
f 7183 7185 7184
f 7184 7185 7186
f 7185 7187 7186
f 7186 7187 7188
f 7187 7189 7188
f 7188 7189 7190
f 7189 7191 7190
f 7190 7191 7192
f 7191 7193 7192
f 7192 7193 7194
f 7193 7195 7194
f 7194 7195 7196
f 7197 7179 7181
f 7198 7182 7180
f 7197 7181 7183
f 7198 7184 7182
f 7197 7183 7185
f 7198 7186 7184
f 7197 7185 7187
f 7198 7188 7186
f 7197 7187 7189
f 7198 7190 7188
f 7197 7189 7191
f 7198 7192 7190
f 7197 7191 7193
f 7198 7194 7192
f 7197 7193 7195
f 7198 7196 7194
usemtl body_dark
f 7200 7220 7221
f 7201 7221 7222
f 7202 7222 7223
f 7203 7223 7224
f 7204 7224 7225
f 7205 7225 7226
f 7206 7226 7227
f 7207 7227 7228
f 7208 7228 7229
f 7209 7229 7230
f 7210 7230 7231
f 7211 7231 7232
f 7212 7232 7233
f 7213 7233 7234
f 7214 7234 7235
f 7215 7235 7236
f 7216 7236 7237
f 7217 7237 7238
f 7218 7238 7239
f 7219 7239 7240
f 7220 7241 7221
f 7221 7241 7242
f 7221 7242 7222
f 7222 7242 7243
f 7222 7243 7223
f 7223 7243 7244
f 7223 7244 7224
f 7224 7244 7245
f 7224 7245 7225
f 7225 7245 7246
f 7225 7246 7226
f 7226 7246 7247
f 7226 7247 7227
f 7227 7247 7248
f 7227 7248 7228
f 7228 7248 7249
f 7228 7249 7229
f 7229 7249 7250
f 7229 7250 7230
f 7230 7250 7251
f 7230 7251 7231
f 7231 7251 7252
f 7231 7252 7232
f 7232 7252 7253
f 7232 7253 7233
f 7233 7253 7254
f 7233 7254 7234
f 7234 7254 7255
f 7234 7255 7235
f 7235 7255 7256
f 7235 7256 7236
f 7236 7256 7257
f 7236 7257 7237
f 7237 7257 7258
f 7237 7258 7238
f 7238 7258 7259
f 7238 7259 7239
f 7239 7259 7260
f 7239 7260 7240
f 7240 7260 7261
f 7241 7262 7242
f 7242 7262 7263
f 7242 7263 7243
f 7243 7263 7264
f 7243 7264 7244
f 7244 7264 7265
f 7244 7265 7245
f 7245 7265 7266
f 7245 7266 7246
f 7246 7266 7267
f 7246 7267 7247
f 7247 7267 7268
f 7247 7268 7248
f 7248 7268 7269
f 7248 7269 7249
f 7249 7269 7270
f 7249 7270 7250
f 7250 7270 7271
f 7250 7271 7251
f 7251 7271 7272
f 7251 7272 7252
f 7252 7272 7273
f 7252 7273 7253
f 7253 7273 7274
f 7253 7274 7254
f 7254 7274 7275
f 7254 7275 7255
f 7255 7275 7276
f 7255 7276 7256
f 7256 7276 7277
f 7256 7277 7257
f 7257 7277 7278
f 7257 7278 7258
f 7258 7278 7279
f 7258 7279 7259
f 7259 7279 7280
f 7259 7280 7260
f 7260 7280 7281
f 7260 7281 7261
f 7261 7281 7282
f 7262 7283 7263
f 7263 7283 7284
f 7263 7284 7264
f 7264 7284 7285
f 7264 7285 7265
f 7265 7285 7286
f 7265 7286 7266
f 7266 7286 7287
f 7266 7287 7267
f 7267 7287 7288
f 7267 7288 7268
f 7268 7288 7289
f 7268 7289 7269
f 7269 7289 7290
f 7269 7290 7270
f 7270 7290 7291
f 7270 7291 7271
f 7271 7291 7292
f 7271 7292 7272
f 7272 7292 7293
f 7272 7293 7273
f 7273 7293 7294
f 7273 7294 7274
f 7274 7294 7295
f 7274 7295 7275
f 7275 7295 7296
f 7275 7296 7276
f 7276 7296 7297
f 7276 7297 7277
f 7277 7297 7298
f 7277 7298 7278
f 7278 7298 7299
f 7278 7299 7279
f 7279 7299 7300
f 7279 7300 7280
f 7280 7300 7301
f 7280 7301 7281
f 7281 7301 7302
f 7281 7302 7282
f 7282 7302 7303
f 7283 7304 7284
f 7284 7304 7305
f 7284 7305 7285
f 7285 7305 7306
f 7285 7306 7286
f 7286 7306 7307
f 7286 7307 7287
f 7287 7307 7308
f 7287 7308 7288
f 7288 7308 7309
f 7288 7309 7289
f 7289 7309 7310
f 7289 7310 7290
f 7290 7310 7311
f 7290 7311 7291
f 7291 7311 7312
f 7291 7312 7292
f 7292 7312 7313
f 7292 7313 7293
f 7293 7313 7314
f 7293 7314 7294
f 7294 7314 7315
f 7294 7315 7295
f 7295 7315 7316
f 7295 7316 7296
f 7296 7316 7317
f 7296 7317 7297
f 7297 7317 7318
f 7297 7318 7298
f 7298 7318 7319
f 7298 7319 7299
f 7299 7319 7320
f 7299 7320 7300
f 7300 7320 7321
f 7300 7321 7301
f 7301 7321 7322
f 7301 7322 7302
f 7302 7322 7323
f 7302 7323 7303
f 7303 7323 7324
f 7304 7325 7305
f 7305 7325 7326
f 7305 7326 7306
f 7306 7326 7327
f 7306 7327 7307
f 7307 7327 7328
f 7307 7328 7308
f 7308 7328 7329
f 7308 7329 7309
f 7309 7329 7330
f 7309 7330 7310
f 7310 7330 7331
f 7310 7331 7311
f 7311 7331 7332
f 7311 7332 7312
f 7312 7332 7333
f 7312 7333 7313
f 7313 7333 7334
f 7313 7334 7314
f 7314 7334 7335
f 7314 7335 7315
f 7315 7335 7336
f 7315 7336 7316
f 7316 7336 7337
f 7316 7337 7317
f 7317 7337 7338
f 7317 7338 7318
f 7318 7338 7339
f 7318 7339 7319
f 7319 7339 7340
f 7319 7340 7320
f 7320 7340 7341
f 7320 7341 7321
f 7321 7341 7342
f 7321 7342 7322
f 7322 7342 7343
f 7322 7343 7323
f 7323 7343 7344
f 7323 7344 7324
f 7324 7344 7345
f 7325 7346 7326
f 7326 7346 7347
f 7326 7347 7327
f 7327 7347 7348
f 7327 7348 7328
f 7328 7348 7349
f 7328 7349 7329
f 7329 7349 7350
f 7329 7350 7330
f 7330 7350 7351
f 7330 7351 7331
f 7331 7351 7352
f 7331 7352 7332
f 7332 7352 7353
f 7332 7353 7333
f 7333 7353 7354
f 7333 7354 7334
f 7334 7354 7355
f 7334 7355 7335
f 7335 7355 7356
f 7335 7356 7336
f 7336 7356 7357
f 7336 7357 7337
f 7337 7357 7358
f 7337 7358 7338
f 7338 7358 7359
f 7338 7359 7339
f 7339 7359 7360
f 7339 7360 7340
f 7340 7360 7361
f 7340 7361 7341
f 7341 7361 7362
f 7341 7362 7342
f 7342 7362 7363
f 7342 7363 7343
f 7343 7363 7364
f 7343 7364 7344
f 7344 7364 7365
f 7344 7365 7345
f 7345 7365 7366
f 7346 7367 7347
f 7347 7367 7368
f 7347 7368 7348
f 7348 7368 7369
f 7348 7369 7349
f 7349 7369 7370
f 7349 7370 7350
f 7350 7370 7371
f 7350 7371 7351
f 7351 7371 7372
f 7351 7372 7352
f 7352 7372 7373
f 7352 7373 7353
f 7353 7373 7374
f 7353 7374 7354
f 7354 7374 7375
f 7354 7375 7355
f 7355 7375 7376
f 7355 7376 7356
f 7356 7376 7377
f 7356 7377 7357
f 7357 7377 7378
f 7357 7378 7358
f 7358 7378 7379
f 7358 7379 7359
f 7359 7379 7380
f 7359 7380 7360
f 7360 7380 7381
f 7360 7381 7361
f 7361 7381 7382
f 7361 7382 7362
f 7362 7382 7383
f 7362 7383 7363
f 7363 7383 7384
f 7363 7384 7364
f 7364 7384 7385
f 7364 7385 7365
f 7365 7385 7386
f 7365 7386 7366
f 7366 7386 7387
f 7367 7388 7368
f 7368 7388 7389
f 7368 7389 7369
f 7369 7389 7390
f 7369 7390 7370
f 7370 7390 7391
f 7370 7391 7371
f 7371 7391 7392
f 7371 7392 7372
f 7372 7392 7393
f 7372 7393 7373
f 7373 7393 7394
f 7373 7394 7374
f 7374 7394 7395
f 7374 7395 7375
f 7375 7395 7396
f 7375 7396 7376
f 7376 7396 7397
f 7376 7397 7377
f 7377 7397 7398
f 7377 7398 7378
f 7378 7398 7399
f 7378 7399 7379
f 7379 7399 7400
f 7379 7400 7380
f 7380 7400 7401
f 7380 7401 7381
f 7381 7401 7402
f 7381 7402 7382
f 7382 7402 7403
f 7382 7403 7383
f 7383 7403 7404
f 7383 7404 7384
f 7384 7404 7405
f 7384 7405 7385
f 7385 7405 7406
f 7385 7406 7386
f 7386 7406 7407
f 7386 7407 7387
f 7387 7407 7408
f 7388 7409 7389
f 7389 7409 7410
f 7389 7410 7390
f 7390 7410 7411
f 7390 7411 7391
f 7391 7411 7412
f 7391 7412 7392
f 7392 7412 7413
f 7392 7413 7393
f 7393 7413 7414
f 7393 7414 7394
f 7394 7414 7415
f 7394 7415 7395
f 7395 7415 7416
f 7395 7416 7396
f 7396 7416 7417
f 7396 7417 7397
f 7397 7417 7418
f 7397 7418 7398
f 7398 7418 7419
f 7398 7419 7399
f 7399 7419 7420
f 7399 7420 7400
f 7400 7420 7421
f 7400 7421 7401
f 7401 7421 7422
f 7401 7422 7402
f 7402 7422 7423
f 7402 7423 7403
f 7403 7423 7424
f 7403 7424 7404
f 7404 7424 7425
f 7404 7425 7405
f 7405 7425 7426
f 7405 7426 7406
f 7406 7426 7427
f 7406 7427 7407
f 7407 7427 7428
f 7407 7428 7408
f 7408 7428 7429
f 7409 7430 7410
f 7410 7430 7431
f 7410 7431 7411
f 7411 7431 7432
f 7411 7432 7412
f 7412 7432 7433
f 7412 7433 7413
f 7413 7433 7434
f 7413 7434 7414
f 7414 7434 7435
f 7414 7435 7415
f 7415 7435 7436
f 7415 7436 7416
f 7416 7436 7437
f 7416 7437 7417
f 7417 7437 7438
f 7417 7438 7418
f 7418 7438 7439
f 7418 7439 7419
f 7419 7439 7440
f 7419 7440 7420
f 7420 7440 7441
f 7420 7441 7421
f 7421 7441 7442
f 7421 7442 7422
f 7422 7442 7443
f 7422 7443 7423
f 7423 7443 7444
f 7423 7444 7424
f 7424 7444 7445
f 7424 7445 7425
f 7425 7445 7446
f 7425 7446 7426
f 7426 7446 7447
f 7426 7447 7427
f 7427 7447 7448
f 7427 7448 7428
f 7428 7448 7449
f 7428 7449 7429
f 7429 7449 7450
f 7430 7451 7431
f 7431 7451 7452
f 7431 7452 7432
f 7432 7452 7453
f 7432 7453 7433
f 7433 7453 7454
f 7433 7454 7434
f 7434 7454 7455
f 7434 7455 7435
f 7435 7455 7456
f 7435 7456 7436
f 7436 7456 7457
f 7436 7457 7437
f 7437 7457 7458
f 7437 7458 7438
f 7438 7458 7459
f 7438 7459 7439
f 7439 7459 7460
f 7439 7460 7440
f 7440 7460 7461
f 7440 7461 7441
f 7441 7461 7462
f 7441 7462 7442
f 7442 7462 7463
f 7442 7463 7443
f 7443 7463 7464
f 7443 7464 7444
f 7444 7464 7465
f 7444 7465 7445
f 7445 7465 7466
f 7445 7466 7446
f 7446 7466 7467
f 7446 7467 7447
f 7447 7467 7468
f 7447 7468 7448
f 7448 7468 7469
f 7448 7469 7449
f 7449 7469 7470
f 7449 7470 7450
f 7450 7470 7471
f 7451 7472 7452
f 7452 7472 7473
f 7452 7473 7453
f 7453 7473 7474
f 7453 7474 7454
f 7454 7474 7475
f 7454 7475 7455
f 7455 7475 7476
f 7455 7476 7456
f 7456 7476 7477
f 7456 7477 7457
f 7457 7477 7478
f 7457 7478 7458
f 7458 7478 7479
f 7458 7479 7459
f 7459 7479 7480
f 7459 7480 7460
f 7460 7480 7481
f 7460 7481 7461
f 7461 7481 7482
f 7461 7482 7462
f 7462 7482 7483
f 7462 7483 7463
f 7463 7483 7484
f 7463 7484 7464
f 7464 7484 7485
f 7464 7485 7465
f 7465 7485 7486
f 7465 7486 7466
f 7466 7486 7487
f 7466 7487 7467
f 7467 7487 7488
f 7467 7488 7468
f 7468 7488 7489
f 7468 7489 7469
f 7469 7489 7490
f 7469 7490 7470
f 7470 7490 7491
f 7470 7491 7471
f 7471 7491 7492
f 7472 7493 7473
f 7473 7494 7474
f 7474 7495 7475
f 7475 7496 7476
f 7476 7497 7477
f 7477 7498 7478
f 7478 7499 7479
f 7479 7500 7480
f 7480 7501 7481
f 7481 7502 7482
f 7482 7503 7483
f 7483 7504 7484
f 7484 7505 7485
f 7485 7506 7486
f 7486 7507 7487
f 7487 7508 7488
f 7488 7509 7489
f 7489 7510 7490
f 7490 7511 7491
f 7491 7512 7492
usemtl body_mid
f 7514 7516 7515
f 7515 7516 7517
f 7516 7518 7517
f 7517 7518 7519
f 7518 7520 7519
f 7519 7520 7521
f 7520 7522 7521
f 7521 7522 7523
f 7522 7524 7523
f 7523 7524 7525
f 7524 7526 7525
f 7525 7526 7527
f 7526 7528 7527
f 7527 7528 7529
f 7528 7530 7529
f 7529 7530 7531
f 7532 7514 7516
f 7533 7517 7515
f 7532 7516 7518
f 7533 7519 7517
f 7532 7518 7520
f 7533 7521 7519
f 7532 7520 7522
f 7533 7523 7521
f 7532 7522 7524
f 7533 7525 7523
f 7532 7524 7526
f 7533 7527 7525
f 7532 7526 7528
f 7533 7529 7527
f 7532 7528 7530
f 7533 7531 7529
usemtl body_dark
f 7535 7555 7556
f 7536 7556 7557
f 7537 7557 7558
f 7538 7558 7559
f 7539 7559 7560
f 7540 7560 7561
f 7541 7561 7562
f 7542 7562 7563
f 7543 7563 7564
f 7544 7564 7565
f 7545 7565 7566
f 7546 7566 7567
f 7547 7567 7568
f 7548 7568 7569
f 7549 7569 7570
f 7550 7570 7571
f 7551 7571 7572
f 7552 7572 7573
f 7553 7573 7574
f 7554 7574 7575
f 7555 7576 7556
f 7556 7576 7577
f 7556 7577 7557
f 7557 7577 7578
f 7557 7578 7558
f 7558 7578 7579
f 7558 7579 7559
f 7559 7579 7580
f 7559 7580 7560
f 7560 7580 7581
f 7560 7581 7561
f 7561 7581 7582
f 7561 7582 7562
f 7562 7582 7583
f 7562 7583 7563
f 7563 7583 7584
f 7563 7584 7564
f 7564 7584 7585
f 7564 7585 7565
f 7565 7585 7586
f 7565 7586 7566
f 7566 7586 7587
f 7566 7587 7567
f 7567 7587 7588
f 7567 7588 7568
f 7568 7588 7589
f 7568 7589 7569
f 7569 7589 7590
f 7569 7590 7570
f 7570 7590 7591
f 7570 7591 7571
f 7571 7591 7592
f 7571 7592 7572
f 7572 7592 7593
f 7572 7593 7573
f 7573 7593 7594
f 7573 7594 7574
f 7574 7594 7595
f 7574 7595 7575
f 7575 7595 7596
f 7576 7597 7577
f 7577 7597 7598
f 7577 7598 7578
f 7578 7598 7599
f 7578 7599 7579
f 7579 7599 7600
f 7579 7600 7580
f 7580 7600 7601
f 7580 7601 7581
f 7581 7601 7602
f 7581 7602 7582
f 7582 7602 7603
f 7582 7603 7583
f 7583 7603 7604
f 7583 7604 7584
f 7584 7604 7605
f 7584 7605 7585
f 7585 7605 7606
f 7585 7606 7586
f 7586 7606 7607
f 7586 7607 7587
f 7587 7607 7608
f 7587 7608 7588
f 7588 7608 7609
f 7588 7609 7589
f 7589 7609 7610
f 7589 7610 7590
f 7590 7610 7611
f 7590 7611 7591
f 7591 7611 7612
f 7591 7612 7592
f 7592 7612 7613
f 7592 7613 7593
f 7593 7613 7614
f 7593 7614 7594
f 7594 7614 7615
f 7594 7615 7595
f 7595 7615 7616
f 7595 7616 7596
f 7596 7616 7617
f 7597 7618 7598
f 7598 7618 7619
f 7598 7619 7599
f 7599 7619 7620
f 7599 7620 7600
f 7600 7620 7621
f 7600 7621 7601
f 7601 7621 7622
f 7601 7622 7602
f 7602 7622 7623
f 7602 7623 7603
f 7603 7623 7624
f 7603 7624 7604
f 7604 7624 7625
f 7604 7625 7605
f 7605 7625 7626
f 7605 7626 7606
f 7606 7626 7627
f 7606 7627 7607
f 7607 7627 7628
f 7607 7628 7608
f 7608 7628 7629
f 7608 7629 7609
f 7609 7629 7630
f 7609 7630 7610
f 7610 7630 7631
f 7610 7631 7611
f 7611 7631 7632
f 7611 7632 7612
f 7612 7632 7633
f 7612 7633 7613
f 7613 7633 7634
f 7613 7634 7614
f 7614 7634 7635
f 7614 7635 7615
f 7615 7635 7636
f 7615 7636 7616
f 7616 7636 7637
f 7616 7637 7617
f 7617 7637 7638
f 7618 7639 7619
f 7619 7639 7640
f 7619 7640 7620
f 7620 7640 7641
f 7620 7641 7621
f 7621 7641 7642
f 7621 7642 7622
f 7622 7642 7643
f 7622 7643 7623
f 7623 7643 7644
f 7623 7644 7624
f 7624 7644 7645
f 7624 7645 7625
f 7625 7645 7646
f 7625 7646 7626
f 7626 7646 7647
f 7626 7647 7627
f 7627 7647 7648
f 7627 7648 7628
f 7628 7648 7649
f 7628 7649 7629
f 7629 7649 7650
f 7629 7650 7630
f 7630 7650 7651
f 7630 7651 7631
f 7631 7651 7652
f 7631 7652 7632
f 7632 7652 7653
f 7632 7653 7633
f 7633 7653 7654
f 7633 7654 7634
f 7634 7654 7655
f 7634 7655 7635
f 7635 7655 7656
f 7635 7656 7636
f 7636 7656 7657
f 7636 7657 7637
f 7637 7657 7658
f 7637 7658 7638
f 7638 7658 7659
f 7639 7660 7640
f 7640 7660 7661
f 7640 7661 7641
f 7641 7661 7662
f 7641 7662 7642
f 7642 7662 7663
f 7642 7663 7643
f 7643 7663 7664
f 7643 7664 7644
f 7644 7664 7665
f 7644 7665 7645
f 7645 7665 7666
f 7645 7666 7646
f 7646 7666 7667
f 7646 7667 7647
f 7647 7667 7668
f 7647 7668 7648
f 7648 7668 7669
f 7648 7669 7649
f 7649 7669 7670
f 7649 7670 7650
f 7650 7670 7671
f 7650 7671 7651
f 7651 7671 7672
f 7651 7672 7652
f 7652 7672 7673
f 7652 7673 7653
f 7653 7673 7674
f 7653 7674 7654
f 7654 7674 7675
f 7654 7675 7655
f 7655 7675 7676
f 7655 7676 7656
f 7656 7676 7677
f 7656 7677 7657
f 7657 7677 7678
f 7657 7678 7658
f 7658 7678 7679
f 7658 7679 7659
f 7659 7679 7680
f 7660 7681 7661
f 7661 7681 7682
f 7661 7682 7662
f 7662 7682 7683
f 7662 7683 7663
f 7663 7683 7684
f 7663 7684 7664
f 7664 7684 7685
f 7664 7685 7665
f 7665 7685 7686
f 7665 7686 7666
f 7666 7686 7687
f 7666 7687 7667
f 7667 7687 7688
f 7667 7688 7668
f 7668 7688 7689
f 7668 7689 7669
f 7669 7689 7690
f 7669 7690 7670
f 7670 7690 7691
f 7670 7691 7671
f 7671 7691 7692
f 7671 7692 7672
f 7672 7692 7693
f 7672 7693 7673
f 7673 7693 7694
f 7673 7694 7674
f 7674 7694 7695
f 7674 7695 7675
f 7675 7695 7696
f 7675 7696 7676
f 7676 7696 7697
f 7676 7697 7677
f 7677 7697 7698
f 7677 7698 7678
f 7678 7698 7699
f 7678 7699 7679
f 7679 7699 7700
f 7679 7700 7680
f 7680 7700 7701
f 7681 7702 7682
f 7682 7702 7703
f 7682 7703 7683
f 7683 7703 7704
f 7683 7704 7684
f 7684 7704 7705
f 7684 7705 7685
f 7685 7705 7706
f 7685 7706 7686
f 7686 7706 7707
f 7686 7707 7687
f 7687 7707 7708
f 7687 7708 7688
f 7688 7708 7709
f 7688 7709 7689
f 7689 7709 7710
f 7689 7710 7690
f 7690 7710 7711
f 7690 7711 7691
f 7691 7711 7712
f 7691 7712 7692
f 7692 7712 7713
f 7692 7713 7693
f 7693 7713 7714
f 7693 7714 7694
f 7694 7714 7715
f 7694 7715 7695
f 7695 7715 7716
f 7695 7716 7696
f 7696 7716 7717
f 7696 7717 7697
f 7697 7717 7718
f 7697 7718 7698
f 7698 7718 7719
f 7698 7719 7699
f 7699 7719 7720
f 7699 7720 7700
f 7700 7720 7721
f 7700 7721 7701
f 7701 7721 7722
f 7702 7723 7703
f 7703 7723 7724
f 7703 7724 7704
f 7704 7724 7725
f 7704 7725 7705
f 7705 7725 7726
f 7705 7726 7706
f 7706 7726 7727
f 7706 7727 7707
f 7707 7727 7728
f 7707 7728 7708
f 7708 7728 7729
f 7708 7729 7709
f 7709 7729 7730
f 7709 7730 7710
f 7710 7730 7731
f 7710 7731 7711
f 7711 7731 7732
f 7711 7732 7712
f 7712 7732 7733
f 7712 7733 7713
f 7713 7733 7734
f 7713 7734 7714
f 7714 7734 7735
f 7714 7735 7715
f 7715 7735 7736
f 7715 7736 7716
f 7716 7736 7737
f 7716 7737 7717
f 7717 7737 7738
f 7717 7738 7718
f 7718 7738 7739
f 7718 7739 7719
f 7719 7739 7740
f 7719 7740 7720
f 7720 7740 7741
f 7720 7741 7721
f 7721 7741 7742
f 7721 7742 7722
f 7722 7742 7743
f 7723 7744 7724
f 7724 7744 7745
f 7724 7745 7725
f 7725 7745 7746
f 7725 7746 7726
f 7726 7746 7747
f 7726 7747 7727
f 7727 7747 7748
f 7727 7748 7728
f 7728 7748 7749
f 7728 7749 7729
f 7729 7749 7750
f 7729 7750 7730
f 7730 7750 7751
f 7730 7751 7731
f 7731 7751 7752
f 7731 7752 7732
f 7732 7752 7753
f 7732 7753 7733
f 7733 7753 7754
f 7733 7754 7734
f 7734 7754 7755
f 7734 7755 7735
f 7735 7755 7756
f 7735 7756 7736
f 7736 7756 7757
f 7736 7757 7737
f 7737 7757 7758
f 7737 7758 7738
f 7738 7758 7759
f 7738 7759 7739
f 7739 7759 7760
f 7739 7760 7740
f 7740 7760 7761
f 7740 7761 7741
f 7741 7761 7762
f 7741 7762 7742
f 7742 7762 7763
f 7742 7763 7743
f 7743 7763 7764
f 7744 7765 7745
f 7745 7765 7766
f 7745 7766 7746
f 7746 7766 7767
f 7746 7767 7747
f 7747 7767 7768
f 7747 7768 7748
f 7748 7768 7769
f 7748 7769 7749
f 7749 7769 7770
f 7749 7770 7750
f 7750 7770 7771
f 7750 7771 7751
f 7751 7771 7772
f 7751 7772 7752
f 7752 7772 7773
f 7752 7773 7753
f 7753 7773 7774
f 7753 7774 7754
f 7754 7774 7775
f 7754 7775 7755
f 7755 7775 7776
f 7755 7776 7756
f 7756 7776 7777
f 7756 7777 7757
f 7757 7777 7778
f 7757 7778 7758
f 7758 7778 7779
f 7758 7779 7759
f 7759 7779 7780
f 7759 7780 7760
f 7760 7780 7781
f 7760 7781 7761
f 7761 7781 7782
f 7761 7782 7762
f 7762 7782 7783
f 7762 7783 7763
f 7763 7783 7784
f 7763 7784 7764
f 7764 7784 7785
f 7765 7786 7766
f 7766 7786 7787
f 7766 7787 7767
f 7767 7787 7788
f 7767 7788 7768
f 7768 7788 7789
f 7768 7789 7769
f 7769 7789 7790
f 7769 7790 7770
f 7770 7790 7791
f 7770 7791 7771
f 7771 7791 7792
f 7771 7792 7772
f 7772 7792 7793
f 7772 7793 7773
f 7773 7793 7794
f 7773 7794 7774
f 7774 7794 7795
f 7774 7795 7775
f 7775 7795 7796
f 7775 7796 7776
f 7776 7796 7797
f 7776 7797 7777
f 7777 7797 7798
f 7777 7798 7778
f 7778 7798 7799
f 7778 7799 7779
f 7779 7799 7800
f 7779 7800 7780
f 7780 7800 7801
f 7780 7801 7781
f 7781 7801 7802
f 7781 7802 7782
f 7782 7802 7803
f 7782 7803 7783
f 7783 7803 7804
f 7783 7804 7784
f 7784 7804 7805
f 7784 7805 7785
f 7785 7805 7806
f 7786 7807 7787
f 7787 7807 7808
f 7787 7808 7788
f 7788 7808 7809
f 7788 7809 7789
f 7789 7809 7810
f 7789 7810 7790
f 7790 7810 7811
f 7790 7811 7791
f 7791 7811 7812
f 7791 7812 7792
f 7792 7812 7813
f 7792 7813 7793
f 7793 7813 7814
f 7793 7814 7794
f 7794 7814 7815
f 7794 7815 7795
f 7795 7815 7816
f 7795 7816 7796
f 7796 7816 7817
f 7796 7817 7797
f 7797 7817 7818
f 7797 7818 7798
f 7798 7818 7819
f 7798 7819 7799
f 7799 7819 7820
f 7799 7820 7800
f 7800 7820 7821
f 7800 7821 7801
f 7801 7821 7822
f 7801 7822 7802
f 7802 7822 7823
f 7802 7823 7803
f 7803 7823 7824
f 7803 7824 7804
f 7804 7824 7825
f 7804 7825 7805
f 7805 7825 7826
f 7805 7826 7806
f 7806 7826 7827
f 7807 7828 7808
f 7808 7829 7809
f 7809 7830 7810
f 7810 7831 7811
f 7811 7832 7812
f 7812 7833 7813
f 7813 7834 7814
f 7814 7835 7815
f 7815 7836 7816
f 7816 7837 7817
f 7817 7838 7818
f 7818 7839 7819
f 7819 7840 7820
f 7820 7841 7821
f 7821 7842 7822
f 7822 7843 7823
f 7823 7844 7824
f 7824 7845 7825
f 7825 7846 7826
f 7826 7847 7827
usemtl body_mid
f 7849 7851 7850
f 7850 7851 7852
f 7851 7853 7852
f 7852 7853 7854
f 7853 7855 7854
f 7854 7855 7856
f 7855 7857 7856
f 7856 7857 7858
f 7857 7859 7858
f 7858 7859 7860
f 7859 7861 7860
f 7860 7861 7862
f 7861 7863 7862
f 7862 7863 7864
f 7863 7865 7864
f 7864 7865 7866
f 7867 7849 7851
f 7868 7852 7850
f 7867 7851 7853
f 7868 7854 7852
f 7867 7853 7855
f 7868 7856 7854
f 7867 7855 7857
f 7868 7858 7856
f 7867 7857 7859
f 7868 7860 7858
f 7867 7859 7861
f 7868 7862 7860
f 7867 7861 7863
f 7868 7864 7862
f 7867 7863 7865
f 7868 7866 7864
usemtl body_dark
f 7870 7890 7891
f 7871 7891 7892
f 7872 7892 7893
f 7873 7893 7894
f 7874 7894 7895
f 7875 7895 7896
f 7876 7896 7897
f 7877 7897 7898
f 7878 7898 7899
f 7879 7899 7900
f 7880 7900 7901
f 7881 7901 7902
f 7882 7902 7903
f 7883 7903 7904
f 7884 7904 7905
f 7885 7905 7906
f 7886 7906 7907
f 7887 7907 7908
f 7888 7908 7909
f 7889 7909 7910
f 7890 7911 7891
f 7891 7911 7912
f 7891 7912 7892
f 7892 7912 7913
f 7892 7913 7893
f 7893 7913 7914
f 7893 7914 7894
f 7894 7914 7915
f 7894 7915 7895
f 7895 7915 7916
f 7895 7916 7896
f 7896 7916 7917
f 7896 7917 7897
f 7897 7917 7918
f 7897 7918 7898
f 7898 7918 7919
f 7898 7919 7899
f 7899 7919 7920
f 7899 7920 7900
f 7900 7920 7921
f 7900 7921 7901
f 7901 7921 7922
f 7901 7922 7902
f 7902 7922 7923
f 7902 7923 7903
f 7903 7923 7924
f 7903 7924 7904
f 7904 7924 7925
f 7904 7925 7905
f 7905 7925 7926
f 7905 7926 7906
f 7906 7926 7927
f 7906 7927 7907
f 7907 7927 7928
f 7907 7928 7908
f 7908 7928 7929
f 7908 7929 7909
f 7909 7929 7930
f 7909 7930 7910
f 7910 7930 7931
f 7911 7932 7912
f 7912 7932 7933
f 7912 7933 7913
f 7913 7933 7934
f 7913 7934 7914
f 7914 7934 7935
f 7914 7935 7915
f 7915 7935 7936
f 7915 7936 7916
f 7916 7936 7937
f 7916 7937 7917
f 7917 7937 7938
f 7917 7938 7918
f 7918 7938 7939
f 7918 7939 7919
f 7919 7939 7940
f 7919 7940 7920
f 7920 7940 7941
f 7920 7941 7921
f 7921 7941 7942
f 7921 7942 7922
f 7922 7942 7943
f 7922 7943 7923
f 7923 7943 7944
f 7923 7944 7924
f 7924 7944 7945
f 7924 7945 7925
f 7925 7945 7946
f 7925 7946 7926
f 7926 7946 7947
f 7926 7947 7927
f 7927 7947 7948
f 7927 7948 7928
f 7928 7948 7949
f 7928 7949 7929
f 7929 7949 7950
f 7929 7950 7930
f 7930 7950 7951
f 7930 7951 7931
f 7931 7951 7952
f 7932 7953 7933
f 7933 7953 7954
f 7933 7954 7934
f 7934 7954 7955
f 7934 7955 7935
f 7935 7955 7956
f 7935 7956 7936
f 7936 7956 7957
f 7936 7957 7937
f 7937 7957 7958
f 7937 7958 7938
f 7938 7958 7959
f 7938 7959 7939
f 7939 7959 7960
f 7939 7960 7940
f 7940 7960 7961
f 7940 7961 7941
f 7941 7961 7962
f 7941 7962 7942
f 7942 7962 7963
f 7942 7963 7943
f 7943 7963 7964
f 7943 7964 7944
f 7944 7964 7965
f 7944 7965 7945
f 7945 7965 7966
f 7945 7966 7946
f 7946 7966 7967
f 7946 7967 7947
f 7947 7967 7968
f 7947 7968 7948
f 7948 7968 7969
f 7948 7969 7949
f 7949 7969 7970
f 7949 7970 7950
f 7950 7970 7971
f 7950 7971 7951
f 7951 7971 7972
f 7951 7972 7952
f 7952 7972 7973
f 7953 7974 7954
f 7954 7974 7975
f 7954 7975 7955
f 7955 7975 7976
f 7955 7976 7956
f 7956 7976 7977
f 7956 7977 7957
f 7957 7977 7978
f 7957 7978 7958
f 7958 7978 7979
f 7958 7979 7959
f 7959 7979 7980
f 7959 7980 7960
f 7960 7980 7981
f 7960 7981 7961
f 7961 7981 7982
f 7961 7982 7962
f 7962 7982 7983
f 7962 7983 7963
f 7963 7983 7984
f 7963 7984 7964
f 7964 7984 7985
f 7964 7985 7965
f 7965 7985 7986
f 7965 7986 7966
f 7966 7986 7987
f 7966 7987 7967
f 7967 7987 7988
f 7967 7988 7968
f 7968 7988 7989
f 7968 7989 7969
f 7969 7989 7990
f 7969 7990 7970
f 7970 7990 7991
f 7970 7991 7971
f 7971 7991 7992
f 7971 7992 7972
f 7972 7992 7993
f 7972 7993 7973
f 7973 7993 7994
f 7974 7995 7975
f 7975 7995 7996
f 7975 7996 7976
f 7976 7996 7997
f 7976 7997 7977
f 7977 7997 7998
f 7977 7998 7978
f 7978 7998 7999
f 7978 7999 7979
f 7979 7999 8000
f 7979 8000 7980
f 7980 8000 8001
f 7980 8001 7981
f 7981 8001 8002
f 7981 8002 7982
f 7982 8002 8003
f 7982 8003 7983
f 7983 8003 8004
f 7983 8004 7984
f 7984 8004 8005
f 7984 8005 7985
f 7985 8005 8006
f 7985 8006 7986
f 7986 8006 8007
f 7986 8007 7987
f 7987 8007 8008
f 7987 8008 7988
f 7988 8008 8009
f 7988 8009 7989
f 7989 8009 8010
f 7989 8010 7990
f 7990 8010 8011
f 7990 8011 7991
f 7991 8011 8012
f 7991 8012 7992
f 7992 8012 8013
f 7992 8013 7993
f 7993 8013 8014
f 7993 8014 7994
f 7994 8014 8015
f 7995 8016 7996
f 7996 8016 8017
f 7996 8017 7997
f 7997 8017 8018
f 7997 8018 7998
f 7998 8018 8019
f 7998 8019 7999
f 7999 8019 8020
f 7999 8020 8000
f 8000 8020 8021
f 8000 8021 8001
f 8001 8021 8022
f 8001 8022 8002
f 8002 8022 8023
f 8002 8023 8003
f 8003 8023 8024
f 8003 8024 8004
f 8004 8024 8025
f 8004 8025 8005
f 8005 8025 8026
f 8005 8026 8006
f 8006 8026 8027
f 8006 8027 8007
f 8007 8027 8028
f 8007 8028 8008
f 8008 8028 8029
f 8008 8029 8009
f 8009 8029 8030
f 8009 8030 8010
f 8010 8030 8031
f 8010 8031 8011
f 8011 8031 8032
f 8011 8032 8012
f 8012 8032 8033
f 8012 8033 8013
f 8013 8033 8034
f 8013 8034 8014
f 8014 8034 8035
f 8014 8035 8015
f 8015 8035 8036
f 8016 8037 8017
f 8017 8037 8038
f 8017 8038 8018
f 8018 8038 8039
f 8018 8039 8019
f 8019 8039 8040
f 8019 8040 8020
f 8020 8040 8041
f 8020 8041 8021
f 8021 8041 8042
f 8021 8042 8022
f 8022 8042 8043
f 8022 8043 8023
f 8023 8043 8044
f 8023 8044 8024
f 8024 8044 8045
f 8024 8045 8025
f 8025 8045 8046
f 8025 8046 8026
f 8026 8046 8047
f 8026 8047 8027
f 8027 8047 8048
f 8027 8048 8028
f 8028 8048 8049
f 8028 8049 8029
f 8029 8049 8050
f 8029 8050 8030
f 8030 8050 8051
f 8030 8051 8031
f 8031 8051 8052
f 8031 8052 8032
f 8032 8052 8053
f 8032 8053 8033
f 8033 8053 8054
f 8033 8054 8034
f 8034 8054 8055
f 8034 8055 8035
f 8035 8055 8056
f 8035 8056 8036
f 8036 8056 8057
f 8037 8058 8038
f 8038 8058 8059
f 8038 8059 8039
f 8039 8059 8060
f 8039 8060 8040
f 8040 8060 8061
f 8040 8061 8041
f 8041 8061 8062
f 8041 8062 8042
f 8042 8062 8063
f 8042 8063 8043
f 8043 8063 8064
f 8043 8064 8044
f 8044 8064 8065
f 8044 8065 8045
f 8045 8065 8066
f 8045 8066 8046
f 8046 8066 8067
f 8046 8067 8047
f 8047 8067 8068
f 8047 8068 8048
f 8048 8068 8069
f 8048 8069 8049
f 8049 8069 8070
f 8049 8070 8050
f 8050 8070 8071
f 8050 8071 8051
f 8051 8071 8072
f 8051 8072 8052
f 8052 8072 8073
f 8052 8073 8053
f 8053 8073 8074
f 8053 8074 8054
f 8054 8074 8075
f 8054 8075 8055
f 8055 8075 8076
f 8055 8076 8056
f 8056 8076 8077
f 8056 8077 8057
f 8057 8077 8078
f 8058 8079 8059
f 8059 8079 8080
f 8059 8080 8060
f 8060 8080 8081
f 8060 8081 8061
f 8061 8081 8082
f 8061 8082 8062
f 8062 8082 8083
f 8062 8083 8063
f 8063 8083 8084
f 8063 8084 8064
f 8064 8084 8085
f 8064 8085 8065
f 8065 8085 8086
f 8065 8086 8066
f 8066 8086 8087
f 8066 8087 8067
f 8067 8087 8088
f 8067 8088 8068
f 8068 8088 8089
f 8068 8089 8069
f 8069 8089 8090
f 8069 8090 8070
f 8070 8090 8091
f 8070 8091 8071
f 8071 8091 8092
f 8071 8092 8072
f 8072 8092 8093
f 8072 8093 8073
f 8073 8093 8094
f 8073 8094 8074
f 8074 8094 8095
f 8074 8095 8075
f 8075 8095 8096
f 8075 8096 8076
f 8076 8096 8097
f 8076 8097 8077
f 8077 8097 8098
f 8077 8098 8078
f 8078 8098 8099
f 8079 8100 8080
f 8080 8100 8101
f 8080 8101 8081
f 8081 8101 8102
f 8081 8102 8082
f 8082 8102 8103
f 8082 8103 8083
f 8083 8103 8104
f 8083 8104 8084
f 8084 8104 8105
f 8084 8105 8085
f 8085 8105 8106
f 8085 8106 8086
f 8086 8106 8107
f 8086 8107 8087
f 8087 8107 8108
f 8087 8108 8088
f 8088 8108 8109
f 8088 8109 8089
f 8089 8109 8110
f 8089 8110 8090
f 8090 8110 8111
f 8090 8111 8091
f 8091 8111 8112
f 8091 8112 8092
f 8092 8112 8113
f 8092 8113 8093
f 8093 8113 8114
f 8093 8114 8094
f 8094 8114 8115
f 8094 8115 8095
f 8095 8115 8116
f 8095 8116 8096
f 8096 8116 8117
f 8096 8117 8097
f 8097 8117 8118
f 8097 8118 8098
f 8098 8118 8119
f 8098 8119 8099
f 8099 8119 8120
f 8100 8121 8101
f 8101 8121 8122
f 8101 8122 8102
f 8102 8122 8123
f 8102 8123 8103
f 8103 8123 8124
f 8103 8124 8104
f 8104 8124 8125
f 8104 8125 8105
f 8105 8125 8126
f 8105 8126 8106
f 8106 8126 8127
f 8106 8127 8107
f 8107 8127 8128
f 8107 8128 8108
f 8108 8128 8129
f 8108 8129 8109
f 8109 8129 8130
f 8109 8130 8110
f 8110 8130 8131
f 8110 8131 8111
f 8111 8131 8132
f 8111 8132 8112
f 8112 8132 8133
f 8112 8133 8113
f 8113 8133 8134
f 8113 8134 8114
f 8114 8134 8135
f 8114 8135 8115
f 8115 8135 8136
f 8115 8136 8116
f 8116 8136 8137
f 8116 8137 8117
f 8117 8137 8138
f 8117 8138 8118
f 8118 8138 8139
f 8118 8139 8119
f 8119 8139 8140
f 8119 8140 8120
f 8120 8140 8141
f 8121 8142 8122
f 8122 8142 8143
f 8122 8143 8123
f 8123 8143 8144
f 8123 8144 8124
f 8124 8144 8145
f 8124 8145 8125
f 8125 8145 8146
f 8125 8146 8126
f 8126 8146 8147
f 8126 8147 8127
f 8127 8147 8148
f 8127 8148 8128
f 8128 8148 8149
f 8128 8149 8129
f 8129 8149 8150
f 8129 8150 8130
f 8130 8150 8151
f 8130 8151 8131
f 8131 8151 8152
f 8131 8152 8132
f 8132 8152 8153
f 8132 8153 8133
f 8133 8153 8154
f 8133 8154 8134
f 8134 8154 8155
f 8134 8155 8135
f 8135 8155 8156
f 8135 8156 8136
f 8136 8156 8157
f 8136 8157 8137
f 8137 8157 8158
f 8137 8158 8138
f 8138 8158 8159
f 8138 8159 8139
f 8139 8159 8160
f 8139 8160 8140
f 8140 8160 8161
f 8140 8161 8141
f 8141 8161 8162
f 8142 8163 8143
f 8143 8164 8144
f 8144 8165 8145
f 8145 8166 8146
f 8146 8167 8147
f 8147 8168 8148
f 8148 8169 8149
f 8149 8170 8150
f 8150 8171 8151
f 8151 8172 8152
f 8152 8173 8153
f 8153 8174 8154
f 8154 8175 8155
f 8155 8176 8156
f 8156 8177 8157
f 8157 8178 8158
f 8158 8179 8159
f 8159 8180 8160
f 8160 8181 8161
f 8161 8182 8162
usemtl body_mid
f 8184 8186 8185
f 8185 8186 8187
f 8186 8188 8187
f 8187 8188 8189
f 8188 8190 8189
f 8189 8190 8191
f 8190 8192 8191
f 8191 8192 8193
f 8192 8194 8193
f 8193 8194 8195
f 8194 8196 8195
f 8195 8196 8197
f 8196 8198 8197
f 8197 8198 8199
f 8198 8200 8199
f 8199 8200 8201
f 8202 8184 8186
f 8203 8187 8185
f 8202 8186 8188
f 8203 8189 8187
f 8202 8188 8190
f 8203 8191 8189
f 8202 8190 8192
f 8203 8193 8191
f 8202 8192 8194
f 8203 8195 8193
f 8202 8194 8196
f 8203 8197 8195
f 8202 8196 8198
f 8203 8199 8197
f 8202 8198 8200
f 8203 8201 8199
usemtl body_dark
f 8205 8225 8226
f 8206 8226 8227
f 8207 8227 8228
f 8208 8228 8229
f 8209 8229 8230
f 8210 8230 8231
f 8211 8231 8232
f 8212 8232 8233
f 8213 8233 8234
f 8214 8234 8235
f 8215 8235 8236
f 8216 8236 8237
f 8217 8237 8238
f 8218 8238 8239
f 8219 8239 8240
f 8220 8240 8241
f 8221 8241 8242
f 8222 8242 8243
f 8223 8243 8244
f 8224 8244 8245
f 8225 8246 8226
f 8226 8246 8247
f 8226 8247 8227
f 8227 8247 8248
f 8227 8248 8228
f 8228 8248 8249
f 8228 8249 8229
f 8229 8249 8250
f 8229 8250 8230
f 8230 8250 8251
f 8230 8251 8231
f 8231 8251 8252
f 8231 8252 8232
f 8232 8252 8253
f 8232 8253 8233
f 8233 8253 8254
f 8233 8254 8234
f 8234 8254 8255
f 8234 8255 8235
f 8235 8255 8256
f 8235 8256 8236
f 8236 8256 8257
f 8236 8257 8237
f 8237 8257 8258
f 8237 8258 8238
f 8238 8258 8259
f 8238 8259 8239
f 8239 8259 8260
f 8239 8260 8240
f 8240 8260 8261
f 8240 8261 8241
f 8241 8261 8262
f 8241 8262 8242
f 8242 8262 8263
f 8242 8263 8243
f 8243 8263 8264
f 8243 8264 8244
f 8244 8264 8265
f 8244 8265 8245
f 8245 8265 8266
f 8246 8267 8247
f 8247 8267 8268
f 8247 8268 8248
f 8248 8268 8269
f 8248 8269 8249
f 8249 8269 8270
f 8249 8270 8250
f 8250 8270 8271
f 8250 8271 8251
f 8251 8271 8272
f 8251 8272 8252
f 8252 8272 8273
f 8252 8273 8253
f 8253 8273 8274
f 8253 8274 8254
f 8254 8274 8275
f 8254 8275 8255
f 8255 8275 8276
f 8255 8276 8256
f 8256 8276 8277
f 8256 8277 8257
f 8257 8277 8278
f 8257 8278 8258
f 8258 8278 8279
f 8258 8279 8259
f 8259 8279 8280
f 8259 8280 8260
f 8260 8280 8281
f 8260 8281 8261
f 8261 8281 8282
f 8261 8282 8262
f 8262 8282 8283
f 8262 8283 8263
f 8263 8283 8284
f 8263 8284 8264
f 8264 8284 8285
f 8264 8285 8265
f 8265 8285 8286
f 8265 8286 8266
f 8266 8286 8287
f 8267 8288 8268
f 8268 8288 8289
f 8268 8289 8269
f 8269 8289 8290
f 8269 8290 8270
f 8270 8290 8291
f 8270 8291 8271
f 8271 8291 8292
f 8271 8292 8272
f 8272 8292 8293
f 8272 8293 8273
f 8273 8293 8294
f 8273 8294 8274
f 8274 8294 8295
f 8274 8295 8275
f 8275 8295 8296
f 8275 8296 8276
f 8276 8296 8297
f 8276 8297 8277
f 8277 8297 8298
f 8277 8298 8278
f 8278 8298 8299
f 8278 8299 8279
f 8279 8299 8300
f 8279 8300 8280
f 8280 8300 8301
f 8280 8301 8281
f 8281 8301 8302
f 8281 8302 8282
f 8282 8302 8303
f 8282 8303 8283
f 8283 8303 8304
f 8283 8304 8284
f 8284 8304 8305
f 8284 8305 8285
f 8285 8305 8306
f 8285 8306 8286
f 8286 8306 8307
f 8286 8307 8287
f 8287 8307 8308
f 8288 8309 8289
f 8289 8309 8310
f 8289 8310 8290
f 8290 8310 8311
f 8290 8311 8291
f 8291 8311 8312
f 8291 8312 8292
f 8292 8312 8313
f 8292 8313 8293
f 8293 8313 8314
f 8293 8314 8294
f 8294 8314 8315
f 8294 8315 8295
f 8295 8315 8316
f 8295 8316 8296
f 8296 8316 8317
f 8296 8317 8297
f 8297 8317 8318
f 8297 8318 8298
f 8298 8318 8319
f 8298 8319 8299
f 8299 8319 8320
f 8299 8320 8300
f 8300 8320 8321
f 8300 8321 8301
f 8301 8321 8322
f 8301 8322 8302
f 8302 8322 8323
f 8302 8323 8303
f 8303 8323 8324
f 8303 8324 8304
f 8304 8324 8325
f 8304 8325 8305
f 8305 8325 8326
f 8305 8326 8306
f 8306 8326 8327
f 8306 8327 8307
f 8307 8327 8328
f 8307 8328 8308
f 8308 8328 8329
f 8309 8330 8310
f 8310 8330 8331
f 8310 8331 8311
f 8311 8331 8332
f 8311 8332 8312
f 8312 8332 8333
f 8312 8333 8313
f 8313 8333 8334
f 8313 8334 8314
f 8314 8334 8335
f 8314 8335 8315
f 8315 8335 8336
f 8315 8336 8316
f 8316 8336 8337
f 8316 8337 8317
f 8317 8337 8338
f 8317 8338 8318
f 8318 8338 8339
f 8318 8339 8319
f 8319 8339 8340
f 8319 8340 8320
f 8320 8340 8341
f 8320 8341 8321
f 8321 8341 8342
f 8321 8342 8322
f 8322 8342 8343
f 8322 8343 8323
f 8323 8343 8344
f 8323 8344 8324
f 8324 8344 8345
f 8324 8345 8325
f 8325 8345 8346
f 8325 8346 8326
f 8326 8346 8347
f 8326 8347 8327
f 8327 8347 8348
f 8327 8348 8328
f 8328 8348 8349
f 8328 8349 8329
f 8329 8349 8350
f 8330 8351 8331
f 8331 8351 8352
f 8331 8352 8332
f 8332 8352 8353
f 8332 8353 8333
f 8333 8353 8354
f 8333 8354 8334
f 8334 8354 8355
f 8334 8355 8335
f 8335 8355 8356
f 8335 8356 8336
f 8336 8356 8357
f 8336 8357 8337
f 8337 8357 8358
f 8337 8358 8338
f 8338 8358 8359
f 8338 8359 8339
f 8339 8359 8360
f 8339 8360 8340
f 8340 8360 8361
f 8340 8361 8341
f 8341 8361 8362
f 8341 8362 8342
f 8342 8362 8363
f 8342 8363 8343
f 8343 8363 8364
f 8343 8364 8344
f 8344 8364 8365
f 8344 8365 8345
f 8345 8365 8366
f 8345 8366 8346
f 8346 8366 8367
f 8346 8367 8347
f 8347 8367 8368
f 8347 8368 8348
f 8348 8368 8369
f 8348 8369 8349
f 8349 8369 8370
f 8349 8370 8350
f 8350 8370 8371
f 8351 8372 8352
f 8352 8372 8373
f 8352 8373 8353
f 8353 8373 8374
f 8353 8374 8354
f 8354 8374 8375
f 8354 8375 8355
f 8355 8375 8376
f 8355 8376 8356
f 8356 8376 8377
f 8356 8377 8357
f 8357 8377 8378
f 8357 8378 8358
f 8358 8378 8379
f 8358 8379 8359
f 8359 8379 8380
f 8359 8380 8360
f 8360 8380 8381
f 8360 8381 8361
f 8361 8381 8382
f 8361 8382 8362
f 8362 8382 8383
f 8362 8383 8363
f 8363 8383 8384
f 8363 8384 8364
f 8364 8384 8385
f 8364 8385 8365
f 8365 8385 8386
f 8365 8386 8366
f 8366 8386 8387
f 8366 8387 8367
f 8367 8387 8388
f 8367 8388 8368
f 8368 8388 8389
f 8368 8389 8369
f 8369 8389 8390
f 8369 8390 8370
f 8370 8390 8391
f 8370 8391 8371
f 8371 8391 8392
f 8372 8393 8373
f 8373 8393 8394
f 8373 8394 8374
f 8374 8394 8395
f 8374 8395 8375
f 8375 8395 8396
f 8375 8396 8376
f 8376 8396 8397
f 8376 8397 8377
f 8377 8397 8398
f 8377 8398 8378
f 8378 8398 8399
f 8378 8399 8379
f 8379 8399 8400
f 8379 8400 8380
f 8380 8400 8401
f 8380 8401 8381
f 8381 8401 8402
f 8381 8402 8382
f 8382 8402 8403
f 8382 8403 8383
f 8383 8403 8404
f 8383 8404 8384
f 8384 8404 8405
f 8384 8405 8385
f 8385 8405 8406
f 8385 8406 8386
f 8386 8406 8407
f 8386 8407 8387
f 8387 8407 8408
f 8387 8408 8388
f 8388 8408 8409
f 8388 8409 8389
f 8389 8409 8410
f 8389 8410 8390
f 8390 8410 8411
f 8390 8411 8391
f 8391 8411 8412
f 8391 8412 8392
f 8392 8412 8413
f 8393 8414 8394
f 8394 8414 8415
f 8394 8415 8395
f 8395 8415 8416
f 8395 8416 8396
f 8396 8416 8417
f 8396 8417 8397
f 8397 8417 8418
f 8397 8418 8398
f 8398 8418 8419
f 8398 8419 8399
f 8399 8419 8420
f 8399 8420 8400
f 8400 8420 8421
f 8400 8421 8401
f 8401 8421 8422
f 8401 8422 8402
f 8402 8422 8423
f 8402 8423 8403
f 8403 8423 8424
f 8403 8424 8404
f 8404 8424 8425
f 8404 8425 8405
f 8405 8425 8426
f 8405 8426 8406
f 8406 8426 8427
f 8406 8427 8407
f 8407 8427 8428
f 8407 8428 8408
f 8408 8428 8429
f 8408 8429 8409
f 8409 8429 8430
f 8409 8430 8410
f 8410 8430 8431
f 8410 8431 8411
f 8411 8431 8432
f 8411 8432 8412
f 8412 8432 8433
f 8412 8433 8413
f 8413 8433 8434
f 8414 8435 8415
f 8415 8435 8436
f 8415 8436 8416
f 8416 8436 8437
f 8416 8437 8417
f 8417 8437 8438
f 8417 8438 8418
f 8418 8438 8439
f 8418 8439 8419
f 8419 8439 8440
f 8419 8440 8420
f 8420 8440 8441
f 8420 8441 8421
f 8421 8441 8442
f 8421 8442 8422
f 8422 8442 8443
f 8422 8443 8423
f 8423 8443 8444
f 8423 8444 8424
f 8424 8444 8445
f 8424 8445 8425
f 8425 8445 8446
f 8425 8446 8426
f 8426 8446 8447
f 8426 8447 8427
f 8427 8447 8448
f 8427 8448 8428
f 8428 8448 8449
f 8428 8449 8429
f 8429 8449 8450
f 8429 8450 8430
f 8430 8450 8451
f 8430 8451 8431
f 8431 8451 8452
f 8431 8452 8432
f 8432 8452 8453
f 8432 8453 8433
f 8433 8453 8454
f 8433 8454 8434
f 8434 8454 8455
f 8435 8456 8436
f 8436 8456 8457
f 8436 8457 8437
f 8437 8457 8458
f 8437 8458 8438
f 8438 8458 8459
f 8438 8459 8439
f 8439 8459 8460
f 8439 8460 8440
f 8440 8460 8461
f 8440 8461 8441
f 8441 8461 8462
f 8441 8462 8442
f 8442 8462 8463
f 8442 8463 8443
f 8443 8463 8464
f 8443 8464 8444
f 8444 8464 8465
f 8444 8465 8445
f 8445 8465 8466
f 8445 8466 8446
f 8446 8466 8467
f 8446 8467 8447
f 8447 8467 8468
f 8447 8468 8448
f 8448 8468 8469
f 8448 8469 8449
f 8449 8469 8470
f 8449 8470 8450
f 8450 8470 8471
f 8450 8471 8451
f 8451 8471 8472
f 8451 8472 8452
f 8452 8472 8473
f 8452 8473 8453
f 8453 8473 8474
f 8453 8474 8454
f 8454 8474 8475
f 8454 8475 8455
f 8455 8475 8476
f 8456 8477 8457
f 8457 8477 8478
f 8457 8478 8458
f 8458 8478 8479
f 8458 8479 8459
f 8459 8479 8480
f 8459 8480 8460
f 8460 8480 8481
f 8460 8481 8461
f 8461 8481 8482
f 8461 8482 8462
f 8462 8482 8483
f 8462 8483 8463
f 8463 8483 8484
f 8463 8484 8464
f 8464 8484 8485
f 8464 8485 8465
f 8465 8485 8486
f 8465 8486 8466
f 8466 8486 8487
f 8466 8487 8467
f 8467 8487 8488
f 8467 8488 8468
f 8468 8488 8489
f 8468 8489 8469
f 8469 8489 8490
f 8469 8490 8470
f 8470 8490 8491
f 8470 8491 8471
f 8471 8491 8492
f 8471 8492 8472
f 8472 8492 8493
f 8472 8493 8473
f 8473 8493 8494
f 8473 8494 8474
f 8474 8494 8495
f 8474 8495 8475
f 8475 8495 8496
f 8475 8496 8476
f 8476 8496 8497
f 8477 8498 8478
f 8478 8499 8479
f 8479 8500 8480
f 8480 8501 8481
f 8481 8502 8482
f 8482 8503 8483
f 8483 8504 8484
f 8484 8505 8485
f 8485 8506 8486
f 8486 8507 8487
f 8487 8508 8488
f 8488 8509 8489
f 8489 8510 8490
f 8490 8511 8491
f 8491 8512 8492
f 8492 8513 8493
f 8493 8514 8494
f 8494 8515 8495
f 8495 8516 8496
f 8496 8517 8497
f 8520 8540 8541
f 8521 8541 8542
f 8522 8542 8543
f 8523 8543 8544
f 8524 8544 8545
f 8525 8545 8546
f 8526 8546 8547
f 8527 8547 8548
f 8528 8548 8549
f 8529 8549 8550
f 8530 8550 8551
f 8531 8551 8552
f 8532 8552 8553
f 8533 8553 8554
f 8534 8554 8555
f 8535 8555 8556
f 8536 8556 8557
f 8537 8557 8558
f 8538 8558 8559
f 8539 8559 8560
f 8540 8561 8541
f 8541 8561 8562
f 8541 8562 8542
f 8542 8562 8563
f 8542 8563 8543
f 8543 8563 8564
f 8543 8564 8544
f 8544 8564 8565
f 8544 8565 8545
f 8545 8565 8566
f 8545 8566 8546
f 8546 8566 8567
f 8546 8567 8547
f 8547 8567 8568
f 8547 8568 8548
f 8548 8568 8569
f 8548 8569 8549
f 8549 8569 8570
f 8549 8570 8550
f 8550 8570 8571
f 8550 8571 8551
f 8551 8571 8572
f 8551 8572 8552
f 8552 8572 8573
f 8552 8573 8553
f 8553 8573 8574
f 8553 8574 8554
f 8554 8574 8575
f 8554 8575 8555
f 8555 8575 8576
f 8555 8576 8556
f 8556 8576 8577
f 8556 8577 8557
f 8557 8577 8578
f 8557 8578 8558
f 8558 8578 8579
f 8558 8579 8559
f 8559 8579 8580
f 8559 8580 8560
f 8560 8580 8581
f 8561 8582 8562
f 8562 8582 8583
f 8562 8583 8563
f 8563 8583 8584
f 8563 8584 8564
f 8564 8584 8585
f 8564 8585 8565
f 8565 8585 8586
f 8565 8586 8566
f 8566 8586 8587
f 8566 8587 8567
f 8567 8587 8588
f 8567 8588 8568
f 8568 8588 8589
f 8568 8589 8569
f 8569 8589 8590
f 8569 8590 8570
f 8570 8590 8591
f 8570 8591 8571
f 8571 8591 8592
f 8571 8592 8572
f 8572 8592 8593
f 8572 8593 8573
f 8573 8593 8594
f 8573 8594 8574
f 8574 8594 8595
f 8574 8595 8575
f 8575 8595 8596
f 8575 8596 8576
f 8576 8596 8597
f 8576 8597 8577
f 8577 8597 8598
f 8577 8598 8578
f 8578 8598 8599
f 8578 8599 8579
f 8579 8599 8600
f 8579 8600 8580
f 8580 8600 8601
f 8580 8601 8581
f 8581 8601 8602
f 8582 8603 8583
f 8583 8603 8604
f 8583 8604 8584
f 8584 8604 8605
f 8584 8605 8585
f 8585 8605 8606
f 8585 8606 8586
f 8586 8606 8607
f 8586 8607 8587
f 8587 8607 8608
f 8587 8608 8588
f 8588 8608 8609
f 8588 8609 8589
f 8589 8609 8610
f 8589 8610 8590
f 8590 8610 8611
f 8590 8611 8591
f 8591 8611 8612
f 8591 8612 8592
f 8592 8612 8613
f 8592 8613 8593
f 8593 8613 8614
f 8593 8614 8594
f 8594 8614 8615
f 8594 8615 8595
f 8595 8615 8616
f 8595 8616 8596
f 8596 8616 8617
f 8596 8617 8597
f 8597 8617 8618
f 8597 8618 8598
f 8598 8618 8619
f 8598 8619 8599
f 8599 8619 8620
f 8599 8620 8600
f 8600 8620 8621
f 8600 8621 8601
f 8601 8621 8622
f 8601 8622 8602
f 8602 8622 8623
f 8603 8624 8604
f 8604 8624 8625
f 8604 8625 8605
f 8605 8625 8626
f 8605 8626 8606
f 8606 8626 8627
f 8606 8627 8607
f 8607 8627 8628
f 8607 8628 8608
f 8608 8628 8629
f 8608 8629 8609
f 8609 8629 8630
f 8609 8630 8610
f 8610 8630 8631
f 8610 8631 8611
f 8611 8631 8632
f 8611 8632 8612
f 8612 8632 8633
f 8612 8633 8613
f 8613 8633 8634
f 8613 8634 8614
f 8614 8634 8635
f 8614 8635 8615
f 8615 8635 8636
f 8615 8636 8616
f 8616 8636 8637
f 8616 8637 8617
f 8617 8637 8638
f 8617 8638 8618
f 8618 8638 8639
f 8618 8639 8619
f 8619 8639 8640
f 8619 8640 8620
f 8620 8640 8641
f 8620 8641 8621
f 8621 8641 8642
f 8621 8642 8622
f 8622 8642 8643
f 8622 8643 8623
f 8623 8643 8644
f 8624 8645 8625
f 8625 8645 8646
f 8625 8646 8626
f 8626 8646 8647
f 8626 8647 8627
f 8627 8647 8648
f 8627 8648 8628
f 8628 8648 8649
f 8628 8649 8629
f 8629 8649 8650
f 8629 8650 8630
f 8630 8650 8651
f 8630 8651 8631
f 8631 8651 8652
f 8631 8652 8632
f 8632 8652 8653
f 8632 8653 8633
f 8633 8653 8654
f 8633 8654 8634
f 8634 8654 8655
f 8634 8655 8635
f 8635 8655 8656
f 8635 8656 8636
f 8636 8656 8657
f 8636 8657 8637
f 8637 8657 8658
f 8637 8658 8638
f 8638 8658 8659
f 8638 8659 8639
f 8639 8659 8660
f 8639 8660 8640
f 8640 8660 8661
f 8640 8661 8641
f 8641 8661 8662
f 8641 8662 8642
f 8642 8662 8663
f 8642 8663 8643
f 8643 8663 8664
f 8643 8664 8644
f 8644 8664 8665
f 8645 8666 8646
f 8646 8666 8667
f 8646 8667 8647
f 8647 8667 8668
f 8647 8668 8648
f 8648 8668 8669
f 8648 8669 8649
f 8649 8669 8670
f 8649 8670 8650
f 8650 8670 8671
f 8650 8671 8651
f 8651 8671 8672
f 8651 8672 8652
f 8652 8672 8673
f 8652 8673 8653
f 8653 8673 8674
f 8653 8674 8654
f 8654 8674 8675
f 8654 8675 8655
f 8655 8675 8676
f 8655 8676 8656
f 8656 8676 8677
f 8656 8677 8657
f 8657 8677 8678
f 8657 8678 8658
f 8658 8678 8679
f 8658 8679 8659
f 8659 8679 8680
f 8659 8680 8660
f 8660 8680 8681
f 8660 8681 8661
f 8661 8681 8682
f 8661 8682 8662
f 8662 8682 8683
f 8662 8683 8663
f 8663 8683 8684
f 8663 8684 8664
f 8664 8684 8685
f 8664 8685 8665
f 8665 8685 8686
f 8666 8687 8667
f 8667 8687 8688
f 8667 8688 8668
f 8668 8688 8689
f 8668 8689 8669
f 8669 8689 8690
f 8669 8690 8670
f 8670 8690 8691
f 8670 8691 8671
f 8671 8691 8692
f 8671 8692 8672
f 8672 8692 8693
f 8672 8693 8673
f 8673 8693 8694
f 8673 8694 8674
f 8674 8694 8695
f 8674 8695 8675
f 8675 8695 8696
f 8675 8696 8676
f 8676 8696 8697
f 8676 8697 8677
f 8677 8697 8698
f 8677 8698 8678
f 8678 8698 8699
f 8678 8699 8679
f 8679 8699 8700
f 8679 8700 8680
f 8680 8700 8701
f 8680 8701 8681
f 8681 8701 8702
f 8681 8702 8682
f 8682 8702 8703
f 8682 8703 8683
f 8683 8703 8704
f 8683 8704 8684
f 8684 8704 8705
f 8684 8705 8685
f 8685 8705 8706
f 8685 8706 8686
f 8686 8706 8707
f 8687 8708 8688
f 8688 8708 8709
f 8688 8709 8689
f 8689 8709 8710
f 8689 8710 8690
f 8690 8710 8711
f 8690 8711 8691
f 8691 8711 8712
f 8691 8712 8692
f 8692 8712 8713
f 8692 8713 8693
f 8693 8713 8714
f 8693 8714 8694
f 8694 8714 8715
f 8694 8715 8695
f 8695 8715 8716
f 8695 8716 8696
f 8696 8716 8717
f 8696 8717 8697
f 8697 8717 8718
f 8697 8718 8698
f 8698 8718 8719
f 8698 8719 8699
f 8699 8719 8720
f 8699 8720 8700
f 8700 8720 8721
f 8700 8721 8701
f 8701 8721 8722
f 8701 8722 8702
f 8702 8722 8723
f 8702 8723 8703
f 8703 8723 8724
f 8703 8724 8704
f 8704 8724 8725
f 8704 8725 8705
f 8705 8725 8726
f 8705 8726 8706
f 8706 8726 8727
f 8706 8727 8707
f 8707 8727 8728
f 8708 8729 8709
f 8709 8729 8730
f 8709 8730 8710
f 8710 8730 8731
f 8710 8731 8711
f 8711 8731 8732
f 8711 8732 8712
f 8712 8732 8733
f 8712 8733 8713
f 8713 8733 8734
f 8713 8734 8714
f 8714 8734 8735
f 8714 8735 8715
f 8715 8735 8736
f 8715 8736 8716
f 8716 8736 8737
f 8716 8737 8717
f 8717 8737 8738
f 8717 8738 8718
f 8718 8738 8739
f 8718 8739 8719
f 8719 8739 8740
f 8719 8740 8720
f 8720 8740 8741
f 8720 8741 8721
f 8721 8741 8742
f 8721 8742 8722
f 8722 8742 8743
f 8722 8743 8723
f 8723 8743 8744
f 8723 8744 8724
f 8724 8744 8745
f 8724 8745 8725
f 8725 8745 8746
f 8725 8746 8726
f 8726 8746 8747
f 8726 8747 8727
f 8727 8747 8748
f 8727 8748 8728
f 8728 8748 8749
f 8729 8750 8730
f 8730 8750 8751
f 8730 8751 8731
f 8731 8751 8752
f 8731 8752 8732
f 8732 8752 8753
f 8732 8753 8733
f 8733 8753 8754
f 8733 8754 8734
f 8734 8754 8755
f 8734 8755 8735
f 8735 8755 8756
f 8735 8756 8736
f 8736 8756 8757
f 8736 8757 8737
f 8737 8757 8758
f 8737 8758 8738
f 8738 8758 8759
f 8738 8759 8739
f 8739 8759 8760
f 8739 8760 8740
f 8740 8760 8761
f 8740 8761 8741
f 8741 8761 8762
f 8741 8762 8742
f 8742 8762 8763
f 8742 8763 8743
f 8743 8763 8764
f 8743 8764 8744
f 8744 8764 8765
f 8744 8765 8745
f 8745 8765 8766
f 8745 8766 8746
f 8746 8766 8767
f 8746 8767 8747
f 8747 8767 8768
f 8747 8768 8748
f 8748 8768 8769
f 8748 8769 8749
f 8749 8769 8770
f 8750 8771 8751
f 8751 8771 8772
f 8751 8772 8752
f 8752 8772 8773
f 8752 8773 8753
f 8753 8773 8774
f 8753 8774 8754
f 8754 8774 8775
f 8754 8775 8755
f 8755 8775 8776
f 8755 8776 8756
f 8756 8776 8777
f 8756 8777 8757
f 8757 8777 8778
f 8757 8778 8758
f 8758 8778 8779
f 8758 8779 8759
f 8759 8779 8780
f 8759 8780 8760
f 8760 8780 8781
f 8760 8781 8761
f 8761 8781 8782
f 8761 8782 8762
f 8762 8782 8783
f 8762 8783 8763
f 8763 8783 8784
f 8763 8784 8764
f 8764 8784 8785
f 8764 8785 8765
f 8765 8785 8786
f 8765 8786 8766
f 8766 8786 8787
f 8766 8787 8767
f 8767 8787 8788
f 8767 8788 8768
f 8768 8788 8789
f 8768 8789 8769
f 8769 8789 8790
f 8769 8790 8770
f 8770 8790 8791
f 8771 8792 8772
f 8772 8792 8793
f 8772 8793 8773
f 8773 8793 8794
f 8773 8794 8774
f 8774 8794 8795
f 8774 8795 8775
f 8775 8795 8796
f 8775 8796 8776
f 8776 8796 8797
f 8776 8797 8777
f 8777 8797 8798
f 8777 8798 8778
f 8778 8798 8799
f 8778 8799 8779
f 8779 8799 8800
f 8779 8800 8780
f 8780 8800 8801
f 8780 8801 8781
f 8781 8801 8802
f 8781 8802 8782
f 8782 8802 8803
f 8782 8803 8783
f 8783 8803 8804
f 8783 8804 8784
f 8784 8804 8805
f 8784 8805 8785
f 8785 8805 8806
f 8785 8806 8786
f 8786 8806 8807
f 8786 8807 8787
f 8787 8807 8808
f 8787 8808 8788
f 8788 8808 8809
f 8788 8809 8789
f 8789 8809 8810
f 8789 8810 8790
f 8790 8810 8811
f 8790 8811 8791
f 8791 8811 8812
f 8792 8813 8793
f 8793 8814 8794
f 8794 8815 8795
f 8795 8816 8796
f 8796 8817 8797
f 8797 8818 8798
f 8798 8819 8799
f 8799 8820 8800
f 8800 8821 8801
f 8801 8822 8802
f 8802 8823 8803
f 8803 8824 8804
f 8804 8825 8805
f 8805 8826 8806
f 8806 8827 8807
f 8807 8828 8808
f 8808 8829 8809
f 8809 8830 8810
f 8810 8831 8811
f 8811 8832 8812
usemtl body_light
f 8834 8836 8835
f 8835 8836 8837
f 8836 8838 8837
f 8837 8838 8839
f 8838 8840 8839
f 8839 8840 8841
f 8840 8842 8841
f 8841 8842 8843
f 8842 8844 8843
f 8843 8844 8845
f 8844 8846 8845
f 8845 8846 8847
f 8846 8848 8847
f 8847 8848 8849
f 8848 8850 8849
f 8849 8850 8851
f 8850 8852 8851
f 8851 8852 8853
f 8852 8854 8853
f 8853 8854 8855
f 8854 8856 8855
f 8855 8856 8857
f 8856 8858 8857
f 8857 8858 8859
f 8858 8860 8859
f 8859 8860 8861
f 8860 8862 8861
f 8861 8862 8863
f 8862 8864 8863
f 8863 8864 8865
f 8864 8866 8865
f 8865 8866 8867
f 8866 8868 8867
f 8867 8868 8869
f 8868 8870 8869
f 8869 8870 8871
f 8872 8834 8836
f 8873 8837 8835
f 8872 8836 8838
f 8873 8839 8837
f 8872 8838 8840
f 8873 8841 8839
f 8872 8840 8842
f 8873 8843 8841
f 8872 8842 8844
f 8873 8845 8843
f 8872 8844 8846
f 8873 8847 8845
f 8872 8846 8848
f 8873 8849 8847
f 8872 8848 8850
f 8873 8851 8849
f 8872 8850 8852
f 8873 8853 8851
f 8872 8852 8854
f 8873 8855 8853
f 8872 8854 8856
f 8873 8857 8855
f 8872 8856 8858
f 8873 8859 8857
f 8872 8858 8860
f 8873 8861 8859
f 8872 8860 8862
f 8873 8863 8861
f 8872 8862 8864
f 8873 8865 8863
f 8872 8864 8866
f 8873 8867 8865
f 8872 8866 8868
f 8873 8869 8867
f 8872 8868 8870
f 8873 8871 8869
usemtl body_dark
f 8875 8895 8896
f 8876 8896 8897
f 8877 8897 8898
f 8878 8898 8899
f 8879 8899 8900
f 8880 8900 8901
f 8881 8901 8902
f 8882 8902 8903
f 8883 8903 8904
f 8884 8904 8905
f 8885 8905 8906
f 8886 8906 8907
f 8887 8907 8908
f 8888 8908 8909
f 8889 8909 8910
f 8890 8910 8911
f 8891 8911 8912
f 8892 8912 8913
f 8893 8913 8914
f 8894 8914 8915
f 8895 8916 8896
f 8896 8916 8917
f 8896 8917 8897
f 8897 8917 8918
f 8897 8918 8898
f 8898 8918 8919
f 8898 8919 8899
f 8899 8919 8920
f 8899 8920 8900
f 8900 8920 8921
f 8900 8921 8901
f 8901 8921 8922
f 8901 8922 8902
f 8902 8922 8923
f 8902 8923 8903
f 8903 8923 8924
f 8903 8924 8904
f 8904 8924 8925
f 8904 8925 8905
f 8905 8925 8926
f 8905 8926 8906
f 8906 8926 8927
f 8906 8927 8907
f 8907 8927 8928
f 8907 8928 8908
f 8908 8928 8929
f 8908 8929 8909
f 8909 8929 8930
f 8909 8930 8910
f 8910 8930 8931
f 8910 8931 8911
f 8911 8931 8932
f 8911 8932 8912
f 8912 8932 8933
f 8912 8933 8913
f 8913 8933 8934
f 8913 8934 8914
f 8914 8934 8935
f 8914 8935 8915
f 8915 8935 8936
f 8916 8937 8917
f 8917 8937 8938
f 8917 8938 8918
f 8918 8938 8939
f 8918 8939 8919
f 8919 8939 8940
f 8919 8940 8920
f 8920 8940 8941
f 8920 8941 8921
f 8921 8941 8942
f 8921 8942 8922
f 8922 8942 8943
f 8922 8943 8923
f 8923 8943 8944
f 8923 8944 8924
f 8924 8944 8945
f 8924 8945 8925
f 8925 8945 8946
f 8925 8946 8926
f 8926 8946 8947
f 8926 8947 8927
f 8927 8947 8948
f 8927 8948 8928
f 8928 8948 8949
f 8928 8949 8929
f 8929 8949 8950
f 8929 8950 8930
f 8930 8950 8951
f 8930 8951 8931
f 8931 8951 8952
f 8931 8952 8932
f 8932 8952 8953
f 8932 8953 8933
f 8933 8953 8954
f 8933 8954 8934
f 8934 8954 8955
f 8934 8955 8935
f 8935 8955 8956
f 8935 8956 8936
f 8936 8956 8957
f 8937 8958 8938
f 8938 8958 8959
f 8938 8959 8939
f 8939 8959 8960
f 8939 8960 8940
f 8940 8960 8961
f 8940 8961 8941
f 8941 8961 8962
f 8941 8962 8942
f 8942 8962 8963
f 8942 8963 8943
f 8943 8963 8964
f 8943 8964 8944
f 8944 8964 8965
f 8944 8965 8945
f 8945 8965 8966
f 8945 8966 8946
f 8946 8966 8967
f 8946 8967 8947
f 8947 8967 8968
f 8947 8968 8948
f 8948 8968 8969
f 8948 8969 8949
f 8949 8969 8970
f 8949 8970 8950
f 8950 8970 8971
f 8950 8971 8951
f 8951 8971 8972
f 8951 8972 8952
f 8952 8972 8973
f 8952 8973 8953
f 8953 8973 8974
f 8953 8974 8954
f 8954 8974 8975
f 8954 8975 8955
f 8955 8975 8976
f 8955 8976 8956
f 8956 8976 8977
f 8956 8977 8957
f 8957 8977 8978
f 8958 8979 8959
f 8959 8979 8980
f 8959 8980 8960
f 8960 8980 8981
f 8960 8981 8961
f 8961 8981 8982
f 8961 8982 8962
f 8962 8982 8983
f 8962 8983 8963
f 8963 8983 8984
f 8963 8984 8964
f 8964 8984 8985
f 8964 8985 8965
f 8965 8985 8986
f 8965 8986 8966
f 8966 8986 8987
f 8966 8987 8967
f 8967 8987 8988
f 8967 8988 8968
f 8968 8988 8989
f 8968 8989 8969
f 8969 8989 8990
f 8969 8990 8970
f 8970 8990 8991
f 8970 8991 8971
f 8971 8991 8992
f 8971 8992 8972
f 8972 8992 8993
f 8972 8993 8973
f 8973 8993 8994
f 8973 8994 8974
f 8974 8994 8995
f 8974 8995 8975
f 8975 8995 8996
f 8975 8996 8976
f 8976 8996 8997
f 8976 8997 8977
f 8977 8997 8998
f 8977 8998 8978
f 8978 8998 8999
f 8979 9000 8980
f 8980 9000 9001
f 8980 9001 8981
f 8981 9001 9002
f 8981 9002 8982
f 8982 9002 9003
f 8982 9003 8983
f 8983 9003 9004
f 8983 9004 8984
f 8984 9004 9005
f 8984 9005 8985
f 8985 9005 9006
f 8985 9006 8986
f 8986 9006 9007
f 8986 9007 8987
f 8987 9007 9008
f 8987 9008 8988
f 8988 9008 9009
f 8988 9009 8989
f 8989 9009 9010
f 8989 9010 8990
f 8990 9010 9011
f 8990 9011 8991
f 8991 9011 9012
f 8991 9012 8992
f 8992 9012 9013
f 8992 9013 8993
f 8993 9013 9014
f 8993 9014 8994
f 8994 9014 9015
f 8994 9015 8995
f 8995 9015 9016
f 8995 9016 8996
f 8996 9016 9017
f 8996 9017 8997
f 8997 9017 9018
f 8997 9018 8998
f 8998 9018 9019
f 8998 9019 8999
f 8999 9019 9020
f 9000 9021 9001
f 9001 9021 9022
f 9001 9022 9002
f 9002 9022 9023
f 9002 9023 9003
f 9003 9023 9024
f 9003 9024 9004
f 9004 9024 9025
f 9004 9025 9005
f 9005 9025 9026
f 9005 9026 9006
f 9006 9026 9027
f 9006 9027 9007
f 9007 9027 9028
f 9007 9028 9008
f 9008 9028 9029
f 9008 9029 9009
f 9009 9029 9030
f 9009 9030 9010
f 9010 9030 9031
f 9010 9031 9011
f 9011 9031 9032
f 9011 9032 9012
f 9012 9032 9033
f 9012 9033 9013
f 9013 9033 9034
f 9013 9034 9014
f 9014 9034 9035
f 9014 9035 9015
f 9015 9035 9036
f 9015 9036 9016
f 9016 9036 9037
f 9016 9037 9017
f 9017 9037 9038
f 9017 9038 9018
f 9018 9038 9039
f 9018 9039 9019
f 9019 9039 9040
f 9019 9040 9020
f 9020 9040 9041
f 9021 9042 9022
f 9022 9042 9043
f 9022 9043 9023
f 9023 9043 9044
f 9023 9044 9024
f 9024 9044 9045
f 9024 9045 9025
f 9025 9045 9046
f 9025 9046 9026
f 9026 9046 9047
f 9026 9047 9027
f 9027 9047 9048
f 9027 9048 9028
f 9028 9048 9049
f 9028 9049 9029
f 9029 9049 9050
f 9029 9050 9030
f 9030 9050 9051
f 9030 9051 9031
f 9031 9051 9052
f 9031 9052 9032
f 9032 9052 9053
f 9032 9053 9033
f 9033 9053 9054
f 9033 9054 9034
f 9034 9054 9055
f 9034 9055 9035
f 9035 9055 9056
f 9035 9056 9036
f 9036 9056 9057
f 9036 9057 9037
f 9037 9057 9058
f 9037 9058 9038
f 9038 9058 9059
f 9038 9059 9039
f 9039 9059 9060
f 9039 9060 9040
f 9040 9060 9061
f 9040 9061 9041
f 9041 9061 9062
f 9042 9063 9043
f 9043 9063 9064
f 9043 9064 9044
f 9044 9064 9065
f 9044 9065 9045
f 9045 9065 9066
f 9045 9066 9046
f 9046 9066 9067
f 9046 9067 9047
f 9047 9067 9068
f 9047 9068 9048
f 9048 9068 9069
f 9048 9069 9049
f 9049 9069 9070
f 9049 9070 9050
f 9050 9070 9071
f 9050 9071 9051
f 9051 9071 9072
f 9051 9072 9052
f 9052 9072 9073
f 9052 9073 9053
f 9053 9073 9074
f 9053 9074 9054
f 9054 9074 9075
f 9054 9075 9055
f 9055 9075 9076
f 9055 9076 9056
f 9056 9076 9077
f 9056 9077 9057
f 9057 9077 9078
f 9057 9078 9058
f 9058 9078 9079
f 9058 9079 9059
f 9059 9079 9080
f 9059 9080 9060
f 9060 9080 9081
f 9060 9081 9061
f 9061 9081 9082
f 9061 9082 9062
f 9062 9082 9083
f 9063 9084 9064
f 9064 9084 9085
f 9064 9085 9065
f 9065 9085 9086
f 9065 9086 9066
f 9066 9086 9087
f 9066 9087 9067
f 9067 9087 9088
f 9067 9088 9068
f 9068 9088 9089
f 9068 9089 9069
f 9069 9089 9090
f 9069 9090 9070
f 9070 9090 9091
f 9070 9091 9071
f 9071 9091 9092
f 9071 9092 9072
f 9072 9092 9093
f 9072 9093 9073
f 9073 9093 9094
f 9073 9094 9074
f 9074 9094 9095
f 9074 9095 9075
f 9075 9095 9096
f 9075 9096 9076
f 9076 9096 9097
f 9076 9097 9077
f 9077 9097 9098
f 9077 9098 9078
f 9078 9098 9099
f 9078 9099 9079
f 9079 9099 9100
f 9079 9100 9080
f 9080 9100 9101
f 9080 9101 9081
f 9081 9101 9102
f 9081 9102 9082
f 9082 9102 9103
f 9082 9103 9083
f 9083 9103 9104
f 9084 9105 9085
f 9085 9105 9106
f 9085 9106 9086
f 9086 9106 9107
f 9086 9107 9087
f 9087 9107 9108
f 9087 9108 9088
f 9088 9108 9109
f 9088 9109 9089
f 9089 9109 9110
f 9089 9110 9090
f 9090 9110 9111
f 9090 9111 9091
f 9091 9111 9112
f 9091 9112 9092
f 9092 9112 9113
f 9092 9113 9093
f 9093 9113 9114
f 9093 9114 9094
f 9094 9114 9115
f 9094 9115 9095
f 9095 9115 9116
f 9095 9116 9096
f 9096 9116 9117
f 9096 9117 9097
f 9097 9117 9118
f 9097 9118 9098
f 9098 9118 9119
f 9098 9119 9099
f 9099 9119 9120
f 9099 9120 9100
f 9100 9120 9121
f 9100 9121 9101
f 9101 9121 9122
f 9101 9122 9102
f 9102 9122 9123
f 9102 9123 9103
f 9103 9123 9124
f 9103 9124 9104
f 9104 9124 9125
f 9105 9126 9106
f 9106 9126 9127
f 9106 9127 9107
f 9107 9127 9128
f 9107 9128 9108
f 9108 9128 9129
f 9108 9129 9109
f 9109 9129 9130
f 9109 9130 9110
f 9110 9130 9131
f 9110 9131 9111
f 9111 9131 9132
f 9111 9132 9112
f 9112 9132 9133
f 9112 9133 9113
f 9113 9133 9134
f 9113 9134 9114
f 9114 9134 9135
f 9114 9135 9115
f 9115 9135 9136
f 9115 9136 9116
f 9116 9136 9137
f 9116 9137 9117
f 9117 9137 9138
f 9117 9138 9118
f 9118 9138 9139
f 9118 9139 9119
f 9119 9139 9140
f 9119 9140 9120
f 9120 9140 9141
f 9120 9141 9121
f 9121 9141 9142
f 9121 9142 9122
f 9122 9142 9143
f 9122 9143 9123
f 9123 9143 9144
f 9123 9144 9124
f 9124 9144 9145
f 9124 9145 9125
f 9125 9145 9146
f 9126 9147 9127
f 9127 9147 9148
f 9127 9148 9128
f 9128 9148 9149
f 9128 9149 9129
f 9129 9149 9150
f 9129 9150 9130
f 9130 9150 9151
f 9130 9151 9131
f 9131 9151 9152
f 9131 9152 9132
f 9132 9152 9153
f 9132 9153 9133
f 9133 9153 9154
f 9133 9154 9134
f 9134 9154 9155
f 9134 9155 9135
f 9135 9155 9156
f 9135 9156 9136
f 9136 9156 9157
f 9136 9157 9137
f 9137 9157 9158
f 9137 9158 9138
f 9138 9158 9159
f 9138 9159 9139
f 9139 9159 9160
f 9139 9160 9140
f 9140 9160 9161
f 9140 9161 9141
f 9141 9161 9162
f 9141 9162 9142
f 9142 9162 9163
f 9142 9163 9143
f 9143 9163 9164
f 9143 9164 9144
f 9144 9164 9165
f 9144 9165 9145
f 9145 9165 9166
f 9145 9166 9146
f 9146 9166 9167
f 9147 9168 9148
f 9148 9169 9149
f 9149 9170 9150
f 9150 9171 9151
f 9151 9172 9152
f 9152 9173 9153
f 9153 9174 9154
f 9154 9175 9155
f 9155 9176 9156
f 9156 9177 9157
f 9157 9178 9158
f 9158 9179 9159
f 9159 9180 9160
f 9160 9181 9161
f 9161 9182 9162
f 9162 9183 9163
f 9163 9184 9164
f 9164 9185 9165
f 9165 9186 9166
f 9166 9187 9167
usemtl body_mid
f 9189 9191 9190
f 9190 9191 9192
f 9191 9193 9192
f 9192 9193 9194
f 9193 9195 9194
f 9194 9195 9196
f 9195 9197 9196
f 9196 9197 9198
f 9197 9199 9198
f 9198 9199 9200
f 9199 9201 9200
f 9200 9201 9202
f 9201 9203 9202
f 9202 9203 9204
f 9203 9205 9204
f 9204 9205 9206
f 9205 9207 9206
f 9206 9207 9208
f 9207 9209 9208
f 9208 9209 9210
f 9209 9211 9210
f 9210 9211 9212
f 9211 9213 9212
f 9212 9213 9214
f 9213 9215 9214
f 9214 9215 9216
f 9215 9217 9216
f 9216 9217 9218
f 9217 9219 9218
f 9218 9219 9220
f 9219 9221 9220
f 9220 9221 9222
f 9221 9223 9222
f 9222 9223 9224
f 9223 9225 9224
f 9224 9225 9226
f 9227 9189 9191
f 9228 9192 9190
f 9227 9191 9193
f 9228 9194 9192
f 9227 9193 9195
f 9228 9196 9194
f 9227 9195 9197
f 9228 9198 9196
f 9227 9197 9199
f 9228 9200 9198
f 9227 9199 9201
f 9228 9202 9200
f 9227 9201 9203
f 9228 9204 9202
f 9227 9203 9205
f 9228 9206 9204
f 9227 9205 9207
f 9228 9208 9206
f 9227 9207 9209
f 9228 9210 9208
f 9227 9209 9211
f 9228 9212 9210
f 9227 9211 9213
f 9228 9214 9212
f 9227 9213 9215
f 9228 9216 9214
f 9227 9215 9217
f 9228 9218 9216
f 9227 9217 9219
f 9228 9220 9218
f 9227 9219 9221
f 9228 9222 9220
f 9227 9221 9223
f 9228 9224 9222
f 9227 9223 9225
f 9228 9226 9224
usemtl body_dark
f 9230 9250 9251
f 9231 9251 9252
f 9232 9252 9253
f 9233 9253 9254
f 9234 9254 9255
f 9235 9255 9256
f 9236 9256 9257
f 9237 9257 9258
f 9238 9258 9259
f 9239 9259 9260
f 9240 9260 9261
f 9241 9261 9262
f 9242 9262 9263
f 9243 9263 9264
f 9244 9264 9265
f 9245 9265 9266
f 9246 9266 9267
f 9247 9267 9268
f 9248 9268 9269
f 9249 9269 9270
f 9250 9271 9251
f 9251 9271 9272
f 9251 9272 9252
f 9252 9272 9273
f 9252 9273 9253
f 9253 9273 9274
f 9253 9274 9254
f 9254 9274 9275
f 9254 9275 9255
f 9255 9275 9276
f 9255 9276 9256
f 9256 9276 9277
f 9256 9277 9257
f 9257 9277 9278
f 9257 9278 9258
f 9258 9278 9279
f 9258 9279 9259
f 9259 9279 9280
f 9259 9280 9260
f 9260 9280 9281
f 9260 9281 9261
f 9261 9281 9282
f 9261 9282 9262
f 9262 9282 9283
f 9262 9283 9263
f 9263 9283 9284
f 9263 9284 9264
f 9264 9284 9285
f 9264 9285 9265
f 9265 9285 9286
f 9265 9286 9266
f 9266 9286 9287
f 9266 9287 9267
f 9267 9287 9288
f 9267 9288 9268
f 9268 9288 9289
f 9268 9289 9269
f 9269 9289 9290
f 9269 9290 9270
f 9270 9290 9291
f 9271 9292 9272
f 9272 9292 9293
f 9272 9293 9273
f 9273 9293 9294
f 9273 9294 9274
f 9274 9294 9295
f 9274 9295 9275
f 9275 9295 9296
f 9275 9296 9276
f 9276 9296 9297
f 9276 9297 9277
f 9277 9297 9298
f 9277 9298 9278
f 9278 9298 9299
f 9278 9299 9279
f 9279 9299 9300
f 9279 9300 9280
f 9280 9300 9301
f 9280 9301 9281
f 9281 9301 9302
f 9281 9302 9282
f 9282 9302 9303
f 9282 9303 9283
f 9283 9303 9304
f 9283 9304 9284
f 9284 9304 9305
f 9284 9305 9285
f 9285 9305 9306
f 9285 9306 9286
f 9286 9306 9307
f 9286 9307 9287
f 9287 9307 9308
f 9287 9308 9288
f 9288 9308 9309
f 9288 9309 9289
f 9289 9309 9310
f 9289 9310 9290
f 9290 9310 9311
f 9290 9311 9291
f 9291 9311 9312
f 9292 9313 9293
f 9293 9313 9314
f 9293 9314 9294
f 9294 9314 9315
f 9294 9315 9295
f 9295 9315 9316
f 9295 9316 9296
f 9296 9316 9317
f 9296 9317 9297
f 9297 9317 9318
f 9297 9318 9298
f 9298 9318 9319
f 9298 9319 9299
f 9299 9319 9320
f 9299 9320 9300
f 9300 9320 9321
f 9300 9321 9301
f 9301 9321 9322
f 9301 9322 9302
f 9302 9322 9323
f 9302 9323 9303
f 9303 9323 9324
f 9303 9324 9304
f 9304 9324 9325
f 9304 9325 9305
f 9305 9325 9326
f 9305 9326 9306
f 9306 9326 9327
f 9306 9327 9307
f 9307 9327 9328
f 9307 9328 9308
f 9308 9328 9329
f 9308 9329 9309
f 9309 9329 9330
f 9309 9330 9310
f 9310 9330 9331
f 9310 9331 9311
f 9311 9331 9332
f 9311 9332 9312
f 9312 9332 9333
f 9313 9334 9314
f 9314 9334 9335
f 9314 9335 9315
f 9315 9335 9336
f 9315 9336 9316
f 9316 9336 9337
f 9316 9337 9317
f 9317 9337 9338
f 9317 9338 9318
f 9318 9338 9339
f 9318 9339 9319
f 9319 9339 9340
f 9319 9340 9320
f 9320 9340 9341
f 9320 9341 9321
f 9321 9341 9342
f 9321 9342 9322
f 9322 9342 9343
f 9322 9343 9323
f 9323 9343 9344
f 9323 9344 9324
f 9324 9344 9345
f 9324 9345 9325
f 9325 9345 9346
f 9325 9346 9326
f 9326 9346 9347
f 9326 9347 9327
f 9327 9347 9348
f 9327 9348 9328
f 9328 9348 9349
f 9328 9349 9329
f 9329 9349 9350
f 9329 9350 9330
f 9330 9350 9351
f 9330 9351 9331
f 9331 9351 9352
f 9331 9352 9332
f 9332 9352 9353
f 9332 9353 9333
f 9333 9353 9354
f 9334 9355 9335
f 9335 9355 9356
f 9335 9356 9336
f 9336 9356 9357
f 9336 9357 9337
f 9337 9357 9358
f 9337 9358 9338
f 9338 9358 9359
f 9338 9359 9339
f 9339 9359 9360
f 9339 9360 9340
f 9340 9360 9361
f 9340 9361 9341
f 9341 9361 9362
f 9341 9362 9342
f 9342 9362 9363
f 9342 9363 9343
f 9343 9363 9364
f 9343 9364 9344
f 9344 9364 9365
f 9344 9365 9345
f 9345 9365 9366
f 9345 9366 9346
f 9346 9366 9367
f 9346 9367 9347
f 9347 9367 9368
f 9347 9368 9348
f 9348 9368 9369
f 9348 9369 9349
f 9349 9369 9370
f 9349 9370 9350
f 9350 9370 9371
f 9350 9371 9351
f 9351 9371 9372
f 9351 9372 9352
f 9352 9372 9373
f 9352 9373 9353
f 9353 9373 9374
f 9353 9374 9354
f 9354 9374 9375
f 9355 9376 9356
f 9356 9376 9377
f 9356 9377 9357
f 9357 9377 9378
f 9357 9378 9358
f 9358 9378 9379
f 9358 9379 9359
f 9359 9379 9380
f 9359 9380 9360
f 9360 9380 9381
f 9360 9381 9361
f 9361 9381 9382
f 9361 9382 9362
f 9362 9382 9383
f 9362 9383 9363
f 9363 9383 9384
f 9363 9384 9364
f 9364 9384 9385
f 9364 9385 9365
f 9365 9385 9386
f 9365 9386 9366
f 9366 9386 9387
f 9366 9387 9367
f 9367 9387 9388
f 9367 9388 9368
f 9368 9388 9389
f 9368 9389 9369
f 9369 9389 9390
f 9369 9390 9370
f 9370 9390 9391
f 9370 9391 9371
f 9371 9391 9392
f 9371 9392 9372
f 9372 9392 9393
f 9372 9393 9373
f 9373 9393 9394
f 9373 9394 9374
f 9374 9394 9395
f 9374 9395 9375
f 9375 9395 9396
f 9376 9397 9377
f 9377 9397 9398
f 9377 9398 9378
f 9378 9398 9399
f 9378 9399 9379
f 9379 9399 9400
f 9379 9400 9380
f 9380 9400 9401
f 9380 9401 9381
f 9381 9401 9402
f 9381 9402 9382
f 9382 9402 9403
f 9382 9403 9383
f 9383 9403 9404
f 9383 9404 9384
f 9384 9404 9405
f 9384 9405 9385
f 9385 9405 9406
f 9385 9406 9386
f 9386 9406 9407
f 9386 9407 9387
f 9387 9407 9408
f 9387 9408 9388
f 9388 9408 9409
f 9388 9409 9389
f 9389 9409 9410
f 9389 9410 9390
f 9390 9410 9411
f 9390 9411 9391
f 9391 9411 9412
f 9391 9412 9392
f 9392 9412 9413
f 9392 9413 9393
f 9393 9413 9414
f 9393 9414 9394
f 9394 9414 9415
f 9394 9415 9395
f 9395 9415 9416
f 9395 9416 9396
f 9396 9416 9417
f 9397 9418 9398
f 9398 9418 9419
f 9398 9419 9399
f 9399 9419 9420
f 9399 9420 9400
f 9400 9420 9421
f 9400 9421 9401
f 9401 9421 9422
f 9401 9422 9402
f 9402 9422 9423
f 9402 9423 9403
f 9403 9423 9424
f 9403 9424 9404
f 9404 9424 9425
f 9404 9425 9405
f 9405 9425 9426
f 9405 9426 9406
f 9406 9426 9427
f 9406 9427 9407
f 9407 9427 9428
f 9407 9428 9408
f 9408 9428 9429
f 9408 9429 9409
f 9409 9429 9430
f 9409 9430 9410
f 9410 9430 9431
f 9410 9431 9411
f 9411 9431 9432
f 9411 9432 9412
f 9412 9432 9433
f 9412 9433 9413
f 9413 9433 9434
f 9413 9434 9414
f 9414 9434 9435
f 9414 9435 9415
f 9415 9435 9436
f 9415 9436 9416
f 9416 9436 9437
f 9416 9437 9417
f 9417 9437 9438
f 9418 9439 9419
f 9419 9439 9440
f 9419 9440 9420
f 9420 9440 9441
f 9420 9441 9421
f 9421 9441 9442
f 9421 9442 9422
f 9422 9442 9443
f 9422 9443 9423
f 9423 9443 9444
f 9423 9444 9424
f 9424 9444 9445
f 9424 9445 9425
f 9425 9445 9446
f 9425 9446 9426
f 9426 9446 9447
f 9426 9447 9427
f 9427 9447 9448
f 9427 9448 9428
f 9428 9448 9449
f 9428 9449 9429
f 9429 9449 9450
f 9429 9450 9430
f 9430 9450 9451
f 9430 9451 9431
f 9431 9451 9452
f 9431 9452 9432
f 9432 9452 9453
f 9432 9453 9433
f 9433 9453 9454
f 9433 9454 9434
f 9434 9454 9455
f 9434 9455 9435
f 9435 9455 9456
f 9435 9456 9436
f 9436 9456 9457
f 9436 9457 9437
f 9437 9457 9458
f 9437 9458 9438
f 9438 9458 9459
f 9439 9460 9440
f 9440 9460 9461
f 9440 9461 9441
f 9441 9461 9462
f 9441 9462 9442
f 9442 9462 9463
f 9442 9463 9443
f 9443 9463 9464
f 9443 9464 9444
f 9444 9464 9465
f 9444 9465 9445
f 9445 9465 9466
f 9445 9466 9446
f 9446 9466 9467
f 9446 9467 9447
f 9447 9467 9468
f 9447 9468 9448
f 9448 9468 9469
f 9448 9469 9449
f 9449 9469 9470
f 9449 9470 9450
f 9450 9470 9471
f 9450 9471 9451
f 9451 9471 9472
f 9451 9472 9452
f 9452 9472 9473
f 9452 9473 9453
f 9453 9473 9474
f 9453 9474 9454
f 9454 9474 9475
f 9454 9475 9455
f 9455 9475 9476
f 9455 9476 9456
f 9456 9476 9477
f 9456 9477 9457
f 9457 9477 9478
f 9457 9478 9458
f 9458 9478 9479
f 9458 9479 9459
f 9459 9479 9480
f 9460 9481 9461
f 9461 9481 9482
f 9461 9482 9462
f 9462 9482 9483
f 9462 9483 9463
f 9463 9483 9484
f 9463 9484 9464
f 9464 9484 9485
f 9464 9485 9465
f 9465 9485 9486
f 9465 9486 9466
f 9466 9486 9487
f 9466 9487 9467
f 9467 9487 9488
f 9467 9488 9468
f 9468 9488 9489
f 9468 9489 9469
f 9469 9489 9490
f 9469 9490 9470
f 9470 9490 9491
f 9470 9491 9471
f 9471 9491 9492
f 9471 9492 9472
f 9472 9492 9493
f 9472 9493 9473
f 9473 9493 9494
f 9473 9494 9474
f 9474 9494 9495
f 9474 9495 9475
f 9475 9495 9496
f 9475 9496 9476
f 9476 9496 9497
f 9476 9497 9477
f 9477 9497 9498
f 9477 9498 9478
f 9478 9498 9499
f 9478 9499 9479
f 9479 9499 9500
f 9479 9500 9480
f 9480 9500 9501
f 9481 9502 9482
f 9482 9502 9503
f 9482 9503 9483
f 9483 9503 9504
f 9483 9504 9484
f 9484 9504 9505
f 9484 9505 9485
f 9485 9505 9506
f 9485 9506 9486
f 9486 9506 9507
f 9486 9507 9487
f 9487 9507 9508
f 9487 9508 9488
f 9488 9508 9509
f 9488 9509 9489
f 9489 9509 9510
f 9489 9510 9490
f 9490 9510 9511
f 9490 9511 9491
f 9491 9511 9512
f 9491 9512 9492
f 9492 9512 9513
f 9492 9513 9493
f 9493 9513 9514
f 9493 9514 9494
f 9494 9514 9515
f 9494 9515 9495
f 9495 9515 9516
f 9495 9516 9496
f 9496 9516 9517
f 9496 9517 9497
f 9497 9517 9518
f 9497 9518 9498
f 9498 9518 9519
f 9498 9519 9499
f 9499 9519 9520
f 9499 9520 9500
f 9500 9520 9521
f 9500 9521 9501
f 9501 9521 9522
f 9502 9523 9503
f 9503 9524 9504
f 9504 9525 9505
f 9505 9526 9506
f 9506 9527 9507
f 9507 9528 9508
f 9508 9529 9509
f 9509 9530 9510
f 9510 9531 9511
f 9511 9532 9512
f 9512 9533 9513
f 9513 9534 9514
f 9514 9535 9515
f 9515 9536 9516
f 9516 9537 9517
f 9517 9538 9518
f 9518 9539 9519
f 9519 9540 9520
f 9520 9541 9521
f 9521 9542 9522
usemtl accent_cyan
f 9544 9546 9545
f 9545 9546 9547
f 9546 9548 9547
f 9547 9548 9549
f 9548 9550 9549
f 9549 9550 9551
f 9550 9552 9551
f 9551 9552 9553
f 9552 9554 9553
f 9553 9554 9555
f 9554 9556 9555
f 9555 9556 9557
f 9556 9558 9557
f 9557 9558 9559
f 9558 9560 9559
f 9559 9560 9561
f 9562 9544 9546
f 9563 9547 9545
f 9562 9546 9548
f 9563 9549 9547
f 9562 9548 9550
f 9563 9551 9549
f 9562 9550 9552
f 9563 9553 9551
f 9562 9552 9554
f 9563 9555 9553
f 9562 9554 9556
f 9563 9557 9555
f 9562 9556 9558
f 9563 9559 9557
f 9562 9558 9560
f 9563 9561 9559
usemtl body_mid
f 9564 9565 9566
f 9564 9566 9567
f 9569 9568 9571
f 9569 9571 9570
f 9568 9564 9567
f 9568 9567 9571
f 9565 9569 9570
f 9565 9570 9566
f 9567 9566 9570
f 9567 9570 9571
f 9568 9569 9565
f 9568 9565 9564
f 9572 9574 9573
f 9573 9574 9575
f 9574 9576 9575
f 9575 9576 9577
f 9576 9578 9577
f 9577 9578 9579
f 9578 9580 9579
f 9579 9580 9581
f 9580 9582 9581
f 9581 9582 9583
f 9582 9584 9583
f 9583 9584 9585
f 9584 9586 9585
f 9585 9586 9587
f 9586 9588 9587
f 9587 9588 9589
f 9590 9572 9574
f 9591 9575 9573
f 9590 9574 9576
f 9591 9577 9575
f 9590 9576 9578
f 9591 9579 9577
f 9590 9578 9580
f 9591 9581 9579
f 9590 9580 9582
f 9591 9583 9581
f 9590 9582 9584
f 9591 9585 9583
f 9590 9584 9586
f 9591 9587 9585
f 9590 9586 9588
f 9591 9589 9587
usemtl body_dark
f 9593 9613 9614
f 9594 9614 9615
f 9595 9615 9616
f 9596 9616 9617
f 9597 9617 9618
f 9598 9618 9619
f 9599 9619 9620
f 9600 9620 9621
f 9601 9621 9622
f 9602 9622 9623
f 9603 9623 9624
f 9604 9624 9625
f 9605 9625 9626
f 9606 9626 9627
f 9607 9627 9628
f 9608 9628 9629
f 9609 9629 9630
f 9610 9630 9631
f 9611 9631 9632
f 9612 9632 9633
f 9613 9634 9614
f 9614 9634 9635
f 9614 9635 9615
f 9615 9635 9636
f 9615 9636 9616
f 9616 9636 9637
f 9616 9637 9617
f 9617 9637 9638
f 9617 9638 9618
f 9618 9638 9639
f 9618 9639 9619
f 9619 9639 9640
f 9619 9640 9620
f 9620 9640 9641
f 9620 9641 9621
f 9621 9641 9642
f 9621 9642 9622
f 9622 9642 9643
f 9622 9643 9623
f 9623 9643 9644
f 9623 9644 9624
f 9624 9644 9645
f 9624 9645 9625
f 9625 9645 9646
f 9625 9646 9626
f 9626 9646 9647
f 9626 9647 9627
f 9627 9647 9648
f 9627 9648 9628
f 9628 9648 9649
f 9628 9649 9629
f 9629 9649 9650
f 9629 9650 9630
f 9630 9650 9651
f 9630 9651 9631
f 9631 9651 9652
f 9631 9652 9632
f 9632 9652 9653
f 9632 9653 9633
f 9633 9653 9654
f 9634 9655 9635
f 9635 9655 9656
f 9635 9656 9636
f 9636 9656 9657
f 9636 9657 9637
f 9637 9657 9658
f 9637 9658 9638
f 9638 9658 9659
f 9638 9659 9639
f 9639 9659 9660
f 9639 9660 9640
f 9640 9660 9661
f 9640 9661 9641
f 9641 9661 9662
f 9641 9662 9642
f 9642 9662 9663
f 9642 9663 9643
f 9643 9663 9664
f 9643 9664 9644
f 9644 9664 9665
f 9644 9665 9645
f 9645 9665 9666
f 9645 9666 9646
f 9646 9666 9667
f 9646 9667 9647
f 9647 9667 9668
f 9647 9668 9648
f 9648 9668 9669
f 9648 9669 9649
f 9649 9669 9670
f 9649 9670 9650
f 9650 9670 9671
f 9650 9671 9651
f 9651 9671 9672
f 9651 9672 9652
f 9652 9672 9673
f 9652 9673 9653
f 9653 9673 9674
f 9653 9674 9654
f 9654 9674 9675
f 9655 9676 9656
f 9656 9676 9677
f 9656 9677 9657
f 9657 9677 9678
f 9657 9678 9658
f 9658 9678 9679
f 9658 9679 9659
f 9659 9679 9680
f 9659 9680 9660
f 9660 9680 9681
f 9660 9681 9661
f 9661 9681 9682
f 9661 9682 9662
f 9662 9682 9683
f 9662 9683 9663
f 9663 9683 9684
f 9663 9684 9664
f 9664 9684 9685
f 9664 9685 9665
f 9665 9685 9686
f 9665 9686 9666
f 9666 9686 9687
f 9666 9687 9667
f 9667 9687 9688
f 9667 9688 9668
f 9668 9688 9689
f 9668 9689 9669
f 9669 9689 9690
f 9669 9690 9670
f 9670 9690 9691
f 9670 9691 9671
f 9671 9691 9692
f 9671 9692 9672
f 9672 9692 9693
f 9672 9693 9673
f 9673 9693 9694
f 9673 9694 9674
f 9674 9694 9695
f 9674 9695 9675
f 9675 9695 9696
f 9676 9697 9677
f 9677 9697 9698
f 9677 9698 9678
f 9678 9698 9699
f 9678 9699 9679
f 9679 9699 9700
f 9679 9700 9680
f 9680 9700 9701
f 9680 9701 9681
f 9681 9701 9702
f 9681 9702 9682
f 9682 9702 9703
f 9682 9703 9683
f 9683 9703 9704
f 9683 9704 9684
f 9684 9704 9705
f 9684 9705 9685
f 9685 9705 9706
f 9685 9706 9686
f 9686 9706 9707
f 9686 9707 9687
f 9687 9707 9708
f 9687 9708 9688
f 9688 9708 9709
f 9688 9709 9689
f 9689 9709 9710
f 9689 9710 9690
f 9690 9710 9711
f 9690 9711 9691
f 9691 9711 9712
f 9691 9712 9692
f 9692 9712 9713
f 9692 9713 9693
f 9693 9713 9714
f 9693 9714 9694
f 9694 9714 9715
f 9694 9715 9695
f 9695 9715 9716
f 9695 9716 9696
f 9696 9716 9717
f 9697 9718 9698
f 9698 9718 9719
f 9698 9719 9699
f 9699 9719 9720
f 9699 9720 9700
f 9700 9720 9721
f 9700 9721 9701
f 9701 9721 9722
f 9701 9722 9702
f 9702 9722 9723
f 9702 9723 9703
f 9703 9723 9724
f 9703 9724 9704
f 9704 9724 9725
f 9704 9725 9705
f 9705 9725 9726
f 9705 9726 9706
f 9706 9726 9727
f 9706 9727 9707
f 9707 9727 9728
f 9707 9728 9708
f 9708 9728 9729
f 9708 9729 9709
f 9709 9729 9730
f 9709 9730 9710
f 9710 9730 9731
f 9710 9731 9711
f 9711 9731 9732
f 9711 9732 9712
f 9712 9732 9733
f 9712 9733 9713
f 9713 9733 9734
f 9713 9734 9714
f 9714 9734 9735
f 9714 9735 9715
f 9715 9735 9736
f 9715 9736 9716
f 9716 9736 9737
f 9716 9737 9717
f 9717 9737 9738
f 9718 9739 9719
f 9719 9739 9740
f 9719 9740 9720
f 9720 9740 9741
f 9720 9741 9721
f 9721 9741 9742
f 9721 9742 9722
f 9722 9742 9743
f 9722 9743 9723
f 9723 9743 9744
f 9723 9744 9724
f 9724 9744 9745
f 9724 9745 9725
f 9725 9745 9746
f 9725 9746 9726
f 9726 9746 9747
f 9726 9747 9727
f 9727 9747 9748
f 9727 9748 9728
f 9728 9748 9749
f 9728 9749 9729
f 9729 9749 9750
f 9729 9750 9730
f 9730 9750 9751
f 9730 9751 9731
f 9731 9751 9752
f 9731 9752 9732
f 9732 9752 9753
f 9732 9753 9733
f 9733 9753 9754
f 9733 9754 9734
f 9734 9754 9755
f 9734 9755 9735
f 9735 9755 9756
f 9735 9756 9736
f 9736 9756 9757
f 9736 9757 9737
f 9737 9757 9758
f 9737 9758 9738
f 9738 9758 9759
f 9739 9760 9740
f 9740 9760 9761
f 9740 9761 9741
f 9741 9761 9762
f 9741 9762 9742
f 9742 9762 9763
f 9742 9763 9743
f 9743 9763 9764
f 9743 9764 9744
f 9744 9764 9765
f 9744 9765 9745
f 9745 9765 9766
f 9745 9766 9746
f 9746 9766 9767
f 9746 9767 9747
f 9747 9767 9768
f 9747 9768 9748
f 9748 9768 9769
f 9748 9769 9749
f 9749 9769 9770
f 9749 9770 9750
f 9750 9770 9771
f 9750 9771 9751
f 9751 9771 9772
f 9751 9772 9752
f 9752 9772 9773
f 9752 9773 9753
f 9753 9773 9774
f 9753 9774 9754
f 9754 9774 9775
f 9754 9775 9755
f 9755 9775 9776
f 9755 9776 9756
f 9756 9776 9777
f 9756 9777 9757
f 9757 9777 9778
f 9757 9778 9758
f 9758 9778 9779
f 9758 9779 9759
f 9759 9779 9780
f 9760 9781 9761
f 9761 9781 9782
f 9761 9782 9762
f 9762 9782 9783
f 9762 9783 9763
f 9763 9783 9784
f 9763 9784 9764
f 9764 9784 9785
f 9764 9785 9765
f 9765 9785 9786
f 9765 9786 9766
f 9766 9786 9787
f 9766 9787 9767
f 9767 9787 9788
f 9767 9788 9768
f 9768 9788 9789
f 9768 9789 9769
f 9769 9789 9790
f 9769 9790 9770
f 9770 9790 9791
f 9770 9791 9771
f 9771 9791 9792
f 9771 9792 9772
f 9772 9792 9793
f 9772 9793 9773
f 9773 9793 9794
f 9773 9794 9774
f 9774 9794 9795
f 9774 9795 9775
f 9775 9795 9796
f 9775 9796 9776
f 9776 9796 9797
f 9776 9797 9777
f 9777 9797 9798
f 9777 9798 9778
f 9778 9798 9799
f 9778 9799 9779
f 9779 9799 9800
f 9779 9800 9780
f 9780 9800 9801
f 9781 9802 9782
f 9782 9802 9803
f 9782 9803 9783
f 9783 9803 9804
f 9783 9804 9784
f 9784 9804 9805
f 9784 9805 9785
f 9785 9805 9806
f 9785 9806 9786
f 9786 9806 9807
f 9786 9807 9787
f 9787 9807 9808
f 9787 9808 9788
f 9788 9808 9809
f 9788 9809 9789
f 9789 9809 9810
f 9789 9810 9790
f 9790 9810 9811
f 9790 9811 9791
f 9791 9811 9812
f 9791 9812 9792
f 9792 9812 9813
f 9792 9813 9793
f 9793 9813 9814
f 9793 9814 9794
f 9794 9814 9815
f 9794 9815 9795
f 9795 9815 9816
f 9795 9816 9796
f 9796 9816 9817
f 9796 9817 9797
f 9797 9817 9818
f 9797 9818 9798
f 9798 9818 9819
f 9798 9819 9799
f 9799 9819 9820
f 9799 9820 9800
f 9800 9820 9821
f 9800 9821 9801
f 9801 9821 9822
f 9802 9823 9803
f 9803 9823 9824
f 9803 9824 9804
f 9804 9824 9825
f 9804 9825 9805
f 9805 9825 9826
f 9805 9826 9806
f 9806 9826 9827
f 9806 9827 9807
f 9807 9827 9828
f 9807 9828 9808
f 9808 9828 9829
f 9808 9829 9809
f 9809 9829 9830
f 9809 9830 9810
f 9810 9830 9831
f 9810 9831 9811
f 9811 9831 9832
f 9811 9832 9812
f 9812 9832 9833
f 9812 9833 9813
f 9813 9833 9834
f 9813 9834 9814
f 9814 9834 9835
f 9814 9835 9815
f 9815 9835 9836
f 9815 9836 9816
f 9816 9836 9837
f 9816 9837 9817
f 9817 9837 9838
f 9817 9838 9818
f 9818 9838 9839
f 9818 9839 9819
f 9819 9839 9840
f 9819 9840 9820
f 9820 9840 9841
f 9820 9841 9821
f 9821 9841 9842
f 9821 9842 9822
f 9822 9842 9843
f 9823 9844 9824
f 9824 9844 9845
f 9824 9845 9825
f 9825 9845 9846
f 9825 9846 9826
f 9826 9846 9847
f 9826 9847 9827
f 9827 9847 9848
f 9827 9848 9828
f 9828 9848 9849
f 9828 9849 9829
f 9829 9849 9850
f 9829 9850 9830
f 9830 9850 9851
f 9830 9851 9831
f 9831 9851 9852
f 9831 9852 9832
f 9832 9852 9853
f 9832 9853 9833
f 9833 9853 9854
f 9833 9854 9834
f 9834 9854 9855
f 9834 9855 9835
f 9835 9855 9856
f 9835 9856 9836
f 9836 9856 9857
f 9836 9857 9837
f 9837 9857 9858
f 9837 9858 9838
f 9838 9858 9859
f 9838 9859 9839
f 9839 9859 9860
f 9839 9860 9840
f 9840 9860 9861
f 9840 9861 9841
f 9841 9861 9862
f 9841 9862 9842
f 9842 9862 9863
f 9842 9863 9843
f 9843 9863 9864
f 9844 9865 9845
f 9845 9865 9866
f 9845 9866 9846
f 9846 9866 9867
f 9846 9867 9847
f 9847 9867 9868
f 9847 9868 9848
f 9848 9868 9869
f 9848 9869 9849
f 9849 9869 9870
f 9849 9870 9850
f 9850 9870 9871
f 9850 9871 9851
f 9851 9871 9872
f 9851 9872 9852
f 9852 9872 9873
f 9852 9873 9853
f 9853 9873 9874
f 9853 9874 9854
f 9854 9874 9875
f 9854 9875 9855
f 9855 9875 9876
f 9855 9876 9856
f 9856 9876 9877
f 9856 9877 9857
f 9857 9877 9878
f 9857 9878 9858
f 9858 9878 9879
f 9858 9879 9859
f 9859 9879 9880
f 9859 9880 9860
f 9860 9880 9881
f 9860 9881 9861
f 9861 9881 9882
f 9861 9882 9862
f 9862 9882 9883
f 9862 9883 9863
f 9863 9883 9884
f 9863 9884 9864
f 9864 9884 9885
f 9865 9886 9866
f 9866 9887 9867
f 9867 9888 9868
f 9868 9889 9869
f 9869 9890 9870
f 9870 9891 9871
f 9871 9892 9872
f 9872 9893 9873
f 9873 9894 9874
f 9874 9895 9875
f 9875 9896 9876
f 9876 9897 9877
f 9877 9898 9878
f 9878 9899 9879
f 9879 9900 9880
f 9880 9901 9881
f 9881 9902 9882
f 9882 9903 9883
f 9883 9904 9884
f 9884 9905 9885
usemtl body_mid
f 9907 9909 9908
f 9908 9909 9910
f 9909 9911 9910
f 9910 9911 9912
f 9911 9913 9912
f 9912 9913 9914
f 9913 9915 9914
f 9914 9915 9916
f 9915 9917 9916
f 9916 9917 9918
f 9917 9919 9918
f 9918 9919 9920
f 9919 9921 9920
f 9920 9921 9922
f 9921 9923 9922
f 9922 9923 9924
f 9925 9907 9909
f 9926 9910 9908
f 9925 9909 9911
f 9926 9912 9910
f 9925 9911 9913
f 9926 9914 9912
f 9925 9913 9915
f 9926 9916 9914
f 9925 9915 9917
f 9926 9918 9916
f 9925 9917 9919
f 9926 9920 9918
f 9925 9919 9921
f 9926 9922 9920
f 9925 9921 9923
f 9926 9924 9922
usemtl body_dark
f 9928 9948 9949
f 9929 9949 9950
f 9930 9950 9951
f 9931 9951 9952
f 9932 9952 9953
f 9933 9953 9954
f 9934 9954 9955
f 9935 9955 9956
f 9936 9956 9957
f 9937 9957 9958
f 9938 9958 9959
f 9939 9959 9960
f 9940 9960 9961
f 9941 9961 9962
f 9942 9962 9963
f 9943 9963 9964
f 9944 9964 9965
f 9945 9965 9966
f 9946 9966 9967
f 9947 9967 9968
f 9948 9969 9949
f 9949 9969 9970
f 9949 9970 9950
f 9950 9970 9971
f 9950 9971 9951
f 9951 9971 9972
f 9951 9972 9952
f 9952 9972 9973
f 9952 9973 9953
f 9953 9973 9974
f 9953 9974 9954
f 9954 9974 9975
f 9954 9975 9955
f 9955 9975 9976
f 9955 9976 9956
f 9956 9976 9977
f 9956 9977 9957
f 9957 9977 9978
f 9957 9978 9958
f 9958 9978 9979
f 9958 9979 9959
f 9959 9979 9980
f 9959 9980 9960
f 9960 9980 9981
f 9960 9981 9961
f 9961 9981 9982
f 9961 9982 9962
f 9962 9982 9983
f 9962 9983 9963
f 9963 9983 9984
f 9963 9984 9964
f 9964 9984 9985
f 9964 9985 9965
f 9965 9985 9986
f 9965 9986 9966
f 9966 9986 9987
f 9966 9987 9967
f 9967 9987 9988
f 9967 9988 9968
f 9968 9988 9989
f 9969 9990 9970
f 9970 9990 9991
f 9970 9991 9971
f 9971 9991 9992
f 9971 9992 9972
f 9972 9992 9993
f 9972 9993 9973
f 9973 9993 9994
f 9973 9994 9974
f 9974 9994 9995
f 9974 9995 9975
f 9975 9995 9996
f 9975 9996 9976
f 9976 9996 9997
f 9976 9997 9977
f 9977 9997 9998
f 9977 9998 9978
f 9978 9998 9999
f 9978 9999 9979
f 9979 9999 10000
f 9979 10000 9980
f 9980 10000 10001
f 9980 10001 9981
f 9981 10001 10002
f 9981 10002 9982
f 9982 10002 10003
f 9982 10003 9983
f 9983 10003 10004
f 9983 10004 9984
f 9984 10004 10005
f 9984 10005 9985
f 9985 10005 10006
f 9985 10006 9986
f 9986 10006 10007
f 9986 10007 9987
f 9987 10007 10008
f 9987 10008 9988
f 9988 10008 10009
f 9988 10009 9989
f 9989 10009 10010
f 9990 10011 9991
f 9991 10011 10012
f 9991 10012 9992
f 9992 10012 10013
f 9992 10013 9993
f 9993 10013 10014
f 9993 10014 9994
f 9994 10014 10015
f 9994 10015 9995
f 9995 10015 10016
f 9995 10016 9996
f 9996 10016 10017
f 9996 10017 9997
f 9997 10017 10018
f 9997 10018 9998
f 9998 10018 10019
f 9998 10019 9999
f 9999 10019 10020
f 9999 10020 10000
f 10000 10020 10021
f 10000 10021 10001
f 10001 10021 10022
f 10001 10022 10002
f 10002 10022 10023
f 10002 10023 10003
f 10003 10023 10024
f 10003 10024 10004
f 10004 10024 10025
f 10004 10025 10005
f 10005 10025 10026
f 10005 10026 10006
f 10006 10026 10027
f 10006 10027 10007
f 10007 10027 10028
f 10007 10028 10008
f 10008 10028 10029
f 10008 10029 10009
f 10009 10029 10030
f 10009 10030 10010
f 10010 10030 10031
f 10011 10032 10012
f 10012 10032 10033
f 10012 10033 10013
f 10013 10033 10034
f 10013 10034 10014
f 10014 10034 10035
f 10014 10035 10015
f 10015 10035 10036
f 10015 10036 10016
f 10016 10036 10037
f 10016 10037 10017
f 10017 10037 10038
f 10017 10038 10018
f 10018 10038 10039
f 10018 10039 10019
f 10019 10039 10040
f 10019 10040 10020
f 10020 10040 10041
f 10020 10041 10021
f 10021 10041 10042
f 10021 10042 10022
f 10022 10042 10043
f 10022 10043 10023
f 10023 10043 10044
f 10023 10044 10024
f 10024 10044 10045
f 10024 10045 10025
f 10025 10045 10046
f 10025 10046 10026
f 10026 10046 10047
f 10026 10047 10027
f 10027 10047 10048
f 10027 10048 10028
f 10028 10048 10049
f 10028 10049 10029
f 10029 10049 10050
f 10029 10050 10030
f 10030 10050 10051
f 10030 10051 10031
f 10031 10051 10052
f 10032 10053 10033
f 10033 10053 10054
f 10033 10054 10034
f 10034 10054 10055
f 10034 10055 10035
f 10035 10055 10056
f 10035 10056 10036
f 10036 10056 10057
f 10036 10057 10037
f 10037 10057 10058
f 10037 10058 10038
f 10038 10058 10059
f 10038 10059 10039
f 10039 10059 10060
f 10039 10060 10040
f 10040 10060 10061
f 10040 10061 10041
f 10041 10061 10062
f 10041 10062 10042
f 10042 10062 10063
f 10042 10063 10043
f 10043 10063 10064
f 10043 10064 10044
f 10044 10064 10065
f 10044 10065 10045
f 10045 10065 10066
f 10045 10066 10046
f 10046 10066 10067
f 10046 10067 10047
f 10047 10067 10068
f 10047 10068 10048
f 10048 10068 10069
f 10048 10069 10049
f 10049 10069 10070
f 10049 10070 10050
f 10050 10070 10071
f 10050 10071 10051
f 10051 10071 10072
f 10051 10072 10052
f 10052 10072 10073
f 10053 10074 10054
f 10054 10074 10075
f 10054 10075 10055
f 10055 10075 10076
f 10055 10076 10056
f 10056 10076 10077
f 10056 10077 10057
f 10057 10077 10078
f 10057 10078 10058
f 10058 10078 10079
f 10058 10079 10059
f 10059 10079 10080
f 10059 10080 10060
f 10060 10080 10081
f 10060 10081 10061
f 10061 10081 10082
f 10061 10082 10062
f 10062 10082 10083
f 10062 10083 10063
f 10063 10083 10084
f 10063 10084 10064
f 10064 10084 10085
f 10064 10085 10065
f 10065 10085 10086
f 10065 10086 10066
f 10066 10086 10087
f 10066 10087 10067
f 10067 10087 10088
f 10067 10088 10068
f 10068 10088 10089
f 10068 10089 10069
f 10069 10089 10090
f 10069 10090 10070
f 10070 10090 10091
f 10070 10091 10071
f 10071 10091 10092
f 10071 10092 10072
f 10072 10092 10093
f 10072 10093 10073
f 10073 10093 10094
f 10074 10095 10075
f 10075 10095 10096
f 10075 10096 10076
f 10076 10096 10097
f 10076 10097 10077
f 10077 10097 10098
f 10077 10098 10078
f 10078 10098 10099
f 10078 10099 10079
f 10079 10099 10100
f 10079 10100 10080
f 10080 10100 10101
f 10080 10101 10081
f 10081 10101 10102
f 10081 10102 10082
f 10082 10102 10103
f 10082 10103 10083
f 10083 10103 10104
f 10083 10104 10084
f 10084 10104 10105
f 10084 10105 10085
f 10085 10105 10106
f 10085 10106 10086
f 10086 10106 10107
f 10086 10107 10087
f 10087 10107 10108
f 10087 10108 10088
f 10088 10108 10109
f 10088 10109 10089
f 10089 10109 10110
f 10089 10110 10090
f 10090 10110 10111
f 10090 10111 10091
f 10091 10111 10112
f 10091 10112 10092
f 10092 10112 10113
f 10092 10113 10093
f 10093 10113 10114
f 10093 10114 10094
f 10094 10114 10115
f 10095 10116 10096
f 10096 10116 10117
f 10096 10117 10097
f 10097 10117 10118
f 10097 10118 10098
f 10098 10118 10119
f 10098 10119 10099
f 10099 10119 10120
f 10099 10120 10100
f 10100 10120 10121
f 10100 10121 10101
f 10101 10121 10122
f 10101 10122 10102
f 10102 10122 10123
f 10102 10123 10103
f 10103 10123 10124
f 10103 10124 10104
f 10104 10124 10125
f 10104 10125 10105
f 10105 10125 10126
f 10105 10126 10106
f 10106 10126 10127
f 10106 10127 10107
f 10107 10127 10128
f 10107 10128 10108
f 10108 10128 10129
f 10108 10129 10109
f 10109 10129 10130
f 10109 10130 10110
f 10110 10130 10131
f 10110 10131 10111
f 10111 10131 10132
f 10111 10132 10112
f 10112 10132 10133
f 10112 10133 10113
f 10113 10133 10134
f 10113 10134 10114
f 10114 10134 10135
f 10114 10135 10115
f 10115 10135 10136
f 10116 10137 10117
f 10117 10137 10138
f 10117 10138 10118
f 10118 10138 10139
f 10118 10139 10119
f 10119 10139 10140
f 10119 10140 10120
f 10120 10140 10141
f 10120 10141 10121
f 10121 10141 10142
f 10121 10142 10122
f 10122 10142 10143
f 10122 10143 10123
f 10123 10143 10144
f 10123 10144 10124
f 10124 10144 10145
f 10124 10145 10125
f 10125 10145 10146
f 10125 10146 10126
f 10126 10146 10147
f 10126 10147 10127
f 10127 10147 10148
f 10127 10148 10128
f 10128 10148 10149
f 10128 10149 10129
f 10129 10149 10150
f 10129 10150 10130
f 10130 10150 10151
f 10130 10151 10131
f 10131 10151 10152
f 10131 10152 10132
f 10132 10152 10153
f 10132 10153 10133
f 10133 10153 10154
f 10133 10154 10134
f 10134 10154 10155
f 10134 10155 10135
f 10135 10155 10156
f 10135 10156 10136
f 10136 10156 10157
f 10137 10158 10138
f 10138 10158 10159
f 10138 10159 10139
f 10139 10159 10160
f 10139 10160 10140
f 10140 10160 10161
f 10140 10161 10141
f 10141 10161 10162
f 10141 10162 10142
f 10142 10162 10163
f 10142 10163 10143
f 10143 10163 10164
f 10143 10164 10144
f 10144 10164 10165
f 10144 10165 10145
f 10145 10165 10166
f 10145 10166 10146
f 10146 10166 10167
f 10146 10167 10147
f 10147 10167 10168
f 10147 10168 10148
f 10148 10168 10169
f 10148 10169 10149
f 10149 10169 10170
f 10149 10170 10150
f 10150 10170 10171
f 10150 10171 10151
f 10151 10171 10172
f 10151 10172 10152
f 10152 10172 10173
f 10152 10173 10153
f 10153 10173 10174
f 10153 10174 10154
f 10154 10174 10175
f 10154 10175 10155
f 10155 10175 10176
f 10155 10176 10156
f 10156 10176 10177
f 10156 10177 10157
f 10157 10177 10178
f 10158 10179 10159
f 10159 10179 10180
f 10159 10180 10160
f 10160 10180 10181
f 10160 10181 10161
f 10161 10181 10182
f 10161 10182 10162
f 10162 10182 10183
f 10162 10183 10163
f 10163 10183 10184
f 10163 10184 10164
f 10164 10184 10185
f 10164 10185 10165
f 10165 10185 10186
f 10165 10186 10166
f 10166 10186 10187
f 10166 10187 10167
f 10167 10187 10188
f 10167 10188 10168
f 10168 10188 10189
f 10168 10189 10169
f 10169 10189 10190
f 10169 10190 10170
f 10170 10190 10191
f 10170 10191 10171
f 10171 10191 10192
f 10171 10192 10172
f 10172 10192 10193
f 10172 10193 10173
f 10173 10193 10194
f 10173 10194 10174
f 10174 10194 10195
f 10174 10195 10175
f 10175 10195 10196
f 10175 10196 10176
f 10176 10196 10197
f 10176 10197 10177
f 10177 10197 10198
f 10177 10198 10178
f 10178 10198 10199
f 10179 10200 10180
f 10180 10200 10201
f 10180 10201 10181
f 10181 10201 10202
f 10181 10202 10182
f 10182 10202 10203
f 10182 10203 10183
f 10183 10203 10204
f 10183 10204 10184
f 10184 10204 10205
f 10184 10205 10185
f 10185 10205 10206
f 10185 10206 10186
f 10186 10206 10207
f 10186 10207 10187
f 10187 10207 10208
f 10187 10208 10188
f 10188 10208 10209
f 10188 10209 10189
f 10189 10209 10210
f 10189 10210 10190
f 10190 10210 10211
f 10190 10211 10191
f 10191 10211 10212
f 10191 10212 10192
f 10192 10212 10213
f 10192 10213 10193
f 10193 10213 10214
f 10193 10214 10194
f 10194 10214 10215
f 10194 10215 10195
f 10195 10215 10216
f 10195 10216 10196
f 10196 10216 10217
f 10196 10217 10197
f 10197 10217 10218
f 10197 10218 10198
f 10198 10218 10219
f 10198 10219 10199
f 10199 10219 10220
f 10200 10221 10201
f 10201 10222 10202
f 10202 10223 10203
f 10203 10224 10204
f 10204 10225 10205
f 10205 10226 10206
f 10206 10227 10207
f 10207 10228 10208
f 10208 10229 10209
f 10209 10230 10210
f 10210 10231 10211
f 10211 10232 10212
f 10212 10233 10213
f 10213 10234 10214
f 10214 10235 10215
f 10215 10236 10216
f 10216 10237 10217
f 10217 10238 10218
f 10218 10239 10219
f 10219 10240 10220
usemtl body_mid
f 10242 10244 10243
f 10243 10244 10245
f 10244 10246 10245
f 10245 10246 10247
f 10246 10248 10247
f 10247 10248 10249
f 10248 10250 10249
f 10249 10250 10251
f 10250 10252 10251
f 10251 10252 10253
f 10252 10254 10253
f 10253 10254 10255
f 10254 10256 10255
f 10255 10256 10257
f 10256 10258 10257
f 10257 10258 10259
f 10260 10242 10244
f 10261 10245 10243
f 10260 10244 10246
f 10261 10247 10245
f 10260 10246 10248
f 10261 10249 10247
f 10260 10248 10250
f 10261 10251 10249
f 10260 10250 10252
f 10261 10253 10251
f 10260 10252 10254
f 10261 10255 10253
f 10260 10254 10256
f 10261 10257 10255
f 10260 10256 10258
f 10261 10259 10257
usemtl body_dark
f 10263 10283 10284
f 10264 10284 10285
f 10265 10285 10286
f 10266 10286 10287
f 10267 10287 10288
f 10268 10288 10289
f 10269 10289 10290
f 10270 10290 10291
f 10271 10291 10292
f 10272 10292 10293
f 10273 10293 10294
f 10274 10294 10295
f 10275 10295 10296
f 10276 10296 10297
f 10277 10297 10298
f 10278 10298 10299
f 10279 10299 10300
f 10280 10300 10301
f 10281 10301 10302
f 10282 10302 10303
f 10283 10304 10284
f 10284 10304 10305
f 10284 10305 10285
f 10285 10305 10306
f 10285 10306 10286
f 10286 10306 10307
f 10286 10307 10287
f 10287 10307 10308
f 10287 10308 10288
f 10288 10308 10309
f 10288 10309 10289
f 10289 10309 10310
f 10289 10310 10290
f 10290 10310 10311
f 10290 10311 10291
f 10291 10311 10312
f 10291 10312 10292
f 10292 10312 10313
f 10292 10313 10293
f 10293 10313 10314
f 10293 10314 10294
f 10294 10314 10315
f 10294 10315 10295
f 10295 10315 10316
f 10295 10316 10296
f 10296 10316 10317
f 10296 10317 10297
f 10297 10317 10318
f 10297 10318 10298
f 10298 10318 10319
f 10298 10319 10299
f 10299 10319 10320
f 10299 10320 10300
f 10300 10320 10321
f 10300 10321 10301
f 10301 10321 10322
f 10301 10322 10302
f 10302 10322 10323
f 10302 10323 10303
f 10303 10323 10324
f 10304 10325 10305
f 10305 10325 10326
f 10305 10326 10306
f 10306 10326 10327
f 10306 10327 10307
f 10307 10327 10328
f 10307 10328 10308
f 10308 10328 10329
f 10308 10329 10309
f 10309 10329 10330
f 10309 10330 10310
f 10310 10330 10331
f 10310 10331 10311
f 10311 10331 10332
f 10311 10332 10312
f 10312 10332 10333
f 10312 10333 10313
f 10313 10333 10334
f 10313 10334 10314
f 10314 10334 10335
f 10314 10335 10315
f 10315 10335 10336
f 10315 10336 10316
f 10316 10336 10337
f 10316 10337 10317
f 10317 10337 10338
f 10317 10338 10318
f 10318 10338 10339
f 10318 10339 10319
f 10319 10339 10340
f 10319 10340 10320
f 10320 10340 10341
f 10320 10341 10321
f 10321 10341 10342
f 10321 10342 10322
f 10322 10342 10343
f 10322 10343 10323
f 10323 10343 10344
f 10323 10344 10324
f 10324 10344 10345
f 10325 10346 10326
f 10326 10346 10347
f 10326 10347 10327
f 10327 10347 10348
f 10327 10348 10328
f 10328 10348 10349
f 10328 10349 10329
f 10329 10349 10350
f 10329 10350 10330
f 10330 10350 10351
f 10330 10351 10331
f 10331 10351 10352
f 10331 10352 10332
f 10332 10352 10353
f 10332 10353 10333
f 10333 10353 10354
f 10333 10354 10334
f 10334 10354 10355
f 10334 10355 10335
f 10335 10355 10356
f 10335 10356 10336
f 10336 10356 10357
f 10336 10357 10337
f 10337 10357 10358
f 10337 10358 10338
f 10338 10358 10359
f 10338 10359 10339
f 10339 10359 10360
f 10339 10360 10340
f 10340 10360 10361
f 10340 10361 10341
f 10341 10361 10362
f 10341 10362 10342
f 10342 10362 10363
f 10342 10363 10343
f 10343 10363 10364
f 10343 10364 10344
f 10344 10364 10365
f 10344 10365 10345
f 10345 10365 10366
f 10346 10367 10347
f 10347 10367 10368
f 10347 10368 10348
f 10348 10368 10369
f 10348 10369 10349
f 10349 10369 10370
f 10349 10370 10350
f 10350 10370 10371
f 10350 10371 10351
f 10351 10371 10372
f 10351 10372 10352
f 10352 10372 10373
f 10352 10373 10353
f 10353 10373 10374
f 10353 10374 10354
f 10354 10374 10375
f 10354 10375 10355
f 10355 10375 10376
f 10355 10376 10356
f 10356 10376 10377
f 10356 10377 10357
f 10357 10377 10378
f 10357 10378 10358
f 10358 10378 10379
f 10358 10379 10359
f 10359 10379 10380
f 10359 10380 10360
f 10360 10380 10381
f 10360 10381 10361
f 10361 10381 10382
f 10361 10382 10362
f 10362 10382 10383
f 10362 10383 10363
f 10363 10383 10384
f 10363 10384 10364
f 10364 10384 10385
f 10364 10385 10365
f 10365 10385 10386
f 10365 10386 10366
f 10366 10386 10387
f 10367 10388 10368
f 10368 10388 10389
f 10368 10389 10369
f 10369 10389 10390
f 10369 10390 10370
f 10370 10390 10391
f 10370 10391 10371
f 10371 10391 10392
f 10371 10392 10372
f 10372 10392 10393
f 10372 10393 10373
f 10373 10393 10394
f 10373 10394 10374
f 10374 10394 10395
f 10374 10395 10375
f 10375 10395 10396
f 10375 10396 10376
f 10376 10396 10397
f 10376 10397 10377
f 10377 10397 10398
f 10377 10398 10378
f 10378 10398 10399
f 10378 10399 10379
f 10379 10399 10400
f 10379 10400 10380
f 10380 10400 10401
f 10380 10401 10381
f 10381 10401 10402
f 10381 10402 10382
f 10382 10402 10403
f 10382 10403 10383
f 10383 10403 10404
f 10383 10404 10384
f 10384 10404 10405
f 10384 10405 10385
f 10385 10405 10406
f 10385 10406 10386
f 10386 10406 10407
f 10386 10407 10387
f 10387 10407 10408
f 10388 10409 10389
f 10389 10409 10410
f 10389 10410 10390
f 10390 10410 10411
f 10390 10411 10391
f 10391 10411 10412
f 10391 10412 10392
f 10392 10412 10413
f 10392 10413 10393
f 10393 10413 10414
f 10393 10414 10394
f 10394 10414 10415
f 10394 10415 10395
f 10395 10415 10416
f 10395 10416 10396
f 10396 10416 10417
f 10396 10417 10397
f 10397 10417 10418
f 10397 10418 10398
f 10398 10418 10419
f 10398 10419 10399
f 10399 10419 10420
f 10399 10420 10400
f 10400 10420 10421
f 10400 10421 10401
f 10401 10421 10422
f 10401 10422 10402
f 10402 10422 10423
f 10402 10423 10403
f 10403 10423 10424
f 10403 10424 10404
f 10404 10424 10425
f 10404 10425 10405
f 10405 10425 10426
f 10405 10426 10406
f 10406 10426 10427
f 10406 10427 10407
f 10407 10427 10428
f 10407 10428 10408
f 10408 10428 10429
f 10409 10430 10410
f 10410 10430 10431
f 10410 10431 10411
f 10411 10431 10432
f 10411 10432 10412
f 10412 10432 10433
f 10412 10433 10413
f 10413 10433 10434
f 10413 10434 10414
f 10414 10434 10435
f 10414 10435 10415
f 10415 10435 10436
f 10415 10436 10416
f 10416 10436 10437
f 10416 10437 10417
f 10417 10437 10438
f 10417 10438 10418
f 10418 10438 10439
f 10418 10439 10419
f 10419 10439 10440
f 10419 10440 10420
f 10420 10440 10441
f 10420 10441 10421
f 10421 10441 10442
f 10421 10442 10422
f 10422 10442 10443
f 10422 10443 10423
f 10423 10443 10444
f 10423 10444 10424
f 10424 10444 10445
f 10424 10445 10425
f 10425 10445 10446
f 10425 10446 10426
f 10426 10446 10447
f 10426 10447 10427
f 10427 10447 10448
f 10427 10448 10428
f 10428 10448 10449
f 10428 10449 10429
f 10429 10449 10450
f 10430 10451 10431
f 10431 10451 10452
f 10431 10452 10432
f 10432 10452 10453
f 10432 10453 10433
f 10433 10453 10454
f 10433 10454 10434
f 10434 10454 10455
f 10434 10455 10435
f 10435 10455 10456
f 10435 10456 10436
f 10436 10456 10457
f 10436 10457 10437
f 10437 10457 10458
f 10437 10458 10438
f 10438 10458 10459
f 10438 10459 10439
f 10439 10459 10460
f 10439 10460 10440
f 10440 10460 10461
f 10440 10461 10441
f 10441 10461 10462
f 10441 10462 10442
f 10442 10462 10463
f 10442 10463 10443
f 10443 10463 10464
f 10443 10464 10444
f 10444 10464 10465
f 10444 10465 10445
f 10445 10465 10466
f 10445 10466 10446
f 10446 10466 10467
f 10446 10467 10447
f 10447 10467 10468
f 10447 10468 10448
f 10448 10468 10469
f 10448 10469 10449
f 10449 10469 10470
f 10449 10470 10450
f 10450 10470 10471
f 10451 10472 10452
f 10452 10472 10473
f 10452 10473 10453
f 10453 10473 10474
f 10453 10474 10454
f 10454 10474 10475
f 10454 10475 10455
f 10455 10475 10476
f 10455 10476 10456
f 10456 10476 10477
f 10456 10477 10457
f 10457 10477 10478
f 10457 10478 10458
f 10458 10478 10479
f 10458 10479 10459
f 10459 10479 10480
f 10459 10480 10460
f 10460 10480 10481
f 10460 10481 10461
f 10461 10481 10482
f 10461 10482 10462
f 10462 10482 10483
f 10462 10483 10463
f 10463 10483 10484
f 10463 10484 10464
f 10464 10484 10485
f 10464 10485 10465
f 10465 10485 10486
f 10465 10486 10466
f 10466 10486 10487
f 10466 10487 10467
f 10467 10487 10488
f 10467 10488 10468
f 10468 10488 10489
f 10468 10489 10469
f 10469 10489 10490
f 10469 10490 10470
f 10470 10490 10491
f 10470 10491 10471
f 10471 10491 10492
f 10472 10493 10473
f 10473 10493 10494
f 10473 10494 10474
f 10474 10494 10495
f 10474 10495 10475
f 10475 10495 10496
f 10475 10496 10476
f 10476 10496 10497
f 10476 10497 10477
f 10477 10497 10498
f 10477 10498 10478
f 10478 10498 10499
f 10478 10499 10479
f 10479 10499 10500
f 10479 10500 10480
f 10480 10500 10501
f 10480 10501 10481
f 10481 10501 10502
f 10481 10502 10482
f 10482 10502 10503
f 10482 10503 10483
f 10483 10503 10504
f 10483 10504 10484
f 10484 10504 10505
f 10484 10505 10485
f 10485 10505 10506
f 10485 10506 10486
f 10486 10506 10507
f 10486 10507 10487
f 10487 10507 10508
f 10487 10508 10488
f 10488 10508 10509
f 10488 10509 10489
f 10489 10509 10510
f 10489 10510 10490
f 10490 10510 10511
f 10490 10511 10491
f 10491 10511 10512
f 10491 10512 10492
f 10492 10512 10513
f 10493 10514 10494
f 10494 10514 10515
f 10494 10515 10495
f 10495 10515 10516
f 10495 10516 10496
f 10496 10516 10517
f 10496 10517 10497
f 10497 10517 10518
f 10497 10518 10498
f 10498 10518 10519
f 10498 10519 10499
f 10499 10519 10520
f 10499 10520 10500
f 10500 10520 10521
f 10500 10521 10501
f 10501 10521 10522
f 10501 10522 10502
f 10502 10522 10523
f 10502 10523 10503
f 10503 10523 10524
f 10503 10524 10504
f 10504 10524 10525
f 10504 10525 10505
f 10505 10525 10526
f 10505 10526 10506
f 10506 10526 10527
f 10506 10527 10507
f 10507 10527 10528
f 10507 10528 10508
f 10508 10528 10529
f 10508 10529 10509
f 10509 10529 10530
f 10509 10530 10510
f 10510 10530 10531
f 10510 10531 10511
f 10511 10531 10532
f 10511 10532 10512
f 10512 10532 10533
f 10512 10533 10513
f 10513 10533 10534
f 10514 10535 10515
f 10515 10535 10536
f 10515 10536 10516
f 10516 10536 10537
f 10516 10537 10517
f 10517 10537 10538
f 10517 10538 10518
f 10518 10538 10539
f 10518 10539 10519
f 10519 10539 10540
f 10519 10540 10520
f 10520 10540 10541
f 10520 10541 10521
f 10521 10541 10542
f 10521 10542 10522
f 10522 10542 10543
f 10522 10543 10523
f 10523 10543 10544
f 10523 10544 10524
f 10524 10544 10545
f 10524 10545 10525
f 10525 10545 10546
f 10525 10546 10526
f 10526 10546 10547
f 10526 10547 10527
f 10527 10547 10548
f 10527 10548 10528
f 10528 10548 10549
f 10528 10549 10529
f 10529 10549 10550
f 10529 10550 10530
f 10530 10550 10551
f 10530 10551 10531
f 10531 10551 10552
f 10531 10552 10532
f 10532 10552 10553
f 10532 10553 10533
f 10533 10553 10554
f 10533 10554 10534
f 10534 10554 10555
f 10535 10556 10536
f 10536 10557 10537
f 10537 10558 10538
f 10538 10559 10539
f 10539 10560 10540
f 10540 10561 10541
f 10541 10562 10542
f 10542 10563 10543
f 10543 10564 10544
f 10544 10565 10545
f 10545 10566 10546
f 10546 10567 10547
f 10547 10568 10548
f 10548 10569 10549
f 10549 10570 10550
f 10550 10571 10551
f 10551 10572 10552
f 10552 10573 10553
f 10553 10574 10554
f 10554 10575 10555
usemtl body_mid
f 10577 10579 10578
f 10578 10579 10580
f 10579 10581 10580
f 10580 10581 10582
f 10581 10583 10582
f 10582 10583 10584
f 10583 10585 10584
f 10584 10585 10586
f 10585 10587 10586
f 10586 10587 10588
f 10587 10589 10588
f 10588 10589 10590
f 10589 10591 10590
f 10590 10591 10592
f 10591 10593 10592
f 10592 10593 10594
f 10595 10577 10579
f 10596 10580 10578
f 10595 10579 10581
f 10596 10582 10580
f 10595 10581 10583
f 10596 10584 10582
f 10595 10583 10585
f 10596 10586 10584
f 10595 10585 10587
f 10596 10588 10586
f 10595 10587 10589
f 10596 10590 10588
f 10595 10589 10591
f 10596 10592 10590
f 10595 10591 10593
f 10596 10594 10592
usemtl body_dark
f 10598 10618 10619
f 10599 10619 10620
f 10600 10620 10621
f 10601 10621 10622
f 10602 10622 10623
f 10603 10623 10624
f 10604 10624 10625
f 10605 10625 10626
f 10606 10626 10627
f 10607 10627 10628
f 10608 10628 10629
f 10609 10629 10630
f 10610 10630 10631
f 10611 10631 10632
f 10612 10632 10633
f 10613 10633 10634
f 10614 10634 10635
f 10615 10635 10636
f 10616 10636 10637
f 10617 10637 10638
f 10618 10639 10619
f 10619 10639 10640
f 10619 10640 10620
f 10620 10640 10641
f 10620 10641 10621
f 10621 10641 10642
f 10621 10642 10622
f 10622 10642 10643
f 10622 10643 10623
f 10623 10643 10644
f 10623 10644 10624
f 10624 10644 10645
f 10624 10645 10625
f 10625 10645 10646
f 10625 10646 10626
f 10626 10646 10647
f 10626 10647 10627
f 10627 10647 10648
f 10627 10648 10628
f 10628 10648 10649
f 10628 10649 10629
f 10629 10649 10650
f 10629 10650 10630
f 10630 10650 10651
f 10630 10651 10631
f 10631 10651 10652
f 10631 10652 10632
f 10632 10652 10653
f 10632 10653 10633
f 10633 10653 10654
f 10633 10654 10634
f 10634 10654 10655
f 10634 10655 10635
f 10635 10655 10656
f 10635 10656 10636
f 10636 10656 10657
f 10636 10657 10637
f 10637 10657 10658
f 10637 10658 10638
f 10638 10658 10659
f 10639 10660 10640
f 10640 10660 10661
f 10640 10661 10641
f 10641 10661 10662
f 10641 10662 10642
f 10642 10662 10663
f 10642 10663 10643
f 10643 10663 10664
f 10643 10664 10644
f 10644 10664 10665
f 10644 10665 10645
f 10645 10665 10666
f 10645 10666 10646
f 10646 10666 10667
f 10646 10667 10647
f 10647 10667 10668
f 10647 10668 10648
f 10648 10668 10669
f 10648 10669 10649
f 10649 10669 10670
f 10649 10670 10650
f 10650 10670 10671
f 10650 10671 10651
f 10651 10671 10672
f 10651 10672 10652
f 10652 10672 10673
f 10652 10673 10653
f 10653 10673 10674
f 10653 10674 10654
f 10654 10674 10675
f 10654 10675 10655
f 10655 10675 10676
f 10655 10676 10656
f 10656 10676 10677
f 10656 10677 10657
f 10657 10677 10678
f 10657 10678 10658
f 10658 10678 10679
f 10658 10679 10659
f 10659 10679 10680
f 10660 10681 10661
f 10661 10681 10682
f 10661 10682 10662
f 10662 10682 10683
f 10662 10683 10663
f 10663 10683 10684
f 10663 10684 10664
f 10664 10684 10685
f 10664 10685 10665
f 10665 10685 10686
f 10665 10686 10666
f 10666 10686 10687
f 10666 10687 10667
f 10667 10687 10688
f 10667 10688 10668
f 10668 10688 10689
f 10668 10689 10669
f 10669 10689 10690
f 10669 10690 10670
f 10670 10690 10691
f 10670 10691 10671
f 10671 10691 10692
f 10671 10692 10672
f 10672 10692 10693
f 10672 10693 10673
f 10673 10693 10694
f 10673 10694 10674
f 10674 10694 10695
f 10674 10695 10675
f 10675 10695 10696
f 10675 10696 10676
f 10676 10696 10697
f 10676 10697 10677
f 10677 10697 10698
f 10677 10698 10678
f 10678 10698 10699
f 10678 10699 10679
f 10679 10699 10700
f 10679 10700 10680
f 10680 10700 10701
f 10681 10702 10682
f 10682 10702 10703
f 10682 10703 10683
f 10683 10703 10704
f 10683 10704 10684
f 10684 10704 10705
f 10684 10705 10685
f 10685 10705 10706
f 10685 10706 10686
f 10686 10706 10707
f 10686 10707 10687
f 10687 10707 10708
f 10687 10708 10688
f 10688 10708 10709
f 10688 10709 10689
f 10689 10709 10710
f 10689 10710 10690
f 10690 10710 10711
f 10690 10711 10691
f 10691 10711 10712
f 10691 10712 10692
f 10692 10712 10713
f 10692 10713 10693
f 10693 10713 10714
f 10693 10714 10694
f 10694 10714 10715
f 10694 10715 10695
f 10695 10715 10716
f 10695 10716 10696
f 10696 10716 10717
f 10696 10717 10697
f 10697 10717 10718
f 10697 10718 10698
f 10698 10718 10719
f 10698 10719 10699
f 10699 10719 10720
f 10699 10720 10700
f 10700 10720 10721
f 10700 10721 10701
f 10701 10721 10722
f 10702 10723 10703
f 10703 10723 10724
f 10703 10724 10704
f 10704 10724 10725
f 10704 10725 10705
f 10705 10725 10726
f 10705 10726 10706
f 10706 10726 10727
f 10706 10727 10707
f 10707 10727 10728
f 10707 10728 10708
f 10708 10728 10729
f 10708 10729 10709
f 10709 10729 10730
f 10709 10730 10710
f 10710 10730 10731
f 10710 10731 10711
f 10711 10731 10732
f 10711 10732 10712
f 10712 10732 10733
f 10712 10733 10713
f 10713 10733 10734
f 10713 10734 10714
f 10714 10734 10735
f 10714 10735 10715
f 10715 10735 10736
f 10715 10736 10716
f 10716 10736 10737
f 10716 10737 10717
f 10717 10737 10738
f 10717 10738 10718
f 10718 10738 10739
f 10718 10739 10719
f 10719 10739 10740
f 10719 10740 10720
f 10720 10740 10741
f 10720 10741 10721
f 10721 10741 10742
f 10721 10742 10722
f 10722 10742 10743
f 10723 10744 10724
f 10724 10744 10745
f 10724 10745 10725
f 10725 10745 10746
f 10725 10746 10726
f 10726 10746 10747
f 10726 10747 10727
f 10727 10747 10748
f 10727 10748 10728
f 10728 10748 10749
f 10728 10749 10729
f 10729 10749 10750
f 10729 10750 10730
f 10730 10750 10751
f 10730 10751 10731
f 10731 10751 10752
f 10731 10752 10732
f 10732 10752 10753
f 10732 10753 10733
f 10733 10753 10754
f 10733 10754 10734
f 10734 10754 10755
f 10734 10755 10735
f 10735 10755 10756
f 10735 10756 10736
f 10736 10756 10757
f 10736 10757 10737
f 10737 10757 10758
f 10737 10758 10738
f 10738 10758 10759
f 10738 10759 10739
f 10739 10759 10760
f 10739 10760 10740
f 10740 10760 10761
f 10740 10761 10741
f 10741 10761 10762
f 10741 10762 10742
f 10742 10762 10763
f 10742 10763 10743
f 10743 10763 10764
f 10744 10765 10745
f 10745 10765 10766
f 10745 10766 10746
f 10746 10766 10767
f 10746 10767 10747
f 10747 10767 10768
f 10747 10768 10748
f 10748 10768 10769
f 10748 10769 10749
f 10749 10769 10770
f 10749 10770 10750
f 10750 10770 10771
f 10750 10771 10751
f 10751 10771 10772
f 10751 10772 10752
f 10752 10772 10773
f 10752 10773 10753
f 10753 10773 10774
f 10753 10774 10754
f 10754 10774 10775
f 10754 10775 10755
f 10755 10775 10776
f 10755 10776 10756
f 10756 10776 10777
f 10756 10777 10757
f 10757 10777 10778
f 10757 10778 10758
f 10758 10778 10779
f 10758 10779 10759
f 10759 10779 10780
f 10759 10780 10760
f 10760 10780 10781
f 10760 10781 10761
f 10761 10781 10782
f 10761 10782 10762
f 10762 10782 10783
f 10762 10783 10763
f 10763 10783 10784
f 10763 10784 10764
f 10764 10784 10785
f 10765 10786 10766
f 10766 10786 10787
f 10766 10787 10767
f 10767 10787 10788
f 10767 10788 10768
f 10768 10788 10789
f 10768 10789 10769
f 10769 10789 10790
f 10769 10790 10770
f 10770 10790 10791
f 10770 10791 10771
f 10771 10791 10792
f 10771 10792 10772
f 10772 10792 10793
f 10772 10793 10773
f 10773 10793 10794
f 10773 10794 10774
f 10774 10794 10795
f 10774 10795 10775
f 10775 10795 10796
f 10775 10796 10776
f 10776 10796 10797
f 10776 10797 10777
f 10777 10797 10798
f 10777 10798 10778
f 10778 10798 10799
f 10778 10799 10779
f 10779 10799 10800
f 10779 10800 10780
f 10780 10800 10801
f 10780 10801 10781
f 10781 10801 10802
f 10781 10802 10782
f 10782 10802 10803
f 10782 10803 10783
f 10783 10803 10804
f 10783 10804 10784
f 10784 10804 10805
f 10784 10805 10785
f 10785 10805 10806
f 10786 10807 10787
f 10787 10807 10808
f 10787 10808 10788
f 10788 10808 10809
f 10788 10809 10789
f 10789 10809 10810
f 10789 10810 10790
f 10790 10810 10811
f 10790 10811 10791
f 10791 10811 10812
f 10791 10812 10792
f 10792 10812 10813
f 10792 10813 10793
f 10793 10813 10814
f 10793 10814 10794
f 10794 10814 10815
f 10794 10815 10795
f 10795 10815 10816
f 10795 10816 10796
f 10796 10816 10817
f 10796 10817 10797
f 10797 10817 10818
f 10797 10818 10798
f 10798 10818 10819
f 10798 10819 10799
f 10799 10819 10820
f 10799 10820 10800
f 10800 10820 10821
f 10800 10821 10801
f 10801 10821 10822
f 10801 10822 10802
f 10802 10822 10823
f 10802 10823 10803
f 10803 10823 10824
f 10803 10824 10804
f 10804 10824 10825
f 10804 10825 10805
f 10805 10825 10826
f 10805 10826 10806
f 10806 10826 10827
f 10807 10828 10808
f 10808 10828 10829
f 10808 10829 10809
f 10809 10829 10830
f 10809 10830 10810
f 10810 10830 10831
f 10810 10831 10811
f 10811 10831 10832
f 10811 10832 10812
f 10812 10832 10833
f 10812 10833 10813
f 10813 10833 10834
f 10813 10834 10814
f 10814 10834 10835
f 10814 10835 10815
f 10815 10835 10836
f 10815 10836 10816
f 10816 10836 10837
f 10816 10837 10817
f 10817 10837 10838
f 10817 10838 10818
f 10818 10838 10839
f 10818 10839 10819
f 10819 10839 10840
f 10819 10840 10820
f 10820 10840 10841
f 10820 10841 10821
f 10821 10841 10842
f 10821 10842 10822
f 10822 10842 10843
f 10822 10843 10823
f 10823 10843 10844
f 10823 10844 10824
f 10824 10844 10845
f 10824 10845 10825
f 10825 10845 10846
f 10825 10846 10826
f 10826 10846 10847
f 10826 10847 10827
f 10827 10847 10848
f 10828 10849 10829
f 10829 10849 10850
f 10829 10850 10830
f 10830 10850 10851
f 10830 10851 10831
f 10831 10851 10852
f 10831 10852 10832
f 10832 10852 10853
f 10832 10853 10833
f 10833 10853 10854
f 10833 10854 10834
f 10834 10854 10855
f 10834 10855 10835
f 10835 10855 10856
f 10835 10856 10836
f 10836 10856 10857
f 10836 10857 10837
f 10837 10857 10858
f 10837 10858 10838
f 10838 10858 10859
f 10838 10859 10839
f 10839 10859 10860
f 10839 10860 10840
f 10840 10860 10861
f 10840 10861 10841
f 10841 10861 10862
f 10841 10862 10842
f 10842 10862 10863
f 10842 10863 10843
f 10843 10863 10864
f 10843 10864 10844
f 10844 10864 10865
f 10844 10865 10845
f 10845 10865 10866
f 10845 10866 10846
f 10846 10866 10867
f 10846 10867 10847
f 10847 10867 10868
f 10847 10868 10848
f 10848 10868 10869
f 10849 10870 10850
f 10850 10870 10871
f 10850 10871 10851
f 10851 10871 10872
f 10851 10872 10852
f 10852 10872 10873
f 10852 10873 10853
f 10853 10873 10874
f 10853 10874 10854
f 10854 10874 10875
f 10854 10875 10855
f 10855 10875 10876
f 10855 10876 10856
f 10856 10876 10877
f 10856 10877 10857
f 10857 10877 10878
f 10857 10878 10858
f 10858 10878 10879
f 10858 10879 10859
f 10859 10879 10880
f 10859 10880 10860
f 10860 10880 10881
f 10860 10881 10861
f 10861 10881 10882
f 10861 10882 10862
f 10862 10882 10883
f 10862 10883 10863
f 10863 10883 10884
f 10863 10884 10864
f 10864 10884 10885
f 10864 10885 10865
f 10865 10885 10886
f 10865 10886 10866
f 10866 10886 10887
f 10866 10887 10867
f 10867 10887 10888
f 10867 10888 10868
f 10868 10888 10889
f 10868 10889 10869
f 10869 10889 10890
f 10870 10891 10871
f 10871 10892 10872
f 10872 10893 10873
f 10873 10894 10874
f 10874 10895 10875
f 10875 10896 10876
f 10876 10897 10877
f 10877 10898 10878
f 10878 10899 10879
f 10879 10900 10880
f 10880 10901 10881
f 10881 10902 10882
f 10882 10903 10883
f 10883 10904 10884
f 10884 10905 10885
f 10885 10906 10886
f 10886 10907 10887
f 10887 10908 10888
f 10888 10909 10889
f 10889 10910 10890
usemtl body_mid
f 10912 10914 10913
f 10913 10914 10915
f 10914 10916 10915
f 10915 10916 10917
f 10916 10918 10917
f 10917 10918 10919
f 10918 10920 10919
f 10919 10920 10921
f 10920 10922 10921
f 10921 10922 10923
f 10922 10924 10923
f 10923 10924 10925
f 10924 10926 10925
f 10925 10926 10927
f 10926 10928 10927
f 10927 10928 10929
f 10930 10912 10914
f 10931 10915 10913
f 10930 10914 10916
f 10931 10917 10915
f 10930 10916 10918
f 10931 10919 10917
f 10930 10918 10920
f 10931 10921 10919
f 10930 10920 10922
f 10931 10923 10921
f 10930 10922 10924
f 10931 10925 10923
f 10930 10924 10926
f 10931 10927 10925
f 10930 10926 10928
f 10931 10929 10927
usemtl body_dark
f 10933 10953 10954
f 10934 10954 10955
f 10935 10955 10956
f 10936 10956 10957
f 10937 10957 10958
f 10938 10958 10959
f 10939 10959 10960
f 10940 10960 10961
f 10941 10961 10962
f 10942 10962 10963
f 10943 10963 10964
f 10944 10964 10965
f 10945 10965 10966
f 10946 10966 10967
f 10947 10967 10968
f 10948 10968 10969
f 10949 10969 10970
f 10950 10970 10971
f 10951 10971 10972
f 10952 10972 10973
f 10953 10974 10954
f 10954 10974 10975
f 10954 10975 10955
f 10955 10975 10976
f 10955 10976 10956
f 10956 10976 10977
f 10956 10977 10957
f 10957 10977 10978
f 10957 10978 10958
f 10958 10978 10979
f 10958 10979 10959
f 10959 10979 10980
f 10959 10980 10960
f 10960 10980 10981
f 10960 10981 10961
f 10961 10981 10982
f 10961 10982 10962
f 10962 10982 10983
f 10962 10983 10963
f 10963 10983 10984
f 10963 10984 10964
f 10964 10984 10985
f 10964 10985 10965
f 10965 10985 10986
f 10965 10986 10966
f 10966 10986 10987
f 10966 10987 10967
f 10967 10987 10988
f 10967 10988 10968
f 10968 10988 10989
f 10968 10989 10969
f 10969 10989 10990
f 10969 10990 10970
f 10970 10990 10991
f 10970 10991 10971
f 10971 10991 10992
f 10971 10992 10972
f 10972 10992 10993
f 10972 10993 10973
f 10973 10993 10994
f 10974 10995 10975
f 10975 10995 10996
f 10975 10996 10976
f 10976 10996 10997
f 10976 10997 10977
f 10977 10997 10998
f 10977 10998 10978
f 10978 10998 10999
f 10978 10999 10979
f 10979 10999 11000
f 10979 11000 10980
f 10980 11000 11001
f 10980 11001 10981
f 10981 11001 11002
f 10981 11002 10982
f 10982 11002 11003
f 10982 11003 10983
f 10983 11003 11004
f 10983 11004 10984
f 10984 11004 11005
f 10984 11005 10985
f 10985 11005 11006
f 10985 11006 10986
f 10986 11006 11007
f 10986 11007 10987
f 10987 11007 11008
f 10987 11008 10988
f 10988 11008 11009
f 10988 11009 10989
f 10989 11009 11010
f 10989 11010 10990
f 10990 11010 11011
f 10990 11011 10991
f 10991 11011 11012
f 10991 11012 10992
f 10992 11012 11013
f 10992 11013 10993
f 10993 11013 11014
f 10993 11014 10994
f 10994 11014 11015
f 10995 11016 10996
f 10996 11016 11017
f 10996 11017 10997
f 10997 11017 11018
f 10997 11018 10998
f 10998 11018 11019
f 10998 11019 10999
f 10999 11019 11020
f 10999 11020 11000
f 11000 11020 11021
f 11000 11021 11001
f 11001 11021 11022
f 11001 11022 11002
f 11002 11022 11023
f 11002 11023 11003
f 11003 11023 11024
f 11003 11024 11004
f 11004 11024 11025
f 11004 11025 11005
f 11005 11025 11026
f 11005 11026 11006
f 11006 11026 11027
f 11006 11027 11007
f 11007 11027 11028
f 11007 11028 11008
f 11008 11028 11029
f 11008 11029 11009
f 11009 11029 11030
f 11009 11030 11010
f 11010 11030 11031
f 11010 11031 11011
f 11011 11031 11032
f 11011 11032 11012
f 11012 11032 11033
f 11012 11033 11013
f 11013 11033 11034
f 11013 11034 11014
f 11014 11034 11035
f 11014 11035 11015
f 11015 11035 11036
f 11016 11037 11017
f 11017 11037 11038
f 11017 11038 11018
f 11018 11038 11039
f 11018 11039 11019
f 11019 11039 11040
f 11019 11040 11020
f 11020 11040 11041
f 11020 11041 11021
f 11021 11041 11042
f 11021 11042 11022
f 11022 11042 11043
f 11022 11043 11023
f 11023 11043 11044
f 11023 11044 11024
f 11024 11044 11045
f 11024 11045 11025
f 11025 11045 11046
f 11025 11046 11026
f 11026 11046 11047
f 11026 11047 11027
f 11027 11047 11048
f 11027 11048 11028
f 11028 11048 11049
f 11028 11049 11029
f 11029 11049 11050
f 11029 11050 11030
f 11030 11050 11051
f 11030 11051 11031
f 11031 11051 11052
f 11031 11052 11032
f 11032 11052 11053
f 11032 11053 11033
f 11033 11053 11054
f 11033 11054 11034
f 11034 11054 11055
f 11034 11055 11035
f 11035 11055 11056
f 11035 11056 11036
f 11036 11056 11057
f 11037 11058 11038
f 11038 11058 11059
f 11038 11059 11039
f 11039 11059 11060
f 11039 11060 11040
f 11040 11060 11061
f 11040 11061 11041
f 11041 11061 11062
f 11041 11062 11042
f 11042 11062 11063
f 11042 11063 11043
f 11043 11063 11064
f 11043 11064 11044
f 11044 11064 11065
f 11044 11065 11045
f 11045 11065 11066
f 11045 11066 11046
f 11046 11066 11067
f 11046 11067 11047
f 11047 11067 11068
f 11047 11068 11048
f 11048 11068 11069
f 11048 11069 11049
f 11049 11069 11070
f 11049 11070 11050
f 11050 11070 11071
f 11050 11071 11051
f 11051 11071 11072
f 11051 11072 11052
f 11052 11072 11073
f 11052 11073 11053
f 11053 11073 11074
f 11053 11074 11054
f 11054 11074 11075
f 11054 11075 11055
f 11055 11075 11076
f 11055 11076 11056
f 11056 11076 11077
f 11056 11077 11057
f 11057 11077 11078
f 11058 11079 11059
f 11059 11079 11080
f 11059 11080 11060
f 11060 11080 11081
f 11060 11081 11061
f 11061 11081 11082
f 11061 11082 11062
f 11062 11082 11083
f 11062 11083 11063
f 11063 11083 11084
f 11063 11084 11064
f 11064 11084 11085
f 11064 11085 11065
f 11065 11085 11086
f 11065 11086 11066
f 11066 11086 11087
f 11066 11087 11067
f 11067 11087 11088
f 11067 11088 11068
f 11068 11088 11089
f 11068 11089 11069
f 11069 11089 11090
f 11069 11090 11070
f 11070 11090 11091
f 11070 11091 11071
f 11071 11091 11092
f 11071 11092 11072
f 11072 11092 11093
f 11072 11093 11073
f 11073 11093 11094
f 11073 11094 11074
f 11074 11094 11095
f 11074 11095 11075
f 11075 11095 11096
f 11075 11096 11076
f 11076 11096 11097
f 11076 11097 11077
f 11077 11097 11098
f 11077 11098 11078
f 11078 11098 11099
f 11079 11100 11080
f 11080 11100 11101
f 11080 11101 11081
f 11081 11101 11102
f 11081 11102 11082
f 11082 11102 11103
f 11082 11103 11083
f 11083 11103 11104
f 11083 11104 11084
f 11084 11104 11105
f 11084 11105 11085
f 11085 11105 11106
f 11085 11106 11086
f 11086 11106 11107
f 11086 11107 11087
f 11087 11107 11108
f 11087 11108 11088
f 11088 11108 11109
f 11088 11109 11089
f 11089 11109 11110
f 11089 11110 11090
f 11090 11110 11111
f 11090 11111 11091
f 11091 11111 11112
f 11091 11112 11092
f 11092 11112 11113
f 11092 11113 11093
f 11093 11113 11114
f 11093 11114 11094
f 11094 11114 11115
f 11094 11115 11095
f 11095 11115 11116
f 11095 11116 11096
f 11096 11116 11117
f 11096 11117 11097
f 11097 11117 11118
f 11097 11118 11098
f 11098 11118 11119
f 11098 11119 11099
f 11099 11119 11120
f 11100 11121 11101
f 11101 11121 11122
f 11101 11122 11102
f 11102 11122 11123
f 11102 11123 11103
f 11103 11123 11124
f 11103 11124 11104
f 11104 11124 11125
f 11104 11125 11105
f 11105 11125 11126
f 11105 11126 11106
f 11106 11126 11127
f 11106 11127 11107
f 11107 11127 11128
f 11107 11128 11108
f 11108 11128 11129
f 11108 11129 11109
f 11109 11129 11130
f 11109 11130 11110
f 11110 11130 11131
f 11110 11131 11111
f 11111 11131 11132
f 11111 11132 11112
f 11112 11132 11133
f 11112 11133 11113
f 11113 11133 11134
f 11113 11134 11114
f 11114 11134 11135
f 11114 11135 11115
f 11115 11135 11136
f 11115 11136 11116
f 11116 11136 11137
f 11116 11137 11117
f 11117 11137 11138
f 11117 11138 11118
f 11118 11138 11139
f 11118 11139 11119
f 11119 11139 11140
f 11119 11140 11120
f 11120 11140 11141
f 11121 11142 11122
f 11122 11142 11143
f 11122 11143 11123
f 11123 11143 11144
f 11123 11144 11124
f 11124 11144 11145
f 11124 11145 11125
f 11125 11145 11146
f 11125 11146 11126
f 11126 11146 11147
f 11126 11147 11127
f 11127 11147 11148
f 11127 11148 11128
f 11128 11148 11149
f 11128 11149 11129
f 11129 11149 11150
f 11129 11150 11130
f 11130 11150 11151
f 11130 11151 11131
f 11131 11151 11152
f 11131 11152 11132
f 11132 11152 11153
f 11132 11153 11133
f 11133 11153 11154
f 11133 11154 11134
f 11134 11154 11155
f 11134 11155 11135
f 11135 11155 11156
f 11135 11156 11136
f 11136 11156 11157
f 11136 11157 11137
f 11137 11157 11158
f 11137 11158 11138
f 11138 11158 11159
f 11138 11159 11139
f 11139 11159 11160
f 11139 11160 11140
f 11140 11160 11161
f 11140 11161 11141
f 11141 11161 11162
f 11142 11163 11143
f 11143 11163 11164
f 11143 11164 11144
f 11144 11164 11165
f 11144 11165 11145
f 11145 11165 11166
f 11145 11166 11146
f 11146 11166 11167
f 11146 11167 11147
f 11147 11167 11168
f 11147 11168 11148
f 11148 11168 11169
f 11148 11169 11149
f 11149 11169 11170
f 11149 11170 11150
f 11150 11170 11171
f 11150 11171 11151
f 11151 11171 11172
f 11151 11172 11152
f 11152 11172 11173
f 11152 11173 11153
f 11153 11173 11174
f 11153 11174 11154
f 11154 11174 11175
f 11154 11175 11155
f 11155 11175 11176
f 11155 11176 11156
f 11156 11176 11177
f 11156 11177 11157
f 11157 11177 11178
f 11157 11178 11158
f 11158 11178 11179
f 11158 11179 11159
f 11159 11179 11180
f 11159 11180 11160
f 11160 11180 11181
f 11160 11181 11161
f 11161 11181 11182
f 11161 11182 11162
f 11162 11182 11183
f 11163 11184 11164
f 11164 11184 11185
f 11164 11185 11165
f 11165 11185 11186
f 11165 11186 11166
f 11166 11186 11187
f 11166 11187 11167
f 11167 11187 11188
f 11167 11188 11168
f 11168 11188 11189
f 11168 11189 11169
f 11169 11189 11190
f 11169 11190 11170
f 11170 11190 11191
f 11170 11191 11171
f 11171 11191 11192
f 11171 11192 11172
f 11172 11192 11193
f 11172 11193 11173
f 11173 11193 11194
f 11173 11194 11174
f 11174 11194 11195
f 11174 11195 11175
f 11175 11195 11196
f 11175 11196 11176
f 11176 11196 11197
f 11176 11197 11177
f 11177 11197 11198
f 11177 11198 11178
f 11178 11198 11199
f 11178 11199 11179
f 11179 11199 11200
f 11179 11200 11180
f 11180 11200 11201
f 11180 11201 11181
f 11181 11201 11202
f 11181 11202 11182
f 11182 11202 11203
f 11182 11203 11183
f 11183 11203 11204
f 11184 11205 11185
f 11185 11205 11206
f 11185 11206 11186
f 11186 11206 11207
f 11186 11207 11187
f 11187 11207 11208
f 11187 11208 11188
f 11188 11208 11209
f 11188 11209 11189
f 11189 11209 11210
f 11189 11210 11190
f 11190 11210 11211
f 11190 11211 11191
f 11191 11211 11212
f 11191 11212 11192
f 11192 11212 11213
f 11192 11213 11193
f 11193 11213 11214
f 11193 11214 11194
f 11194 11214 11215
f 11194 11215 11195
f 11195 11215 11216
f 11195 11216 11196
f 11196 11216 11217
f 11196 11217 11197
f 11197 11217 11218
f 11197 11218 11198
f 11198 11218 11219
f 11198 11219 11199
f 11199 11219 11220
f 11199 11220 11200
f 11200 11220 11221
f 11200 11221 11201
f 11201 11221 11222
f 11201 11222 11202
f 11202 11222 11223
f 11202 11223 11203
f 11203 11223 11224
f 11203 11224 11204
f 11204 11224 11225
f 11205 11226 11206
f 11206 11227 11207
f 11207 11228 11208
f 11208 11229 11209
f 11209 11230 11210
f 11210 11231 11211
f 11211 11232 11212
f 11212 11233 11213
f 11213 11234 11214
f 11214 11235 11215
f 11215 11236 11216
f 11216 11237 11217
f 11217 11238 11218
f 11218 11239 11219
f 11219 11240 11220
f 11220 11241 11221
f 11221 11242 11222
f 11222 11243 11223
f 11223 11244 11224
f 11224 11245 11225
usemtl body_mid
f 11247 11249 11248
f 11248 11249 11250
f 11249 11251 11250
f 11250 11251 11252
f 11251 11253 11252
f 11252 11253 11254
f 11253 11255 11254
f 11254 11255 11256
f 11255 11257 11256
f 11256 11257 11258
f 11257 11259 11258
f 11258 11259 11260
f 11259 11261 11260
f 11260 11261 11262
f 11261 11263 11262
f 11262 11263 11264
f 11265 11247 11249
f 11266 11250 11248
f 11265 11249 11251
f 11266 11252 11250
f 11265 11251 11253
f 11266 11254 11252
f 11265 11253 11255
f 11266 11256 11254
f 11265 11255 11257
f 11266 11258 11256
f 11265 11257 11259
f 11266 11260 11258
f 11265 11259 11261
f 11266 11262 11260
f 11265 11261 11263
f 11266 11264 11262
usemtl body_dark
f 11268 11288 11289
f 11269 11289 11290
f 11270 11290 11291
f 11271 11291 11292
f 11272 11292 11293
f 11273 11293 11294
f 11274 11294 11295
f 11275 11295 11296
f 11276 11296 11297
f 11277 11297 11298
f 11278 11298 11299
f 11279 11299 11300
f 11280 11300 11301
f 11281 11301 11302
f 11282 11302 11303
f 11283 11303 11304
f 11284 11304 11305
f 11285 11305 11306
f 11286 11306 11307
f 11287 11307 11308
f 11288 11309 11289
f 11289 11309 11310
f 11289 11310 11290
f 11290 11310 11311
f 11290 11311 11291
f 11291 11311 11312
f 11291 11312 11292
f 11292 11312 11313
f 11292 11313 11293
f 11293 11313 11314
f 11293 11314 11294
f 11294 11314 11315
f 11294 11315 11295
f 11295 11315 11316
f 11295 11316 11296
f 11296 11316 11317
f 11296 11317 11297
f 11297 11317 11318
f 11297 11318 11298
f 11298 11318 11319
f 11298 11319 11299
f 11299 11319 11320
f 11299 11320 11300
f 11300 11320 11321
f 11300 11321 11301
f 11301 11321 11322
f 11301 11322 11302
f 11302 11322 11323
f 11302 11323 11303
f 11303 11323 11324
f 11303 11324 11304
f 11304 11324 11325
f 11304 11325 11305
f 11305 11325 11326
f 11305 11326 11306
f 11306 11326 11327
f 11306 11327 11307
f 11307 11327 11328
f 11307 11328 11308
f 11308 11328 11329
f 11309 11330 11310
f 11310 11330 11331
f 11310 11331 11311
f 11311 11331 11332
f 11311 11332 11312
f 11312 11332 11333
f 11312 11333 11313
f 11313 11333 11334
f 11313 11334 11314
f 11314 11334 11335
f 11314 11335 11315
f 11315 11335 11336
f 11315 11336 11316
f 11316 11336 11337
f 11316 11337 11317
f 11317 11337 11338
f 11317 11338 11318
f 11318 11338 11339
f 11318 11339 11319
f 11319 11339 11340
f 11319 11340 11320
f 11320 11340 11341
f 11320 11341 11321
f 11321 11341 11342
f 11321 11342 11322
f 11322 11342 11343
f 11322 11343 11323
f 11323 11343 11344
f 11323 11344 11324
f 11324 11344 11345
f 11324 11345 11325
f 11325 11345 11346
f 11325 11346 11326
f 11326 11346 11347
f 11326 11347 11327
f 11327 11347 11348
f 11327 11348 11328
f 11328 11348 11349
f 11328 11349 11329
f 11329 11349 11350
f 11330 11351 11331
f 11331 11351 11352
f 11331 11352 11332
f 11332 11352 11353
f 11332 11353 11333
f 11333 11353 11354
f 11333 11354 11334
f 11334 11354 11355
f 11334 11355 11335
f 11335 11355 11356
f 11335 11356 11336
f 11336 11356 11357
f 11336 11357 11337
f 11337 11357 11358
f 11337 11358 11338
f 11338 11358 11359
f 11338 11359 11339
f 11339 11359 11360
f 11339 11360 11340
f 11340 11360 11361
f 11340 11361 11341
f 11341 11361 11362
f 11341 11362 11342
f 11342 11362 11363
f 11342 11363 11343
f 11343 11363 11364
f 11343 11364 11344
f 11344 11364 11365
f 11344 11365 11345
f 11345 11365 11366
f 11345 11366 11346
f 11346 11366 11367
f 11346 11367 11347
f 11347 11367 11368
f 11347 11368 11348
f 11348 11368 11369
f 11348 11369 11349
f 11349 11369 11370
f 11349 11370 11350
f 11350 11370 11371
f 11351 11372 11352
f 11352 11372 11373
f 11352 11373 11353
f 11353 11373 11374
f 11353 11374 11354
f 11354 11374 11375
f 11354 11375 11355
f 11355 11375 11376
f 11355 11376 11356
f 11356 11376 11377
f 11356 11377 11357
f 11357 11377 11378
f 11357 11378 11358
f 11358 11378 11379
f 11358 11379 11359
f 11359 11379 11380
f 11359 11380 11360
f 11360 11380 11381
f 11360 11381 11361
f 11361 11381 11382
f 11361 11382 11362
f 11362 11382 11383
f 11362 11383 11363
f 11363 11383 11384
f 11363 11384 11364
f 11364 11384 11385
f 11364 11385 11365
f 11365 11385 11386
f 11365 11386 11366
f 11366 11386 11387
f 11366 11387 11367
f 11367 11387 11388
f 11367 11388 11368
f 11368 11388 11389
f 11368 11389 11369
f 11369 11389 11390
f 11369 11390 11370
f 11370 11390 11391
f 11370 11391 11371
f 11371 11391 11392
f 11372 11393 11373
f 11373 11393 11394
f 11373 11394 11374
f 11374 11394 11395
f 11374 11395 11375
f 11375 11395 11396
f 11375 11396 11376
f 11376 11396 11397
f 11376 11397 11377
f 11377 11397 11398
f 11377 11398 11378
f 11378 11398 11399
f 11378 11399 11379
f 11379 11399 11400
f 11379 11400 11380
f 11380 11400 11401
f 11380 11401 11381
f 11381 11401 11402
f 11381 11402 11382
f 11382 11402 11403
f 11382 11403 11383
f 11383 11403 11404
f 11383 11404 11384
f 11384 11404 11405
f 11384 11405 11385
f 11385 11405 11406
f 11385 11406 11386
f 11386 11406 11407
f 11386 11407 11387
f 11387 11407 11408
f 11387 11408 11388
f 11388 11408 11409
f 11388 11409 11389
f 11389 11409 11410
f 11389 11410 11390
f 11390 11410 11411
f 11390 11411 11391
f 11391 11411 11412
f 11391 11412 11392
f 11392 11412 11413
f 11393 11414 11394
f 11394 11414 11415
f 11394 11415 11395
f 11395 11415 11416
f 11395 11416 11396
f 11396 11416 11417
f 11396 11417 11397
f 11397 11417 11418
f 11397 11418 11398
f 11398 11418 11419
f 11398 11419 11399
f 11399 11419 11420
f 11399 11420 11400
f 11400 11420 11421
f 11400 11421 11401
f 11401 11421 11422
f 11401 11422 11402
f 11402 11422 11423
f 11402 11423 11403
f 11403 11423 11424
f 11403 11424 11404
f 11404 11424 11425
f 11404 11425 11405
f 11405 11425 11426
f 11405 11426 11406
f 11406 11426 11427
f 11406 11427 11407
f 11407 11427 11428
f 11407 11428 11408
f 11408 11428 11429
f 11408 11429 11409
f 11409 11429 11430
f 11409 11430 11410
f 11410 11430 11431
f 11410 11431 11411
f 11411 11431 11432
f 11411 11432 11412
f 11412 11432 11433
f 11412 11433 11413
f 11413 11433 11434
f 11414 11435 11415
f 11415 11435 11436
f 11415 11436 11416
f 11416 11436 11437
f 11416 11437 11417
f 11417 11437 11438
f 11417 11438 11418
f 11418 11438 11439
f 11418 11439 11419
f 11419 11439 11440
f 11419 11440 11420
f 11420 11440 11441
f 11420 11441 11421
f 11421 11441 11442
f 11421 11442 11422
f 11422 11442 11443
f 11422 11443 11423
f 11423 11443 11444
f 11423 11444 11424
f 11424 11444 11445
f 11424 11445 11425
f 11425 11445 11446
f 11425 11446 11426
f 11426 11446 11447
f 11426 11447 11427
f 11427 11447 11448
f 11427 11448 11428
f 11428 11448 11449
f 11428 11449 11429
f 11429 11449 11450
f 11429 11450 11430
f 11430 11450 11451
f 11430 11451 11431
f 11431 11451 11452
f 11431 11452 11432
f 11432 11452 11453
f 11432 11453 11433
f 11433 11453 11454
f 11433 11454 11434
f 11434 11454 11455
f 11435 11456 11436
f 11436 11456 11457
f 11436 11457 11437
f 11437 11457 11458
f 11437 11458 11438
f 11438 11458 11459
f 11438 11459 11439
f 11439 11459 11460
f 11439 11460 11440
f 11440 11460 11461
f 11440 11461 11441
f 11441 11461 11462
f 11441 11462 11442
f 11442 11462 11463
f 11442 11463 11443
f 11443 11463 11464
f 11443 11464 11444
f 11444 11464 11465
f 11444 11465 11445
f 11445 11465 11466
f 11445 11466 11446
f 11446 11466 11467
f 11446 11467 11447
f 11447 11467 11468
f 11447 11468 11448
f 11448 11468 11469
f 11448 11469 11449
f 11449 11469 11470
f 11449 11470 11450
f 11450 11470 11471
f 11450 11471 11451
f 11451 11471 11472
f 11451 11472 11452
f 11452 11472 11473
f 11452 11473 11453
f 11453 11473 11474
f 11453 11474 11454
f 11454 11474 11475
f 11454 11475 11455
f 11455 11475 11476
f 11456 11477 11457
f 11457 11477 11478
f 11457 11478 11458
f 11458 11478 11479
f 11458 11479 11459
f 11459 11479 11480
f 11459 11480 11460
f 11460 11480 11481
f 11460 11481 11461
f 11461 11481 11482
f 11461 11482 11462
f 11462 11482 11483
f 11462 11483 11463
f 11463 11483 11484
f 11463 11484 11464
f 11464 11484 11485
f 11464 11485 11465
f 11465 11485 11486
f 11465 11486 11466
f 11466 11486 11487
f 11466 11487 11467
f 11467 11487 11488
f 11467 11488 11468
f 11468 11488 11489
f 11468 11489 11469
f 11469 11489 11490
f 11469 11490 11470
f 11470 11490 11491
f 11470 11491 11471
f 11471 11491 11492
f 11471 11492 11472
f 11472 11492 11493
f 11472 11493 11473
f 11473 11493 11494
f 11473 11494 11474
f 11474 11494 11495
f 11474 11495 11475
f 11475 11495 11496
f 11475 11496 11476
f 11476 11496 11497
f 11477 11498 11478
f 11478 11498 11499
f 11478 11499 11479
f 11479 11499 11500
f 11479 11500 11480
f 11480 11500 11501
f 11480 11501 11481
f 11481 11501 11502
f 11481 11502 11482
f 11482 11502 11503
f 11482 11503 11483
f 11483 11503 11504
f 11483 11504 11484
f 11484 11504 11505
f 11484 11505 11485
f 11485 11505 11506
f 11485 11506 11486
f 11486 11506 11507
f 11486 11507 11487
f 11487 11507 11508
f 11487 11508 11488
f 11488 11508 11509
f 11488 11509 11489
f 11489 11509 11510
f 11489 11510 11490
f 11490 11510 11511
f 11490 11511 11491
f 11491 11511 11512
f 11491 11512 11492
f 11492 11512 11513
f 11492 11513 11493
f 11493 11513 11514
f 11493 11514 11494
f 11494 11514 11515
f 11494 11515 11495
f 11495 11515 11516
f 11495 11516 11496
f 11496 11516 11517
f 11496 11517 11497
f 11497 11517 11518
f 11498 11519 11499
f 11499 11519 11520
f 11499 11520 11500
f 11500 11520 11521
f 11500 11521 11501
f 11501 11521 11522
f 11501 11522 11502
f 11502 11522 11523
f 11502 11523 11503
f 11503 11523 11524
f 11503 11524 11504
f 11504 11524 11525
f 11504 11525 11505
f 11505 11525 11526
f 11505 11526 11506
f 11506 11526 11527
f 11506 11527 11507
f 11507 11527 11528
f 11507 11528 11508
f 11508 11528 11529
f 11508 11529 11509
f 11509 11529 11530
f 11509 11530 11510
f 11510 11530 11531
f 11510 11531 11511
f 11511 11531 11532
f 11511 11532 11512
f 11512 11532 11533
f 11512 11533 11513
f 11513 11533 11534
f 11513 11534 11514
f 11514 11534 11535
f 11514 11535 11515
f 11515 11535 11536
f 11515 11536 11516
f 11516 11536 11537
f 11516 11537 11517
f 11517 11537 11538
f 11517 11538 11518
f 11518 11538 11539
f 11519 11540 11520
f 11520 11540 11541
f 11520 11541 11521
f 11521 11541 11542
f 11521 11542 11522
f 11522 11542 11543
f 11522 11543 11523
f 11523 11543 11544
f 11523 11544 11524
f 11524 11544 11545
f 11524 11545 11525
f 11525 11545 11546
f 11525 11546 11526
f 11526 11546 11547
f 11526 11547 11527
f 11527 11547 11548
f 11527 11548 11528
f 11528 11548 11549
f 11528 11549 11529
f 11529 11549 11550
f 11529 11550 11530
f 11530 11550 11551
f 11530 11551 11531
f 11531 11551 11552
f 11531 11552 11532
f 11532 11552 11553
f 11532 11553 11533
f 11533 11553 11554
f 11533 11554 11534
f 11534 11554 11555
f 11534 11555 11535
f 11535 11555 11556
f 11535 11556 11536
f 11536 11556 11557
f 11536 11557 11537
f 11537 11557 11558
f 11537 11558 11538
f 11538 11558 11559
f 11538 11559 11539
f 11539 11559 11560
f 11540 11561 11541
f 11541 11562 11542
f 11542 11563 11543
f 11543 11564 11544
f 11544 11565 11545
f 11545 11566 11546
f 11546 11567 11547
f 11547 11568 11548
f 11548 11569 11549
f 11549 11570 11550
f 11550 11571 11551
f 11551 11572 11552
f 11552 11573 11553
f 11553 11574 11554
f 11554 11575 11555
f 11555 11576 11556
f 11556 11577 11557
f 11557 11578 11558
f 11558 11579 11559
f 11559 11580 11560
usemtl body_mid
f 11582 11584 11583
f 11583 11584 11585
f 11584 11586 11585
f 11585 11586 11587
f 11586 11588 11587
f 11587 11588 11589
f 11588 11590 11589
f 11589 11590 11591
f 11590 11592 11591
f 11591 11592 11593
f 11592 11594 11593
f 11593 11594 11595
f 11594 11596 11595
f 11595 11596 11597
f 11596 11598 11597
f 11597 11598 11599
f 11600 11582 11584
f 11601 11585 11583
f 11600 11584 11586
f 11601 11587 11585
f 11600 11586 11588
f 11601 11589 11587
f 11600 11588 11590
f 11601 11591 11589
f 11600 11590 11592
f 11601 11593 11591
f 11600 11592 11594
f 11601 11595 11593
f 11600 11594 11596
f 11601 11597 11595
f 11600 11596 11598
f 11601 11599 11597
usemtl body_dark
f 11603 11623 11624
f 11604 11624 11625
f 11605 11625 11626
f 11606 11626 11627
f 11607 11627 11628
f 11608 11628 11629
f 11609 11629 11630
f 11610 11630 11631
f 11611 11631 11632
f 11612 11632 11633
f 11613 11633 11634
f 11614 11634 11635
f 11615 11635 11636
f 11616 11636 11637
f 11617 11637 11638
f 11618 11638 11639
f 11619 11639 11640
f 11620 11640 11641
f 11621 11641 11642
f 11622 11642 11643
f 11623 11644 11624
f 11624 11644 11645
f 11624 11645 11625
f 11625 11645 11646
f 11625 11646 11626
f 11626 11646 11647
f 11626 11647 11627
f 11627 11647 11648
f 11627 11648 11628
f 11628 11648 11649
f 11628 11649 11629
f 11629 11649 11650
f 11629 11650 11630
f 11630 11650 11651
f 11630 11651 11631
f 11631 11651 11652
f 11631 11652 11632
f 11632 11652 11653
f 11632 11653 11633
f 11633 11653 11654
f 11633 11654 11634
f 11634 11654 11655
f 11634 11655 11635
f 11635 11655 11656
f 11635 11656 11636
f 11636 11656 11657
f 11636 11657 11637
f 11637 11657 11658
f 11637 11658 11638
f 11638 11658 11659
f 11638 11659 11639
f 11639 11659 11660
f 11639 11660 11640
f 11640 11660 11661
f 11640 11661 11641
f 11641 11661 11662
f 11641 11662 11642
f 11642 11662 11663
f 11642 11663 11643
f 11643 11663 11664
f 11644 11665 11645
f 11645 11665 11666
f 11645 11666 11646
f 11646 11666 11667
f 11646 11667 11647
f 11647 11667 11668
f 11647 11668 11648
f 11648 11668 11669
f 11648 11669 11649
f 11649 11669 11670
f 11649 11670 11650
f 11650 11670 11671
f 11650 11671 11651
f 11651 11671 11672
f 11651 11672 11652
f 11652 11672 11673
f 11652 11673 11653
f 11653 11673 11674
f 11653 11674 11654
f 11654 11674 11675
f 11654 11675 11655
f 11655 11675 11676
f 11655 11676 11656
f 11656 11676 11677
f 11656 11677 11657
f 11657 11677 11678
f 11657 11678 11658
f 11658 11678 11679
f 11658 11679 11659
f 11659 11679 11680
f 11659 11680 11660
f 11660 11680 11681
f 11660 11681 11661
f 11661 11681 11682
f 11661 11682 11662
f 11662 11682 11683
f 11662 11683 11663
f 11663 11683 11684
f 11663 11684 11664
f 11664 11684 11685
f 11665 11686 11666
f 11666 11686 11687
f 11666 11687 11667
f 11667 11687 11688
f 11667 11688 11668
f 11668 11688 11689
f 11668 11689 11669
f 11669 11689 11690
f 11669 11690 11670
f 11670 11690 11691
f 11670 11691 11671
f 11671 11691 11692
f 11671 11692 11672
f 11672 11692 11693
f 11672 11693 11673
f 11673 11693 11694
f 11673 11694 11674
f 11674 11694 11695
f 11674 11695 11675
f 11675 11695 11696
f 11675 11696 11676
f 11676 11696 11697
f 11676 11697 11677
f 11677 11697 11698
f 11677 11698 11678
f 11678 11698 11699
f 11678 11699 11679
f 11679 11699 11700
f 11679 11700 11680
f 11680 11700 11701
f 11680 11701 11681
f 11681 11701 11702
f 11681 11702 11682
f 11682 11702 11703
f 11682 11703 11683
f 11683 11703 11704
f 11683 11704 11684
f 11684 11704 11705
f 11684 11705 11685
f 11685 11705 11706
f 11686 11707 11687
f 11687 11707 11708
f 11687 11708 11688
f 11688 11708 11709
f 11688 11709 11689
f 11689 11709 11710
f 11689 11710 11690
f 11690 11710 11711
f 11690 11711 11691
f 11691 11711 11712
f 11691 11712 11692
f 11692 11712 11713
f 11692 11713 11693
f 11693 11713 11714
f 11693 11714 11694
f 11694 11714 11715
f 11694 11715 11695
f 11695 11715 11716
f 11695 11716 11696
f 11696 11716 11717
f 11696 11717 11697
f 11697 11717 11718
f 11697 11718 11698
f 11698 11718 11719
f 11698 11719 11699
f 11699 11719 11720
f 11699 11720 11700
f 11700 11720 11721
f 11700 11721 11701
f 11701 11721 11722
f 11701 11722 11702
f 11702 11722 11723
f 11702 11723 11703
f 11703 11723 11724
f 11703 11724 11704
f 11704 11724 11725
f 11704 11725 11705
f 11705 11725 11726
f 11705 11726 11706
f 11706 11726 11727
f 11707 11728 11708
f 11708 11728 11729
f 11708 11729 11709
f 11709 11729 11730
f 11709 11730 11710
f 11710 11730 11731
f 11710 11731 11711
f 11711 11731 11732
f 11711 11732 11712
f 11712 11732 11733
f 11712 11733 11713
f 11713 11733 11734
f 11713 11734 11714
f 11714 11734 11735
f 11714 11735 11715
f 11715 11735 11736
f 11715 11736 11716
f 11716 11736 11737
f 11716 11737 11717
f 11717 11737 11738
f 11717 11738 11718
f 11718 11738 11739
f 11718 11739 11719
f 11719 11739 11740
f 11719 11740 11720
f 11720 11740 11741
f 11720 11741 11721
f 11721 11741 11742
f 11721 11742 11722
f 11722 11742 11743
f 11722 11743 11723
f 11723 11743 11744
f 11723 11744 11724
f 11724 11744 11745
f 11724 11745 11725
f 11725 11745 11746
f 11725 11746 11726
f 11726 11746 11747
f 11726 11747 11727
f 11727 11747 11748
f 11728 11749 11729
f 11729 11749 11750
f 11729 11750 11730
f 11730 11750 11751
f 11730 11751 11731
f 11731 11751 11752
f 11731 11752 11732
f 11732 11752 11753
f 11732 11753 11733
f 11733 11753 11754
f 11733 11754 11734
f 11734 11754 11755
f 11734 11755 11735
f 11735 11755 11756
f 11735 11756 11736
f 11736 11756 11757
f 11736 11757 11737
f 11737 11757 11758
f 11737 11758 11738
f 11738 11758 11759
f 11738 11759 11739
f 11739 11759 11760
f 11739 11760 11740
f 11740 11760 11761
f 11740 11761 11741
f 11741 11761 11762
f 11741 11762 11742
f 11742 11762 11763
f 11742 11763 11743
f 11743 11763 11764
f 11743 11764 11744
f 11744 11764 11765
f 11744 11765 11745
f 11745 11765 11766
f 11745 11766 11746
f 11746 11766 11767
f 11746 11767 11747
f 11747 11767 11768
f 11747 11768 11748
f 11748 11768 11769
f 11749 11770 11750
f 11750 11770 11771
f 11750 11771 11751
f 11751 11771 11772
f 11751 11772 11752
f 11752 11772 11773
f 11752 11773 11753
f 11753 11773 11774
f 11753 11774 11754
f 11754 11774 11775
f 11754 11775 11755
f 11755 11775 11776
f 11755 11776 11756
f 11756 11776 11777
f 11756 11777 11757
f 11757 11777 11778
f 11757 11778 11758
f 11758 11778 11779
f 11758 11779 11759
f 11759 11779 11780
f 11759 11780 11760
f 11760 11780 11781
f 11760 11781 11761
f 11761 11781 11782
f 11761 11782 11762
f 11762 11782 11783
f 11762 11783 11763
f 11763 11783 11784
f 11763 11784 11764
f 11764 11784 11785
f 11764 11785 11765
f 11765 11785 11786
f 11765 11786 11766
f 11766 11786 11787
f 11766 11787 11767
f 11767 11787 11788
f 11767 11788 11768
f 11768 11788 11789
f 11768 11789 11769
f 11769 11789 11790
f 11770 11791 11771
f 11771 11791 11792
f 11771 11792 11772
f 11772 11792 11793
f 11772 11793 11773
f 11773 11793 11794
f 11773 11794 11774
f 11774 11794 11795
f 11774 11795 11775
f 11775 11795 11796
f 11775 11796 11776
f 11776 11796 11797
f 11776 11797 11777
f 11777 11797 11798
f 11777 11798 11778
f 11778 11798 11799
f 11778 11799 11779
f 11779 11799 11800
f 11779 11800 11780
f 11780 11800 11801
f 11780 11801 11781
f 11781 11801 11802
f 11781 11802 11782
f 11782 11802 11803
f 11782 11803 11783
f 11783 11803 11804
f 11783 11804 11784
f 11784 11804 11805
f 11784 11805 11785
f 11785 11805 11806
f 11785 11806 11786
f 11786 11806 11807
f 11786 11807 11787
f 11787 11807 11808
f 11787 11808 11788
f 11788 11808 11809
f 11788 11809 11789
f 11789 11809 11810
f 11789 11810 11790
f 11790 11810 11811
f 11791 11812 11792
f 11792 11812 11813
f 11792 11813 11793
f 11793 11813 11814
f 11793 11814 11794
f 11794 11814 11815
f 11794 11815 11795
f 11795 11815 11816
f 11795 11816 11796
f 11796 11816 11817
f 11796 11817 11797
f 11797 11817 11818
f 11797 11818 11798
f 11798 11818 11819
f 11798 11819 11799
f 11799 11819 11820
f 11799 11820 11800
f 11800 11820 11821
f 11800 11821 11801
f 11801 11821 11822
f 11801 11822 11802
f 11802 11822 11823
f 11802 11823 11803
f 11803 11823 11824
f 11803 11824 11804
f 11804 11824 11825
f 11804 11825 11805
f 11805 11825 11826
f 11805 11826 11806
f 11806 11826 11827
f 11806 11827 11807
f 11807 11827 11828
f 11807 11828 11808
f 11808 11828 11829
f 11808 11829 11809
f 11809 11829 11830
f 11809 11830 11810
f 11810 11830 11831
f 11810 11831 11811
f 11811 11831 11832
f 11812 11833 11813
f 11813 11833 11834
f 11813 11834 11814
f 11814 11834 11835
f 11814 11835 11815
f 11815 11835 11836
f 11815 11836 11816
f 11816 11836 11837
f 11816 11837 11817
f 11817 11837 11838
f 11817 11838 11818
f 11818 11838 11839
f 11818 11839 11819
f 11819 11839 11840
f 11819 11840 11820
f 11820 11840 11841
f 11820 11841 11821
f 11821 11841 11842
f 11821 11842 11822
f 11822 11842 11843
f 11822 11843 11823
f 11823 11843 11844
f 11823 11844 11824
f 11824 11844 11845
f 11824 11845 11825
f 11825 11845 11846
f 11825 11846 11826
f 11826 11846 11847
f 11826 11847 11827
f 11827 11847 11848
f 11827 11848 11828
f 11828 11848 11849
f 11828 11849 11829
f 11829 11849 11850
f 11829 11850 11830
f 11830 11850 11851
f 11830 11851 11831
f 11831 11851 11852
f 11831 11852 11832
f 11832 11852 11853
f 11833 11854 11834
f 11834 11854 11855
f 11834 11855 11835
f 11835 11855 11856
f 11835 11856 11836
f 11836 11856 11857
f 11836 11857 11837
f 11837 11857 11858
f 11837 11858 11838
f 11838 11858 11859
f 11838 11859 11839
f 11839 11859 11860
f 11839 11860 11840
f 11840 11860 11861
f 11840 11861 11841
f 11841 11861 11862
f 11841 11862 11842
f 11842 11862 11863
f 11842 11863 11843
f 11843 11863 11864
f 11843 11864 11844
f 11844 11864 11865
f 11844 11865 11845
f 11845 11865 11866
f 11845 11866 11846
f 11846 11866 11867
f 11846 11867 11847
f 11847 11867 11868
f 11847 11868 11848
f 11848 11868 11869
f 11848 11869 11849
f 11849 11869 11870
f 11849 11870 11850
f 11850 11870 11871
f 11850 11871 11851
f 11851 11871 11872
f 11851 11872 11852
f 11852 11872 11873
f 11852 11873 11853
f 11853 11873 11874
f 11854 11875 11855
f 11855 11875 11876
f 11855 11876 11856
f 11856 11876 11877
f 11856 11877 11857
f 11857 11877 11878
f 11857 11878 11858
f 11858 11878 11879
f 11858 11879 11859
f 11859 11879 11880
f 11859 11880 11860
f 11860 11880 11881
f 11860 11881 11861
f 11861 11881 11882
f 11861 11882 11862
f 11862 11882 11883
f 11862 11883 11863
f 11863 11883 11884
f 11863 11884 11864
f 11864 11884 11885
f 11864 11885 11865
f 11865 11885 11886
f 11865 11886 11866
f 11866 11886 11887
f 11866 11887 11867
f 11867 11887 11888
f 11867 11888 11868
f 11868 11888 11889
f 11868 11889 11869
f 11869 11889 11890
f 11869 11890 11870
f 11870 11890 11891
f 11870 11891 11871
f 11871 11891 11892
f 11871 11892 11872
f 11872 11892 11893
f 11872 11893 11873
f 11873 11893 11894
f 11873 11894 11874
f 11874 11894 11895
f 11875 11896 11876
f 11876 11897 11877
f 11877 11898 11878
f 11878 11899 11879
f 11879 11900 11880
f 11880 11901 11881
f 11881 11902 11882
f 11882 11903 11883
f 11883 11904 11884
f 11884 11905 11885
f 11885 11906 11886
f 11886 11907 11887
f 11887 11908 11888
f 11888 11909 11889
f 11889 11910 11890
f 11890 11911 11891
f 11891 11912 11892
f 11892 11913 11893
f 11893 11914 11894
f 11894 11915 11895
usemtl body_mid
f 11917 11919 11918
f 11918 11919 11920
f 11919 11921 11920
f 11920 11921 11922
f 11921 11923 11922
f 11922 11923 11924
f 11923 11925 11924
f 11924 11925 11926
f 11925 11927 11926
f 11926 11927 11928
f 11927 11929 11928
f 11928 11929 11930
f 11929 11931 11930
f 11930 11931 11932
f 11931 11933 11932
f 11932 11933 11934
f 11935 11917 11919
f 11936 11920 11918
f 11935 11919 11921
f 11936 11922 11920
f 11935 11921 11923
f 11936 11924 11922
f 11935 11923 11925
f 11936 11926 11924
f 11935 11925 11927
f 11936 11928 11926
f 11935 11927 11929
f 11936 11930 11928
f 11935 11929 11931
f 11936 11932 11930
f 11935 11931 11933
f 11936 11934 11932
usemtl body_dark
f 11938 11958 11959
f 11939 11959 11960
f 11940 11960 11961
f 11941 11961 11962
f 11942 11962 11963
f 11943 11963 11964
f 11944 11964 11965
f 11945 11965 11966
f 11946 11966 11967
f 11947 11967 11968
f 11948 11968 11969
f 11949 11969 11970
f 11950 11970 11971
f 11951 11971 11972
f 11952 11972 11973
f 11953 11973 11974
f 11954 11974 11975
f 11955 11975 11976
f 11956 11976 11977
f 11957 11977 11978
f 11958 11979 11959
f 11959 11979 11980
f 11959 11980 11960
f 11960 11980 11981
f 11960 11981 11961
f 11961 11981 11982
f 11961 11982 11962
f 11962 11982 11983
f 11962 11983 11963
f 11963 11983 11984
f 11963 11984 11964
f 11964 11984 11985
f 11964 11985 11965
f 11965 11985 11986
f 11965 11986 11966
f 11966 11986 11987
f 11966 11987 11967
f 11967 11987 11988
f 11967 11988 11968
f 11968 11988 11989
f 11968 11989 11969
f 11969 11989 11990
f 11969 11990 11970
f 11970 11990 11991
f 11970 11991 11971
f 11971 11991 11992
f 11971 11992 11972
f 11972 11992 11993
f 11972 11993 11973
f 11973 11993 11994
f 11973 11994 11974
f 11974 11994 11995
f 11974 11995 11975
f 11975 11995 11996
f 11975 11996 11976
f 11976 11996 11997
f 11976 11997 11977
f 11977 11997 11998
f 11977 11998 11978
f 11978 11998 11999
f 11979 12000 11980
f 11980 12000 12001
f 11980 12001 11981
f 11981 12001 12002
f 11981 12002 11982
f 11982 12002 12003
f 11982 12003 11983
f 11983 12003 12004
f 11983 12004 11984
f 11984 12004 12005
f 11984 12005 11985
f 11985 12005 12006
f 11985 12006 11986
f 11986 12006 12007
f 11986 12007 11987
f 11987 12007 12008
f 11987 12008 11988
f 11988 12008 12009
f 11988 12009 11989
f 11989 12009 12010
f 11989 12010 11990
f 11990 12010 12011
f 11990 12011 11991
f 11991 12011 12012
f 11991 12012 11992
f 11992 12012 12013
f 11992 12013 11993
f 11993 12013 12014
f 11993 12014 11994
f 11994 12014 12015
f 11994 12015 11995
f 11995 12015 12016
f 11995 12016 11996
f 11996 12016 12017
f 11996 12017 11997
f 11997 12017 12018
f 11997 12018 11998
f 11998 12018 12019
f 11998 12019 11999
f 11999 12019 12020
f 12000 12021 12001
f 12001 12021 12022
f 12001 12022 12002
f 12002 12022 12023
f 12002 12023 12003
f 12003 12023 12024
f 12003 12024 12004
f 12004 12024 12025
f 12004 12025 12005
f 12005 12025 12026
f 12005 12026 12006
f 12006 12026 12027
f 12006 12027 12007
f 12007 12027 12028
f 12007 12028 12008
f 12008 12028 12029
f 12008 12029 12009
f 12009 12029 12030
f 12009 12030 12010
f 12010 12030 12031
f 12010 12031 12011
f 12011 12031 12032
f 12011 12032 12012
f 12012 12032 12033
f 12012 12033 12013
f 12013 12033 12034
f 12013 12034 12014
f 12014 12034 12035
f 12014 12035 12015
f 12015 12035 12036
f 12015 12036 12016
f 12016 12036 12037
f 12016 12037 12017
f 12017 12037 12038
f 12017 12038 12018
f 12018 12038 12039
f 12018 12039 12019
f 12019 12039 12040
f 12019 12040 12020
f 12020 12040 12041
f 12021 12042 12022
f 12022 12042 12043
f 12022 12043 12023
f 12023 12043 12044
f 12023 12044 12024
f 12024 12044 12045
f 12024 12045 12025
f 12025 12045 12046
f 12025 12046 12026
f 12026 12046 12047
f 12026 12047 12027
f 12027 12047 12048
f 12027 12048 12028
f 12028 12048 12049
f 12028 12049 12029
f 12029 12049 12050
f 12029 12050 12030
f 12030 12050 12051
f 12030 12051 12031
f 12031 12051 12052
f 12031 12052 12032
f 12032 12052 12053
f 12032 12053 12033
f 12033 12053 12054
f 12033 12054 12034
f 12034 12054 12055
f 12034 12055 12035
f 12035 12055 12056
f 12035 12056 12036
f 12036 12056 12057
f 12036 12057 12037
f 12037 12057 12058
f 12037 12058 12038
f 12038 12058 12059
f 12038 12059 12039
f 12039 12059 12060
f 12039 12060 12040
f 12040 12060 12061
f 12040 12061 12041
f 12041 12061 12062
f 12042 12063 12043
f 12043 12063 12064
f 12043 12064 12044
f 12044 12064 12065
f 12044 12065 12045
f 12045 12065 12066
f 12045 12066 12046
f 12046 12066 12067
f 12046 12067 12047
f 12047 12067 12068
f 12047 12068 12048
f 12048 12068 12069
f 12048 12069 12049
f 12049 12069 12070
f 12049 12070 12050
f 12050 12070 12071
f 12050 12071 12051
f 12051 12071 12072
f 12051 12072 12052
f 12052 12072 12073
f 12052 12073 12053
f 12053 12073 12074
f 12053 12074 12054
f 12054 12074 12075
f 12054 12075 12055
f 12055 12075 12076
f 12055 12076 12056
f 12056 12076 12077
f 12056 12077 12057
f 12057 12077 12078
f 12057 12078 12058
f 12058 12078 12079
f 12058 12079 12059
f 12059 12079 12080
f 12059 12080 12060
f 12060 12080 12081
f 12060 12081 12061
f 12061 12081 12082
f 12061 12082 12062
f 12062 12082 12083
f 12063 12084 12064
f 12064 12084 12085
f 12064 12085 12065
f 12065 12085 12086
f 12065 12086 12066
f 12066 12086 12087
f 12066 12087 12067
f 12067 12087 12088
f 12067 12088 12068
f 12068 12088 12089
f 12068 12089 12069
f 12069 12089 12090
f 12069 12090 12070
f 12070 12090 12091
f 12070 12091 12071
f 12071 12091 12092
f 12071 12092 12072
f 12072 12092 12093
f 12072 12093 12073
f 12073 12093 12094
f 12073 12094 12074
f 12074 12094 12095
f 12074 12095 12075
f 12075 12095 12096
f 12075 12096 12076
f 12076 12096 12097
f 12076 12097 12077
f 12077 12097 12098
f 12077 12098 12078
f 12078 12098 12099
f 12078 12099 12079
f 12079 12099 12100
f 12079 12100 12080
f 12080 12100 12101
f 12080 12101 12081
f 12081 12101 12102
f 12081 12102 12082
f 12082 12102 12103
f 12082 12103 12083
f 12083 12103 12104
f 12084 12105 12085
f 12085 12105 12106
f 12085 12106 12086
f 12086 12106 12107
f 12086 12107 12087
f 12087 12107 12108
f 12087 12108 12088
f 12088 12108 12109
f 12088 12109 12089
f 12089 12109 12110
f 12089 12110 12090
f 12090 12110 12111
f 12090 12111 12091
f 12091 12111 12112
f 12091 12112 12092
f 12092 12112 12113
f 12092 12113 12093
f 12093 12113 12114
f 12093 12114 12094
f 12094 12114 12115
f 12094 12115 12095
f 12095 12115 12116
f 12095 12116 12096
f 12096 12116 12117
f 12096 12117 12097
f 12097 12117 12118
f 12097 12118 12098
f 12098 12118 12119
f 12098 12119 12099
f 12099 12119 12120
f 12099 12120 12100
f 12100 12120 12121
f 12100 12121 12101
f 12101 12121 12122
f 12101 12122 12102
f 12102 12122 12123
f 12102 12123 12103
f 12103 12123 12124
f 12103 12124 12104
f 12104 12124 12125
f 12105 12126 12106
f 12106 12126 12127
f 12106 12127 12107
f 12107 12127 12128
f 12107 12128 12108
f 12108 12128 12129
f 12108 12129 12109
f 12109 12129 12130
f 12109 12130 12110
f 12110 12130 12131
f 12110 12131 12111
f 12111 12131 12132
f 12111 12132 12112
f 12112 12132 12133
f 12112 12133 12113
f 12113 12133 12134
f 12113 12134 12114
f 12114 12134 12135
f 12114 12135 12115
f 12115 12135 12136
f 12115 12136 12116
f 12116 12136 12137
f 12116 12137 12117
f 12117 12137 12138
f 12117 12138 12118
f 12118 12138 12139
f 12118 12139 12119
f 12119 12139 12140
f 12119 12140 12120
f 12120 12140 12141
f 12120 12141 12121
f 12121 12141 12142
f 12121 12142 12122
f 12122 12142 12143
f 12122 12143 12123
f 12123 12143 12144
f 12123 12144 12124
f 12124 12144 12145
f 12124 12145 12125
f 12125 12145 12146
f 12126 12147 12127
f 12127 12147 12148
f 12127 12148 12128
f 12128 12148 12149
f 12128 12149 12129
f 12129 12149 12150
f 12129 12150 12130
f 12130 12150 12151
f 12130 12151 12131
f 12131 12151 12152
f 12131 12152 12132
f 12132 12152 12153
f 12132 12153 12133
f 12133 12153 12154
f 12133 12154 12134
f 12134 12154 12155
f 12134 12155 12135
f 12135 12155 12156
f 12135 12156 12136
f 12136 12156 12157
f 12136 12157 12137
f 12137 12157 12158
f 12137 12158 12138
f 12138 12158 12159
f 12138 12159 12139
f 12139 12159 12160
f 12139 12160 12140
f 12140 12160 12161
f 12140 12161 12141
f 12141 12161 12162
f 12141 12162 12142
f 12142 12162 12163
f 12142 12163 12143
f 12143 12163 12164
f 12143 12164 12144
f 12144 12164 12165
f 12144 12165 12145
f 12145 12165 12166
f 12145 12166 12146
f 12146 12166 12167
f 12147 12168 12148
f 12148 12168 12169
f 12148 12169 12149
f 12149 12169 12170
f 12149 12170 12150
f 12150 12170 12171
f 12150 12171 12151
f 12151 12171 12172
f 12151 12172 12152
f 12152 12172 12173
f 12152 12173 12153
f 12153 12173 12174
f 12153 12174 12154
f 12154 12174 12175
f 12154 12175 12155
f 12155 12175 12176
f 12155 12176 12156
f 12156 12176 12177
f 12156 12177 12157
f 12157 12177 12178
f 12157 12178 12158
f 12158 12178 12179
f 12158 12179 12159
f 12159 12179 12180
f 12159 12180 12160
f 12160 12180 12181
f 12160 12181 12161
f 12161 12181 12182
f 12161 12182 12162
f 12162 12182 12183
f 12162 12183 12163
f 12163 12183 12184
f 12163 12184 12164
f 12164 12184 12185
f 12164 12185 12165
f 12165 12185 12186
f 12165 12186 12166
f 12166 12186 12187
f 12166 12187 12167
f 12167 12187 12188
f 12168 12189 12169
f 12169 12189 12190
f 12169 12190 12170
f 12170 12190 12191
f 12170 12191 12171
f 12171 12191 12192
f 12171 12192 12172
f 12172 12192 12193
f 12172 12193 12173
f 12173 12193 12194
f 12173 12194 12174
f 12174 12194 12195
f 12174 12195 12175
f 12175 12195 12196
f 12175 12196 12176
f 12176 12196 12197
f 12176 12197 12177
f 12177 12197 12198
f 12177 12198 12178
f 12178 12198 12199
f 12178 12199 12179
f 12179 12199 12200
f 12179 12200 12180
f 12180 12200 12201
f 12180 12201 12181
f 12181 12201 12202
f 12181 12202 12182
f 12182 12202 12203
f 12182 12203 12183
f 12183 12203 12204
f 12183 12204 12184
f 12184 12204 12205
f 12184 12205 12185
f 12185 12205 12206
f 12185 12206 12186
f 12186 12206 12207
f 12186 12207 12187
f 12187 12207 12208
f 12187 12208 12188
f 12188 12208 12209
f 12189 12210 12190
f 12190 12210 12211
f 12190 12211 12191
f 12191 12211 12212
f 12191 12212 12192
f 12192 12212 12213
f 12192 12213 12193
f 12193 12213 12214
f 12193 12214 12194
f 12194 12214 12215
f 12194 12215 12195
f 12195 12215 12216
f 12195 12216 12196
f 12196 12216 12217
f 12196 12217 12197
f 12197 12217 12218
f 12197 12218 12198
f 12198 12218 12219
f 12198 12219 12199
f 12199 12219 12220
f 12199 12220 12200
f 12200 12220 12221
f 12200 12221 12201
f 12201 12221 12222
f 12201 12222 12202
f 12202 12222 12223
f 12202 12223 12203
f 12203 12223 12224
f 12203 12224 12204
f 12204 12224 12225
f 12204 12225 12205
f 12205 12225 12226
f 12205 12226 12206
f 12206 12226 12227
f 12206 12227 12207
f 12207 12227 12228
f 12207 12228 12208
f 12208 12228 12229
f 12208 12229 12209
f 12209 12229 12230
f 12210 12231 12211
f 12211 12232 12212
f 12212 12233 12213
f 12213 12234 12214
f 12214 12235 12215
f 12215 12236 12216
f 12216 12237 12217
f 12217 12238 12218
f 12218 12239 12219
f 12219 12240 12220
f 12220 12241 12221
f 12221 12242 12222
f 12222 12243 12223
f 12223 12244 12224
f 12224 12245 12225
f 12225 12246 12226
f 12226 12247 12227
f 12227 12248 12228
f 12228 12249 12229
f 12229 12250 12230
usemtl body_mid
f 12252 12254 12253
f 12253 12254 12255
f 12254 12256 12255
f 12255 12256 12257
f 12256 12258 12257
f 12257 12258 12259
f 12258 12260 12259
f 12259 12260 12261
f 12260 12262 12261
f 12261 12262 12263
f 12262 12264 12263
f 12263 12264 12265
f 12264 12266 12265
f 12265 12266 12267
f 12266 12268 12267
f 12267 12268 12269
f 12270 12252 12254
f 12271 12255 12253
f 12270 12254 12256
f 12271 12257 12255
f 12270 12256 12258
f 12271 12259 12257
f 12270 12258 12260
f 12271 12261 12259
f 12270 12260 12262
f 12271 12263 12261
f 12270 12262 12264
f 12271 12265 12263
f 12270 12264 12266
f 12271 12267 12265
f 12270 12266 12268
f 12271 12269 12267
usemtl body_dark
f 12273 12293 12294
f 12274 12294 12295
f 12275 12295 12296
f 12276 12296 12297
f 12277 12297 12298
f 12278 12298 12299
f 12279 12299 12300
f 12280 12300 12301
f 12281 12301 12302
f 12282 12302 12303
f 12283 12303 12304
f 12284 12304 12305
f 12285 12305 12306
f 12286 12306 12307
f 12287 12307 12308
f 12288 12308 12309
f 12289 12309 12310
f 12290 12310 12311
f 12291 12311 12312
f 12292 12312 12313
f 12293 12314 12294
f 12294 12314 12315
f 12294 12315 12295
f 12295 12315 12316
f 12295 12316 12296
f 12296 12316 12317
f 12296 12317 12297
f 12297 12317 12318
f 12297 12318 12298
f 12298 12318 12319
f 12298 12319 12299
f 12299 12319 12320
f 12299 12320 12300
f 12300 12320 12321
f 12300 12321 12301
f 12301 12321 12322
f 12301 12322 12302
f 12302 12322 12323
f 12302 12323 12303
f 12303 12323 12324
f 12303 12324 12304
f 12304 12324 12325
f 12304 12325 12305
f 12305 12325 12326
f 12305 12326 12306
f 12306 12326 12327
f 12306 12327 12307
f 12307 12327 12328
f 12307 12328 12308
f 12308 12328 12329
f 12308 12329 12309
f 12309 12329 12330
f 12309 12330 12310
f 12310 12330 12331
f 12310 12331 12311
f 12311 12331 12332
f 12311 12332 12312
f 12312 12332 12333
f 12312 12333 12313
f 12313 12333 12334
f 12314 12335 12315
f 12315 12335 12336
f 12315 12336 12316
f 12316 12336 12337
f 12316 12337 12317
f 12317 12337 12338
f 12317 12338 12318
f 12318 12338 12339
f 12318 12339 12319
f 12319 12339 12340
f 12319 12340 12320
f 12320 12340 12341
f 12320 12341 12321
f 12321 12341 12342
f 12321 12342 12322
f 12322 12342 12343
f 12322 12343 12323
f 12323 12343 12344
f 12323 12344 12324
f 12324 12344 12345
f 12324 12345 12325
f 12325 12345 12346
f 12325 12346 12326
f 12326 12346 12347
f 12326 12347 12327
f 12327 12347 12348
f 12327 12348 12328
f 12328 12348 12349
f 12328 12349 12329
f 12329 12349 12350
f 12329 12350 12330
f 12330 12350 12351
f 12330 12351 12331
f 12331 12351 12352
f 12331 12352 12332
f 12332 12352 12353
f 12332 12353 12333
f 12333 12353 12354
f 12333 12354 12334
f 12334 12354 12355
f 12335 12356 12336
f 12336 12356 12357
f 12336 12357 12337
f 12337 12357 12358
f 12337 12358 12338
f 12338 12358 12359
f 12338 12359 12339
f 12339 12359 12360
f 12339 12360 12340
f 12340 12360 12361
f 12340 12361 12341
f 12341 12361 12362
f 12341 12362 12342
f 12342 12362 12363
f 12342 12363 12343
f 12343 12363 12364
f 12343 12364 12344
f 12344 12364 12365
f 12344 12365 12345
f 12345 12365 12366
f 12345 12366 12346
f 12346 12366 12367
f 12346 12367 12347
f 12347 12367 12368
f 12347 12368 12348
f 12348 12368 12369
f 12348 12369 12349
f 12349 12369 12370
f 12349 12370 12350
f 12350 12370 12371
f 12350 12371 12351
f 12351 12371 12372
f 12351 12372 12352
f 12352 12372 12373
f 12352 12373 12353
f 12353 12373 12374
f 12353 12374 12354
f 12354 12374 12375
f 12354 12375 12355
f 12355 12375 12376
f 12356 12377 12357
f 12357 12377 12378
f 12357 12378 12358
f 12358 12378 12379
f 12358 12379 12359
f 12359 12379 12380
f 12359 12380 12360
f 12360 12380 12381
f 12360 12381 12361
f 12361 12381 12382
f 12361 12382 12362
f 12362 12382 12383
f 12362 12383 12363
f 12363 12383 12384
f 12363 12384 12364
f 12364 12384 12385
f 12364 12385 12365
f 12365 12385 12386
f 12365 12386 12366
f 12366 12386 12387
f 12366 12387 12367
f 12367 12387 12388
f 12367 12388 12368
f 12368 12388 12389
f 12368 12389 12369
f 12369 12389 12390
f 12369 12390 12370
f 12370 12390 12391
f 12370 12391 12371
f 12371 12391 12392
f 12371 12392 12372
f 12372 12392 12393
f 12372 12393 12373
f 12373 12393 12394
f 12373 12394 12374
f 12374 12394 12395
f 12374 12395 12375
f 12375 12395 12396
f 12375 12396 12376
f 12376 12396 12397
f 12377 12398 12378
f 12378 12398 12399
f 12378 12399 12379
f 12379 12399 12400
f 12379 12400 12380
f 12380 12400 12401
f 12380 12401 12381
f 12381 12401 12402
f 12381 12402 12382
f 12382 12402 12403
f 12382 12403 12383
f 12383 12403 12404
f 12383 12404 12384
f 12384 12404 12405
f 12384 12405 12385
f 12385 12405 12406
f 12385 12406 12386
f 12386 12406 12407
f 12386 12407 12387
f 12387 12407 12408
f 12387 12408 12388
f 12388 12408 12409
f 12388 12409 12389
f 12389 12409 12410
f 12389 12410 12390
f 12390 12410 12411
f 12390 12411 12391
f 12391 12411 12412
f 12391 12412 12392
f 12392 12412 12413
f 12392 12413 12393
f 12393 12413 12414
f 12393 12414 12394
f 12394 12414 12415
f 12394 12415 12395
f 12395 12415 12416
f 12395 12416 12396
f 12396 12416 12417
f 12396 12417 12397
f 12397 12417 12418
f 12398 12419 12399
f 12399 12419 12420
f 12399 12420 12400
f 12400 12420 12421
f 12400 12421 12401
f 12401 12421 12422
f 12401 12422 12402
f 12402 12422 12423
f 12402 12423 12403
f 12403 12423 12424
f 12403 12424 12404
f 12404 12424 12425
f 12404 12425 12405
f 12405 12425 12426
f 12405 12426 12406
f 12406 12426 12427
f 12406 12427 12407
f 12407 12427 12428
f 12407 12428 12408
f 12408 12428 12429
f 12408 12429 12409
f 12409 12429 12430
f 12409 12430 12410
f 12410 12430 12431
f 12410 12431 12411
f 12411 12431 12432
f 12411 12432 12412
f 12412 12432 12433
f 12412 12433 12413
f 12413 12433 12434
f 12413 12434 12414
f 12414 12434 12435
f 12414 12435 12415
f 12415 12435 12436
f 12415 12436 12416
f 12416 12436 12437
f 12416 12437 12417
f 12417 12437 12438
f 12417 12438 12418
f 12418 12438 12439
f 12419 12440 12420
f 12420 12440 12441
f 12420 12441 12421
f 12421 12441 12442
f 12421 12442 12422
f 12422 12442 12443
f 12422 12443 12423
f 12423 12443 12444
f 12423 12444 12424
f 12424 12444 12445
f 12424 12445 12425
f 12425 12445 12446
f 12425 12446 12426
f 12426 12446 12447
f 12426 12447 12427
f 12427 12447 12448
f 12427 12448 12428
f 12428 12448 12449
f 12428 12449 12429
f 12429 12449 12450
f 12429 12450 12430
f 12430 12450 12451
f 12430 12451 12431
f 12431 12451 12452
f 12431 12452 12432
f 12432 12452 12453
f 12432 12453 12433
f 12433 12453 12454
f 12433 12454 12434
f 12434 12454 12455
f 12434 12455 12435
f 12435 12455 12456
f 12435 12456 12436
f 12436 12456 12457
f 12436 12457 12437
f 12437 12457 12458
f 12437 12458 12438
f 12438 12458 12459
f 12438 12459 12439
f 12439 12459 12460
f 12440 12461 12441
f 12441 12461 12462
f 12441 12462 12442
f 12442 12462 12463
f 12442 12463 12443
f 12443 12463 12464
f 12443 12464 12444
f 12444 12464 12465
f 12444 12465 12445
f 12445 12465 12466
f 12445 12466 12446
f 12446 12466 12467
f 12446 12467 12447
f 12447 12467 12468
f 12447 12468 12448
f 12448 12468 12469
f 12448 12469 12449
f 12449 12469 12470
f 12449 12470 12450
f 12450 12470 12471
f 12450 12471 12451
f 12451 12471 12472
f 12451 12472 12452
f 12452 12472 12473
f 12452 12473 12453
f 12453 12473 12474
f 12453 12474 12454
f 12454 12474 12475
f 12454 12475 12455
f 12455 12475 12476
f 12455 12476 12456
f 12456 12476 12477
f 12456 12477 12457
f 12457 12477 12478
f 12457 12478 12458
f 12458 12478 12479
f 12458 12479 12459
f 12459 12479 12480
f 12459 12480 12460
f 12460 12480 12481
f 12461 12482 12462
f 12462 12482 12483
f 12462 12483 12463
f 12463 12483 12484
f 12463 12484 12464
f 12464 12484 12485
f 12464 12485 12465
f 12465 12485 12486
f 12465 12486 12466
f 12466 12486 12487
f 12466 12487 12467
f 12467 12487 12488
f 12467 12488 12468
f 12468 12488 12489
f 12468 12489 12469
f 12469 12489 12490
f 12469 12490 12470
f 12470 12490 12491
f 12470 12491 12471
f 12471 12491 12492
f 12471 12492 12472
f 12472 12492 12493
f 12472 12493 12473
f 12473 12493 12494
f 12473 12494 12474
f 12474 12494 12495
f 12474 12495 12475
f 12475 12495 12496
f 12475 12496 12476
f 12476 12496 12497
f 12476 12497 12477
f 12477 12497 12498
f 12477 12498 12478
f 12478 12498 12499
f 12478 12499 12479
f 12479 12499 12500
f 12479 12500 12480
f 12480 12500 12501
f 12480 12501 12481
f 12481 12501 12502
f 12482 12503 12483
f 12483 12503 12504
f 12483 12504 12484
f 12484 12504 12505
f 12484 12505 12485
f 12485 12505 12506
f 12485 12506 12486
f 12486 12506 12507
f 12486 12507 12487
f 12487 12507 12508
f 12487 12508 12488
f 12488 12508 12509
f 12488 12509 12489
f 12489 12509 12510
f 12489 12510 12490
f 12490 12510 12511
f 12490 12511 12491
f 12491 12511 12512
f 12491 12512 12492
f 12492 12512 12513
f 12492 12513 12493
f 12493 12513 12514
f 12493 12514 12494
f 12494 12514 12515
f 12494 12515 12495
f 12495 12515 12516
f 12495 12516 12496
f 12496 12516 12517
f 12496 12517 12497
f 12497 12517 12518
f 12497 12518 12498
f 12498 12518 12519
f 12498 12519 12499
f 12499 12519 12520
f 12499 12520 12500
f 12500 12520 12521
f 12500 12521 12501
f 12501 12521 12522
f 12501 12522 12502
f 12502 12522 12523
f 12503 12524 12504
f 12504 12524 12525
f 12504 12525 12505
f 12505 12525 12526
f 12505 12526 12506
f 12506 12526 12527
f 12506 12527 12507
f 12507 12527 12528
f 12507 12528 12508
f 12508 12528 12529
f 12508 12529 12509
f 12509 12529 12530
f 12509 12530 12510
f 12510 12530 12531
f 12510 12531 12511
f 12511 12531 12532
f 12511 12532 12512
f 12512 12532 12533
f 12512 12533 12513
f 12513 12533 12534
f 12513 12534 12514
f 12514 12534 12535
f 12514 12535 12515
f 12515 12535 12536
f 12515 12536 12516
f 12516 12536 12537
f 12516 12537 12517
f 12517 12537 12538
f 12517 12538 12518
f 12518 12538 12539
f 12518 12539 12519
f 12519 12539 12540
f 12519 12540 12520
f 12520 12540 12541
f 12520 12541 12521
f 12521 12541 12542
f 12521 12542 12522
f 12522 12542 12543
f 12522 12543 12523
f 12523 12543 12544
f 12524 12545 12525
f 12525 12545 12546
f 12525 12546 12526
f 12526 12546 12547
f 12526 12547 12527
f 12527 12547 12548
f 12527 12548 12528
f 12528 12548 12549
f 12528 12549 12529
f 12529 12549 12550
f 12529 12550 12530
f 12530 12550 12551
f 12530 12551 12531
f 12531 12551 12552
f 12531 12552 12532
f 12532 12552 12553
f 12532 12553 12533
f 12533 12553 12554
f 12533 12554 12534
f 12534 12554 12555
f 12534 12555 12535
f 12535 12555 12556
f 12535 12556 12536
f 12536 12556 12557
f 12536 12557 12537
f 12537 12557 12558
f 12537 12558 12538
f 12538 12558 12559
f 12538 12559 12539
f 12539 12559 12560
f 12539 12560 12540
f 12540 12560 12561
f 12540 12561 12541
f 12541 12561 12562
f 12541 12562 12542
f 12542 12562 12563
f 12542 12563 12543
f 12543 12563 12564
f 12543 12564 12544
f 12544 12564 12565
f 12545 12566 12546
f 12546 12567 12547
f 12547 12568 12548
f 12548 12569 12549
f 12549 12570 12550
f 12550 12571 12551
f 12551 12572 12552
f 12552 12573 12553
f 12553 12574 12554
f 12554 12575 12555
f 12555 12576 12556
f 12556 12577 12557
f 12557 12578 12558
f 12558 12579 12559
f 12559 12580 12560
f 12560 12581 12561
f 12561 12582 12562
f 12562 12583 12563
f 12563 12584 12564
f 12564 12585 12565
usemtl body_mid
f 12587 12589 12588
f 12588 12589 12590
f 12589 12591 12590
f 12590 12591 12592
f 12591 12593 12592
f 12592 12593 12594
f 12593 12595 12594
f 12594 12595 12596
f 12595 12597 12596
f 12596 12597 12598
f 12597 12599 12598
f 12598 12599 12600
f 12599 12601 12600
f 12600 12601 12602
f 12601 12603 12602
f 12602 12603 12604
f 12605 12587 12589
f 12606 12590 12588
f 12605 12589 12591
f 12606 12592 12590
f 12605 12591 12593
f 12606 12594 12592
f 12605 12593 12595
f 12606 12596 12594
f 12605 12595 12597
f 12606 12598 12596
f 12605 12597 12599
f 12606 12600 12598
f 12605 12599 12601
f 12606 12602 12600
f 12605 12601 12603
f 12606 12604 12602
usemtl body_dark
f 12608 12628 12629
f 12609 12629 12630
f 12610 12630 12631
f 12611 12631 12632
f 12612 12632 12633
f 12613 12633 12634
f 12614 12634 12635
f 12615 12635 12636
f 12616 12636 12637
f 12617 12637 12638
f 12618 12638 12639
f 12619 12639 12640
f 12620 12640 12641
f 12621 12641 12642
f 12622 12642 12643
f 12623 12643 12644
f 12624 12644 12645
f 12625 12645 12646
f 12626 12646 12647
f 12627 12647 12648
f 12628 12649 12629
f 12629 12649 12650
f 12629 12650 12630
f 12630 12650 12651
f 12630 12651 12631
f 12631 12651 12652
f 12631 12652 12632
f 12632 12652 12653
f 12632 12653 12633
f 12633 12653 12654
f 12633 12654 12634
f 12634 12654 12655
f 12634 12655 12635
f 12635 12655 12656
f 12635 12656 12636
f 12636 12656 12657
f 12636 12657 12637
f 12637 12657 12658
f 12637 12658 12638
f 12638 12658 12659
f 12638 12659 12639
f 12639 12659 12660
f 12639 12660 12640
f 12640 12660 12661
f 12640 12661 12641
f 12641 12661 12662
f 12641 12662 12642
f 12642 12662 12663
f 12642 12663 12643
f 12643 12663 12664
f 12643 12664 12644
f 12644 12664 12665
f 12644 12665 12645
f 12645 12665 12666
f 12645 12666 12646
f 12646 12666 12667
f 12646 12667 12647
f 12647 12667 12668
f 12647 12668 12648
f 12648 12668 12669
f 12649 12670 12650
f 12650 12670 12671
f 12650 12671 12651
f 12651 12671 12672
f 12651 12672 12652
f 12652 12672 12673
f 12652 12673 12653
f 12653 12673 12674
f 12653 12674 12654
f 12654 12674 12675
f 12654 12675 12655
f 12655 12675 12676
f 12655 12676 12656
f 12656 12676 12677
f 12656 12677 12657
f 12657 12677 12678
f 12657 12678 12658
f 12658 12678 12679
f 12658 12679 12659
f 12659 12679 12680
f 12659 12680 12660
f 12660 12680 12681
f 12660 12681 12661
f 12661 12681 12682
f 12661 12682 12662
f 12662 12682 12683
f 12662 12683 12663
f 12663 12683 12684
f 12663 12684 12664
f 12664 12684 12685
f 12664 12685 12665
f 12665 12685 12686
f 12665 12686 12666
f 12666 12686 12687
f 12666 12687 12667
f 12667 12687 12688
f 12667 12688 12668
f 12668 12688 12689
f 12668 12689 12669
f 12669 12689 12690
f 12670 12691 12671
f 12671 12691 12692
f 12671 12692 12672
f 12672 12692 12693
f 12672 12693 12673
f 12673 12693 12694
f 12673 12694 12674
f 12674 12694 12695
f 12674 12695 12675
f 12675 12695 12696
f 12675 12696 12676
f 12676 12696 12697
f 12676 12697 12677
f 12677 12697 12698
f 12677 12698 12678
f 12678 12698 12699
f 12678 12699 12679
f 12679 12699 12700
f 12679 12700 12680
f 12680 12700 12701
f 12680 12701 12681
f 12681 12701 12702
f 12681 12702 12682
f 12682 12702 12703
f 12682 12703 12683
f 12683 12703 12704
f 12683 12704 12684
f 12684 12704 12705
f 12684 12705 12685
f 12685 12705 12706
f 12685 12706 12686
f 12686 12706 12707
f 12686 12707 12687
f 12687 12707 12708
f 12687 12708 12688
f 12688 12708 12709
f 12688 12709 12689
f 12689 12709 12710
f 12689 12710 12690
f 12690 12710 12711
f 12691 12712 12692
f 12692 12712 12713
f 12692 12713 12693
f 12693 12713 12714
f 12693 12714 12694
f 12694 12714 12715
f 12694 12715 12695
f 12695 12715 12716
f 12695 12716 12696
f 12696 12716 12717
f 12696 12717 12697
f 12697 12717 12718
f 12697 12718 12698
f 12698 12718 12719
f 12698 12719 12699
f 12699 12719 12720
f 12699 12720 12700
f 12700 12720 12721
f 12700 12721 12701
f 12701 12721 12722
f 12701 12722 12702
f 12702 12722 12723
f 12702 12723 12703
f 12703 12723 12724
f 12703 12724 12704
f 12704 12724 12725
f 12704 12725 12705
f 12705 12725 12726
f 12705 12726 12706
f 12706 12726 12727
f 12706 12727 12707
f 12707 12727 12728
f 12707 12728 12708
f 12708 12728 12729
f 12708 12729 12709
f 12709 12729 12730
f 12709 12730 12710
f 12710 12730 12731
f 12710 12731 12711
f 12711 12731 12732
f 12712 12733 12713
f 12713 12733 12734
f 12713 12734 12714
f 12714 12734 12735
f 12714 12735 12715
f 12715 12735 12736
f 12715 12736 12716
f 12716 12736 12737
f 12716 12737 12717
f 12717 12737 12738
f 12717 12738 12718
f 12718 12738 12739
f 12718 12739 12719
f 12719 12739 12740
f 12719 12740 12720
f 12720 12740 12741
f 12720 12741 12721
f 12721 12741 12742
f 12721 12742 12722
f 12722 12742 12743
f 12722 12743 12723
f 12723 12743 12744
f 12723 12744 12724
f 12724 12744 12745
f 12724 12745 12725
f 12725 12745 12746
f 12725 12746 12726
f 12726 12746 12747
f 12726 12747 12727
f 12727 12747 12748
f 12727 12748 12728
f 12728 12748 12749
f 12728 12749 12729
f 12729 12749 12750
f 12729 12750 12730
f 12730 12750 12751
f 12730 12751 12731
f 12731 12751 12752
f 12731 12752 12732
f 12732 12752 12753
f 12733 12754 12734
f 12734 12754 12755
f 12734 12755 12735
f 12735 12755 12756
f 12735 12756 12736
f 12736 12756 12757
f 12736 12757 12737
f 12737 12757 12758
f 12737 12758 12738
f 12738 12758 12759
f 12738 12759 12739
f 12739 12759 12760
f 12739 12760 12740
f 12740 12760 12761
f 12740 12761 12741
f 12741 12761 12762
f 12741 12762 12742
f 12742 12762 12763
f 12742 12763 12743
f 12743 12763 12764
f 12743 12764 12744
f 12744 12764 12765
f 12744 12765 12745
f 12745 12765 12766
f 12745 12766 12746
f 12746 12766 12767
f 12746 12767 12747
f 12747 12767 12768
f 12747 12768 12748
f 12748 12768 12769
f 12748 12769 12749
f 12749 12769 12770
f 12749 12770 12750
f 12750 12770 12771
f 12750 12771 12751
f 12751 12771 12772
f 12751 12772 12752
f 12752 12772 12773
f 12752 12773 12753
f 12753 12773 12774
f 12754 12775 12755
f 12755 12775 12776
f 12755 12776 12756
f 12756 12776 12777
f 12756 12777 12757
f 12757 12777 12778
f 12757 12778 12758
f 12758 12778 12779
f 12758 12779 12759
f 12759 12779 12780
f 12759 12780 12760
f 12760 12780 12781
f 12760 12781 12761
f 12761 12781 12782
f 12761 12782 12762
f 12762 12782 12783
f 12762 12783 12763
f 12763 12783 12784
f 12763 12784 12764
f 12764 12784 12785
f 12764 12785 12765
f 12765 12785 12786
f 12765 12786 12766
f 12766 12786 12787
f 12766 12787 12767
f 12767 12787 12788
f 12767 12788 12768
f 12768 12788 12789
f 12768 12789 12769
f 12769 12789 12790
f 12769 12790 12770
f 12770 12790 12791
f 12770 12791 12771
f 12771 12791 12792
f 12771 12792 12772
f 12772 12792 12793
f 12772 12793 12773
f 12773 12793 12794
f 12773 12794 12774
f 12774 12794 12795
f 12775 12796 12776
f 12776 12796 12797
f 12776 12797 12777
f 12777 12797 12798
f 12777 12798 12778
f 12778 12798 12799
f 12778 12799 12779
f 12779 12799 12800
f 12779 12800 12780
f 12780 12800 12801
f 12780 12801 12781
f 12781 12801 12802
f 12781 12802 12782
f 12782 12802 12803
f 12782 12803 12783
f 12783 12803 12804
f 12783 12804 12784
f 12784 12804 12805
f 12784 12805 12785
f 12785 12805 12806
f 12785 12806 12786
f 12786 12806 12807
f 12786 12807 12787
f 12787 12807 12808
f 12787 12808 12788
f 12788 12808 12809
f 12788 12809 12789
f 12789 12809 12810
f 12789 12810 12790
f 12790 12810 12811
f 12790 12811 12791
f 12791 12811 12812
f 12791 12812 12792
f 12792 12812 12813
f 12792 12813 12793
f 12793 12813 12814
f 12793 12814 12794
f 12794 12814 12815
f 12794 12815 12795
f 12795 12815 12816
f 12796 12817 12797
f 12797 12817 12818
f 12797 12818 12798
f 12798 12818 12819
f 12798 12819 12799
f 12799 12819 12820
f 12799 12820 12800
f 12800 12820 12821
f 12800 12821 12801
f 12801 12821 12822
f 12801 12822 12802
f 12802 12822 12823
f 12802 12823 12803
f 12803 12823 12824
f 12803 12824 12804
f 12804 12824 12825
f 12804 12825 12805
f 12805 12825 12826
f 12805 12826 12806
f 12806 12826 12827
f 12806 12827 12807
f 12807 12827 12828
f 12807 12828 12808
f 12808 12828 12829
f 12808 12829 12809
f 12809 12829 12830
f 12809 12830 12810
f 12810 12830 12831
f 12810 12831 12811
f 12811 12831 12832
f 12811 12832 12812
f 12812 12832 12833
f 12812 12833 12813
f 12813 12833 12834
f 12813 12834 12814
f 12814 12834 12835
f 12814 12835 12815
f 12815 12835 12836
f 12815 12836 12816
f 12816 12836 12837
f 12817 12838 12818
f 12818 12838 12839
f 12818 12839 12819
f 12819 12839 12840
f 12819 12840 12820
f 12820 12840 12841
f 12820 12841 12821
f 12821 12841 12842
f 12821 12842 12822
f 12822 12842 12843
f 12822 12843 12823
f 12823 12843 12844
f 12823 12844 12824
f 12824 12844 12845
f 12824 12845 12825
f 12825 12845 12846
f 12825 12846 12826
f 12826 12846 12847
f 12826 12847 12827
f 12827 12847 12848
f 12827 12848 12828
f 12828 12848 12849
f 12828 12849 12829
f 12829 12849 12850
f 12829 12850 12830
f 12830 12850 12851
f 12830 12851 12831
f 12831 12851 12852
f 12831 12852 12832
f 12832 12852 12853
f 12832 12853 12833
f 12833 12853 12854
f 12833 12854 12834
f 12834 12854 12855
f 12834 12855 12835
f 12835 12855 12856
f 12835 12856 12836
f 12836 12856 12857
f 12836 12857 12837
f 12837 12857 12858
f 12838 12859 12839
f 12839 12859 12860
f 12839 12860 12840
f 12840 12860 12861
f 12840 12861 12841
f 12841 12861 12862
f 12841 12862 12842
f 12842 12862 12863
f 12842 12863 12843
f 12843 12863 12864
f 12843 12864 12844
f 12844 12864 12865
f 12844 12865 12845
f 12845 12865 12866
f 12845 12866 12846
f 12846 12866 12867
f 12846 12867 12847
f 12847 12867 12868
f 12847 12868 12848
f 12848 12868 12869
f 12848 12869 12849
f 12849 12869 12870
f 12849 12870 12850
f 12850 12870 12871
f 12850 12871 12851
f 12851 12871 12872
f 12851 12872 12852
f 12852 12872 12873
f 12852 12873 12853
f 12853 12873 12874
f 12853 12874 12854
f 12854 12874 12875
f 12854 12875 12855
f 12855 12875 12876
f 12855 12876 12856
f 12856 12876 12877
f 12856 12877 12857
f 12857 12877 12878
f 12857 12878 12858
f 12858 12878 12879
f 12859 12880 12860
f 12860 12880 12881
f 12860 12881 12861
f 12861 12881 12882
f 12861 12882 12862
f 12862 12882 12883
f 12862 12883 12863
f 12863 12883 12884
f 12863 12884 12864
f 12864 12884 12885
f 12864 12885 12865
f 12865 12885 12886
f 12865 12886 12866
f 12866 12886 12887
f 12866 12887 12867
f 12867 12887 12888
f 12867 12888 12868
f 12868 12888 12889
f 12868 12889 12869
f 12869 12889 12890
f 12869 12890 12870
f 12870 12890 12891
f 12870 12891 12871
f 12871 12891 12892
f 12871 12892 12872
f 12872 12892 12893
f 12872 12893 12873
f 12873 12893 12894
f 12873 12894 12874
f 12874 12894 12895
f 12874 12895 12875
f 12875 12895 12896
f 12875 12896 12876
f 12876 12896 12897
f 12876 12897 12877
f 12877 12897 12898
f 12877 12898 12878
f 12878 12898 12899
f 12878 12899 12879
f 12879 12899 12900
f 12880 12901 12881
f 12881 12902 12882
f 12882 12903 12883
f 12883 12904 12884
f 12884 12905 12885
f 12885 12906 12886
f 12886 12907 12887
f 12887 12908 12888
f 12888 12909 12889
f 12889 12910 12890
f 12890 12911 12891
f 12891 12912 12892
f 12892 12913 12893
f 12893 12914 12894
f 12894 12915 12895
f 12895 12916 12896
f 12896 12917 12897
f 12897 12918 12898
f 12898 12919 12899
f 12899 12920 12900
usemtl body_mid
f 12922 12924 12923
f 12923 12924 12925
f 12924 12926 12925
f 12925 12926 12927
f 12926 12928 12927
f 12927 12928 12929
f 12928 12930 12929
f 12929 12930 12931
f 12930 12932 12931
f 12931 12932 12933
f 12932 12934 12933
f 12933 12934 12935
f 12934 12936 12935
f 12935 12936 12937
f 12936 12938 12937
f 12937 12938 12939
f 12940 12922 12924
f 12941 12925 12923
f 12940 12924 12926
f 12941 12927 12925
f 12940 12926 12928
f 12941 12929 12927
f 12940 12928 12930
f 12941 12931 12929
f 12940 12930 12932
f 12941 12933 12931
f 12940 12932 12934
f 12941 12935 12933
f 12940 12934 12936
f 12941 12937 12935
f 12940 12936 12938
f 12941 12939 12937
usemtl body_dark
f 12943 12963 12964
f 12944 12964 12965
f 12945 12965 12966
f 12946 12966 12967
f 12947 12967 12968
f 12948 12968 12969
f 12949 12969 12970
f 12950 12970 12971
f 12951 12971 12972
f 12952 12972 12973
f 12953 12973 12974
f 12954 12974 12975
f 12955 12975 12976
f 12956 12976 12977
f 12957 12977 12978
f 12958 12978 12979
f 12959 12979 12980
f 12960 12980 12981
f 12961 12981 12982
f 12962 12982 12983
f 12963 12984 12964
f 12964 12984 12985
f 12964 12985 12965
f 12965 12985 12986
f 12965 12986 12966
f 12966 12986 12987
f 12966 12987 12967
f 12967 12987 12988
f 12967 12988 12968
f 12968 12988 12989
f 12968 12989 12969
f 12969 12989 12990
f 12969 12990 12970
f 12970 12990 12991
f 12970 12991 12971
f 12971 12991 12992
f 12971 12992 12972
f 12972 12992 12993
f 12972 12993 12973
f 12973 12993 12994
f 12973 12994 12974
f 12974 12994 12995
f 12974 12995 12975
f 12975 12995 12996
f 12975 12996 12976
f 12976 12996 12997
f 12976 12997 12977
f 12977 12997 12998
f 12977 12998 12978
f 12978 12998 12999
f 12978 12999 12979
f 12979 12999 13000
f 12979 13000 12980
f 12980 13000 13001
f 12980 13001 12981
f 12981 13001 13002
f 12981 13002 12982
f 12982 13002 13003
f 12982 13003 12983
f 12983 13003 13004
f 12984 13005 12985
f 12985 13005 13006
f 12985 13006 12986
f 12986 13006 13007
f 12986 13007 12987
f 12987 13007 13008
f 12987 13008 12988
f 12988 13008 13009
f 12988 13009 12989
f 12989 13009 13010
f 12989 13010 12990
f 12990 13010 13011
f 12990 13011 12991
f 12991 13011 13012
f 12991 13012 12992
f 12992 13012 13013
f 12992 13013 12993
f 12993 13013 13014
f 12993 13014 12994
f 12994 13014 13015
f 12994 13015 12995
f 12995 13015 13016
f 12995 13016 12996
f 12996 13016 13017
f 12996 13017 12997
f 12997 13017 13018
f 12997 13018 12998
f 12998 13018 13019
f 12998 13019 12999
f 12999 13019 13020
f 12999 13020 13000
f 13000 13020 13021
f 13000 13021 13001
f 13001 13021 13022
f 13001 13022 13002
f 13002 13022 13023
f 13002 13023 13003
f 13003 13023 13024
f 13003 13024 13004
f 13004 13024 13025
f 13005 13026 13006
f 13006 13026 13027
f 13006 13027 13007
f 13007 13027 13028
f 13007 13028 13008
f 13008 13028 13029
f 13008 13029 13009
f 13009 13029 13030
f 13009 13030 13010
f 13010 13030 13031
f 13010 13031 13011
f 13011 13031 13032
f 13011 13032 13012
f 13012 13032 13033
f 13012 13033 13013
f 13013 13033 13034
f 13013 13034 13014
f 13014 13034 13035
f 13014 13035 13015
f 13015 13035 13036
f 13015 13036 13016
f 13016 13036 13037
f 13016 13037 13017
f 13017 13037 13038
f 13017 13038 13018
f 13018 13038 13039
f 13018 13039 13019
f 13019 13039 13040
f 13019 13040 13020
f 13020 13040 13041
f 13020 13041 13021
f 13021 13041 13042
f 13021 13042 13022
f 13022 13042 13043
f 13022 13043 13023
f 13023 13043 13044
f 13023 13044 13024
f 13024 13044 13045
f 13024 13045 13025
f 13025 13045 13046
f 13026 13047 13027
f 13027 13047 13048
f 13027 13048 13028
f 13028 13048 13049
f 13028 13049 13029
f 13029 13049 13050
f 13029 13050 13030
f 13030 13050 13051
f 13030 13051 13031
f 13031 13051 13052
f 13031 13052 13032
f 13032 13052 13053
f 13032 13053 13033
f 13033 13053 13054
f 13033 13054 13034
f 13034 13054 13055
f 13034 13055 13035
f 13035 13055 13056
f 13035 13056 13036
f 13036 13056 13057
f 13036 13057 13037
f 13037 13057 13058
f 13037 13058 13038
f 13038 13058 13059
f 13038 13059 13039
f 13039 13059 13060
f 13039 13060 13040
f 13040 13060 13061
f 13040 13061 13041
f 13041 13061 13062
f 13041 13062 13042
f 13042 13062 13063
f 13042 13063 13043
f 13043 13063 13064
f 13043 13064 13044
f 13044 13064 13065
f 13044 13065 13045
f 13045 13065 13066
f 13045 13066 13046
f 13046 13066 13067
f 13047 13068 13048
f 13048 13068 13069
f 13048 13069 13049
f 13049 13069 13070
f 13049 13070 13050
f 13050 13070 13071
f 13050 13071 13051
f 13051 13071 13072
f 13051 13072 13052
f 13052 13072 13073
f 13052 13073 13053
f 13053 13073 13074
f 13053 13074 13054
f 13054 13074 13075
f 13054 13075 13055
f 13055 13075 13076
f 13055 13076 13056
f 13056 13076 13077
f 13056 13077 13057
f 13057 13077 13078
f 13057 13078 13058
f 13058 13078 13079
f 13058 13079 13059
f 13059 13079 13080
f 13059 13080 13060
f 13060 13080 13081
f 13060 13081 13061
f 13061 13081 13082
f 13061 13082 13062
f 13062 13082 13083
f 13062 13083 13063
f 13063 13083 13084
f 13063 13084 13064
f 13064 13084 13085
f 13064 13085 13065
f 13065 13085 13086
f 13065 13086 13066
f 13066 13086 13087
f 13066 13087 13067
f 13067 13087 13088
f 13068 13089 13069
f 13069 13089 13090
f 13069 13090 13070
f 13070 13090 13091
f 13070 13091 13071
f 13071 13091 13092
f 13071 13092 13072
f 13072 13092 13093
f 13072 13093 13073
f 13073 13093 13094
f 13073 13094 13074
f 13074 13094 13095
f 13074 13095 13075
f 13075 13095 13096
f 13075 13096 13076
f 13076 13096 13097
f 13076 13097 13077
f 13077 13097 13098
f 13077 13098 13078
f 13078 13098 13099
f 13078 13099 13079
f 13079 13099 13100
f 13079 13100 13080
f 13080 13100 13101
f 13080 13101 13081
f 13081 13101 13102
f 13081 13102 13082
f 13082 13102 13103
f 13082 13103 13083
f 13083 13103 13104
f 13083 13104 13084
f 13084 13104 13105
f 13084 13105 13085
f 13085 13105 13106
f 13085 13106 13086
f 13086 13106 13107
f 13086 13107 13087
f 13087 13107 13108
f 13087 13108 13088
f 13088 13108 13109
f 13089 13110 13090
f 13090 13110 13111
f 13090 13111 13091
f 13091 13111 13112
f 13091 13112 13092
f 13092 13112 13113
f 13092 13113 13093
f 13093 13113 13114
f 13093 13114 13094
f 13094 13114 13115
f 13094 13115 13095
f 13095 13115 13116
f 13095 13116 13096
f 13096 13116 13117
f 13096 13117 13097
f 13097 13117 13118
f 13097 13118 13098
f 13098 13118 13119
f 13098 13119 13099
f 13099 13119 13120
f 13099 13120 13100
f 13100 13120 13121
f 13100 13121 13101
f 13101 13121 13122
f 13101 13122 13102
f 13102 13122 13123
f 13102 13123 13103
f 13103 13123 13124
f 13103 13124 13104
f 13104 13124 13125
f 13104 13125 13105
f 13105 13125 13126
f 13105 13126 13106
f 13106 13126 13127
f 13106 13127 13107
f 13107 13127 13128
f 13107 13128 13108
f 13108 13128 13129
f 13108 13129 13109
f 13109 13129 13130
f 13110 13131 13111
f 13111 13131 13132
f 13111 13132 13112
f 13112 13132 13133
f 13112 13133 13113
f 13113 13133 13134
f 13113 13134 13114
f 13114 13134 13135
f 13114 13135 13115
f 13115 13135 13136
f 13115 13136 13116
f 13116 13136 13137
f 13116 13137 13117
f 13117 13137 13138
f 13117 13138 13118
f 13118 13138 13139
f 13118 13139 13119
f 13119 13139 13140
f 13119 13140 13120
f 13120 13140 13141
f 13120 13141 13121
f 13121 13141 13142
f 13121 13142 13122
f 13122 13142 13143
f 13122 13143 13123
f 13123 13143 13144
f 13123 13144 13124
f 13124 13144 13145
f 13124 13145 13125
f 13125 13145 13146
f 13125 13146 13126
f 13126 13146 13147
f 13126 13147 13127
f 13127 13147 13148
f 13127 13148 13128
f 13128 13148 13149
f 13128 13149 13129
f 13129 13149 13150
f 13129 13150 13130
f 13130 13150 13151
f 13131 13152 13132
f 13132 13152 13153
f 13132 13153 13133
f 13133 13153 13154
f 13133 13154 13134
f 13134 13154 13155
f 13134 13155 13135
f 13135 13155 13156
f 13135 13156 13136
f 13136 13156 13157
f 13136 13157 13137
f 13137 13157 13158
f 13137 13158 13138
f 13138 13158 13159
f 13138 13159 13139
f 13139 13159 13160
f 13139 13160 13140
f 13140 13160 13161
f 13140 13161 13141
f 13141 13161 13162
f 13141 13162 13142
f 13142 13162 13163
f 13142 13163 13143
f 13143 13163 13164
f 13143 13164 13144
f 13144 13164 13165
f 13144 13165 13145
f 13145 13165 13166
f 13145 13166 13146
f 13146 13166 13167
f 13146 13167 13147
f 13147 13167 13168
f 13147 13168 13148
f 13148 13168 13169
f 13148 13169 13149
f 13149 13169 13170
f 13149 13170 13150
f 13150 13170 13171
f 13150 13171 13151
f 13151 13171 13172
f 13152 13173 13153
f 13153 13173 13174
f 13153 13174 13154
f 13154 13174 13175
f 13154 13175 13155
f 13155 13175 13176
f 13155 13176 13156
f 13156 13176 13177
f 13156 13177 13157
f 13157 13177 13178
f 13157 13178 13158
f 13158 13178 13179
f 13158 13179 13159
f 13159 13179 13180
f 13159 13180 13160
f 13160 13180 13181
f 13160 13181 13161
f 13161 13181 13182
f 13161 13182 13162
f 13162 13182 13183
f 13162 13183 13163
f 13163 13183 13184
f 13163 13184 13164
f 13164 13184 13185
f 13164 13185 13165
f 13165 13185 13186
f 13165 13186 13166
f 13166 13186 13187
f 13166 13187 13167
f 13167 13187 13188
f 13167 13188 13168
f 13168 13188 13189
f 13168 13189 13169
f 13169 13189 13190
f 13169 13190 13170
f 13170 13190 13191
f 13170 13191 13171
f 13171 13191 13192
f 13171 13192 13172
f 13172 13192 13193
f 13173 13194 13174
f 13174 13194 13195
f 13174 13195 13175
f 13175 13195 13196
f 13175 13196 13176
f 13176 13196 13197
f 13176 13197 13177
f 13177 13197 13198
f 13177 13198 13178
f 13178 13198 13199
f 13178 13199 13179
f 13179 13199 13200
f 13179 13200 13180
f 13180 13200 13201
f 13180 13201 13181
f 13181 13201 13202
f 13181 13202 13182
f 13182 13202 13203
f 13182 13203 13183
f 13183 13203 13204
f 13183 13204 13184
f 13184 13204 13205
f 13184 13205 13185
f 13185 13205 13206
f 13185 13206 13186
f 13186 13206 13207
f 13186 13207 13187
f 13187 13207 13208
f 13187 13208 13188
f 13188 13208 13209
f 13188 13209 13189
f 13189 13209 13210
f 13189 13210 13190
f 13190 13210 13211
f 13190 13211 13191
f 13191 13211 13212
f 13191 13212 13192
f 13192 13212 13213
f 13192 13213 13193
f 13193 13213 13214
f 13194 13215 13195
f 13195 13215 13216
f 13195 13216 13196
f 13196 13216 13217
f 13196 13217 13197
f 13197 13217 13218
f 13197 13218 13198
f 13198 13218 13219
f 13198 13219 13199
f 13199 13219 13220
f 13199 13220 13200
f 13200 13220 13221
f 13200 13221 13201
f 13201 13221 13222
f 13201 13222 13202
f 13202 13222 13223
f 13202 13223 13203
f 13203 13223 13224
f 13203 13224 13204
f 13204 13224 13225
f 13204 13225 13205
f 13205 13225 13226
f 13205 13226 13206
f 13206 13226 13227
f 13206 13227 13207
f 13207 13227 13228
f 13207 13228 13208
f 13208 13228 13229
f 13208 13229 13209
f 13209 13229 13230
f 13209 13230 13210
f 13210 13230 13231
f 13210 13231 13211
f 13211 13231 13232
f 13211 13232 13212
f 13212 13232 13233
f 13212 13233 13213
f 13213 13233 13234
f 13213 13234 13214
f 13214 13234 13235
f 13215 13236 13216
f 13216 13237 13217
f 13217 13238 13218
f 13218 13239 13219
f 13219 13240 13220
f 13220 13241 13221
f 13221 13242 13222
f 13222 13243 13223
f 13223 13244 13224
f 13224 13245 13225
f 13225 13246 13226
f 13226 13247 13227
f 13227 13248 13228
f 13228 13249 13229
f 13229 13250 13230
f 13230 13251 13231
f 13231 13252 13232
f 13232 13253 13233
f 13233 13254 13234
f 13234 13255 13235
usemtl body_mid
f 13257 13259 13258
f 13258 13259 13260
f 13259 13261 13260
f 13260 13261 13262
f 13261 13263 13262
f 13262 13263 13264
f 13263 13265 13264
f 13264 13265 13266
f 13265 13267 13266
f 13266 13267 13268
f 13267 13269 13268
f 13268 13269 13270
f 13269 13271 13270
f 13270 13271 13272
f 13271 13273 13272
f 13272 13273 13274
f 13275 13257 13259
f 13276 13260 13258
f 13275 13259 13261
f 13276 13262 13260
f 13275 13261 13263
f 13276 13264 13262
f 13275 13263 13265
f 13276 13266 13264
f 13275 13265 13267
f 13276 13268 13266
f 13275 13267 13269
f 13276 13270 13268
f 13275 13269 13271
f 13276 13272 13270
f 13275 13271 13273
f 13276 13274 13272
usemtl body_dark
f 13278 13298 13299
f 13279 13299 13300
f 13280 13300 13301
f 13281 13301 13302
f 13282 13302 13303
f 13283 13303 13304
f 13284 13304 13305
f 13285 13305 13306
f 13286 13306 13307
f 13287 13307 13308
f 13288 13308 13309
f 13289 13309 13310
f 13290 13310 13311
f 13291 13311 13312
f 13292 13312 13313
f 13293 13313 13314
f 13294 13314 13315
f 13295 13315 13316
f 13296 13316 13317
f 13297 13317 13318
f 13298 13319 13299
f 13299 13319 13320
f 13299 13320 13300
f 13300 13320 13321
f 13300 13321 13301
f 13301 13321 13322
f 13301 13322 13302
f 13302 13322 13323
f 13302 13323 13303
f 13303 13323 13324
f 13303 13324 13304
f 13304 13324 13325
f 13304 13325 13305
f 13305 13325 13326
f 13305 13326 13306
f 13306 13326 13327
f 13306 13327 13307
f 13307 13327 13328
f 13307 13328 13308
f 13308 13328 13329
f 13308 13329 13309
f 13309 13329 13330
f 13309 13330 13310
f 13310 13330 13331
f 13310 13331 13311
f 13311 13331 13332
f 13311 13332 13312
f 13312 13332 13333
f 13312 13333 13313
f 13313 13333 13334
f 13313 13334 13314
f 13314 13334 13335
f 13314 13335 13315
f 13315 13335 13336
f 13315 13336 13316
f 13316 13336 13337
f 13316 13337 13317
f 13317 13337 13338
f 13317 13338 13318
f 13318 13338 13339
f 13319 13340 13320
f 13320 13340 13341
f 13320 13341 13321
f 13321 13341 13342
f 13321 13342 13322
f 13322 13342 13343
f 13322 13343 13323
f 13323 13343 13344
f 13323 13344 13324
f 13324 13344 13345
f 13324 13345 13325
f 13325 13345 13346
f 13325 13346 13326
f 13326 13346 13347
f 13326 13347 13327
f 13327 13347 13348
f 13327 13348 13328
f 13328 13348 13349
f 13328 13349 13329
f 13329 13349 13350
f 13329 13350 13330
f 13330 13350 13351
f 13330 13351 13331
f 13331 13351 13352
f 13331 13352 13332
f 13332 13352 13353
f 13332 13353 13333
f 13333 13353 13354
f 13333 13354 13334
f 13334 13354 13355
f 13334 13355 13335
f 13335 13355 13356
f 13335 13356 13336
f 13336 13356 13357
f 13336 13357 13337
f 13337 13357 13358
f 13337 13358 13338
f 13338 13358 13359
f 13338 13359 13339
f 13339 13359 13360
f 13340 13361 13341
f 13341 13361 13362
f 13341 13362 13342
f 13342 13362 13363
f 13342 13363 13343
f 13343 13363 13364
f 13343 13364 13344
f 13344 13364 13365
f 13344 13365 13345
f 13345 13365 13366
f 13345 13366 13346
f 13346 13366 13367
f 13346 13367 13347
f 13347 13367 13368
f 13347 13368 13348
f 13348 13368 13369
f 13348 13369 13349
f 13349 13369 13370
f 13349 13370 13350
f 13350 13370 13371
f 13350 13371 13351
f 13351 13371 13372
f 13351 13372 13352
f 13352 13372 13373
f 13352 13373 13353
f 13353 13373 13374
f 13353 13374 13354
f 13354 13374 13375
f 13354 13375 13355
f 13355 13375 13376
f 13355 13376 13356
f 13356 13376 13377
f 13356 13377 13357
f 13357 13377 13378
f 13357 13378 13358
f 13358 13378 13379
f 13358 13379 13359
f 13359 13379 13380
f 13359 13380 13360
f 13360 13380 13381
f 13361 13382 13362
f 13362 13382 13383
f 13362 13383 13363
f 13363 13383 13384
f 13363 13384 13364
f 13364 13384 13385
f 13364 13385 13365
f 13365 13385 13386
f 13365 13386 13366
f 13366 13386 13387
f 13366 13387 13367
f 13367 13387 13388
f 13367 13388 13368
f 13368 13388 13389
f 13368 13389 13369
f 13369 13389 13390
f 13369 13390 13370
f 13370 13390 13391
f 13370 13391 13371
f 13371 13391 13392
f 13371 13392 13372
f 13372 13392 13393
f 13372 13393 13373
f 13373 13393 13394
f 13373 13394 13374
f 13374 13394 13395
f 13374 13395 13375
f 13375 13395 13396
f 13375 13396 13376
f 13376 13396 13397
f 13376 13397 13377
f 13377 13397 13398
f 13377 13398 13378
f 13378 13398 13399
f 13378 13399 13379
f 13379 13399 13400
f 13379 13400 13380
f 13380 13400 13401
f 13380 13401 13381
f 13381 13401 13402
f 13382 13403 13383
f 13383 13403 13404
f 13383 13404 13384
f 13384 13404 13405
f 13384 13405 13385
f 13385 13405 13406
f 13385 13406 13386
f 13386 13406 13407
f 13386 13407 13387
f 13387 13407 13408
f 13387 13408 13388
f 13388 13408 13409
f 13388 13409 13389
f 13389 13409 13410
f 13389 13410 13390
f 13390 13410 13411
f 13390 13411 13391
f 13391 13411 13412
f 13391 13412 13392
f 13392 13412 13413
f 13392 13413 13393
f 13393 13413 13414
f 13393 13414 13394
f 13394 13414 13415
f 13394 13415 13395
f 13395 13415 13416
f 13395 13416 13396
f 13396 13416 13417
f 13396 13417 13397
f 13397 13417 13418
f 13397 13418 13398
f 13398 13418 13419
f 13398 13419 13399
f 13399 13419 13420
f 13399 13420 13400
f 13400 13420 13421
f 13400 13421 13401
f 13401 13421 13422
f 13401 13422 13402
f 13402 13422 13423
f 13403 13424 13404
f 13404 13424 13425
f 13404 13425 13405
f 13405 13425 13426
f 13405 13426 13406
f 13406 13426 13427
f 13406 13427 13407
f 13407 13427 13428
f 13407 13428 13408
f 13408 13428 13429
f 13408 13429 13409
f 13409 13429 13430
f 13409 13430 13410
f 13410 13430 13431
f 13410 13431 13411
f 13411 13431 13432
f 13411 13432 13412
f 13412 13432 13433
f 13412 13433 13413
f 13413 13433 13434
f 13413 13434 13414
f 13414 13434 13435
f 13414 13435 13415
f 13415 13435 13436
f 13415 13436 13416
f 13416 13436 13437
f 13416 13437 13417
f 13417 13437 13438
f 13417 13438 13418
f 13418 13438 13439
f 13418 13439 13419
f 13419 13439 13440
f 13419 13440 13420
f 13420 13440 13441
f 13420 13441 13421
f 13421 13441 13442
f 13421 13442 13422
f 13422 13442 13443
f 13422 13443 13423
f 13423 13443 13444
f 13424 13445 13425
f 13425 13445 13446
f 13425 13446 13426
f 13426 13446 13447
f 13426 13447 13427
f 13427 13447 13448
f 13427 13448 13428
f 13428 13448 13449
f 13428 13449 13429
f 13429 13449 13450
f 13429 13450 13430
f 13430 13450 13451
f 13430 13451 13431
f 13431 13451 13452
f 13431 13452 13432
f 13432 13452 13453
f 13432 13453 13433
f 13433 13453 13454
f 13433 13454 13434
f 13434 13454 13455
f 13434 13455 13435
f 13435 13455 13456
f 13435 13456 13436
f 13436 13456 13457
f 13436 13457 13437
f 13437 13457 13458
f 13437 13458 13438
f 13438 13458 13459
f 13438 13459 13439
f 13439 13459 13460
f 13439 13460 13440
f 13440 13460 13461
f 13440 13461 13441
f 13441 13461 13462
f 13441 13462 13442
f 13442 13462 13463
f 13442 13463 13443
f 13443 13463 13464
f 13443 13464 13444
f 13444 13464 13465
f 13445 13466 13446
f 13446 13466 13467
f 13446 13467 13447
f 13447 13467 13468
f 13447 13468 13448
f 13448 13468 13469
f 13448 13469 13449
f 13449 13469 13470
f 13449 13470 13450
f 13450 13470 13471
f 13450 13471 13451
f 13451 13471 13472
f 13451 13472 13452
f 13452 13472 13473
f 13452 13473 13453
f 13453 13473 13474
f 13453 13474 13454
f 13454 13474 13475
f 13454 13475 13455
f 13455 13475 13476
f 13455 13476 13456
f 13456 13476 13477
f 13456 13477 13457
f 13457 13477 13478
f 13457 13478 13458
f 13458 13478 13479
f 13458 13479 13459
f 13459 13479 13480
f 13459 13480 13460
f 13460 13480 13481
f 13460 13481 13461
f 13461 13481 13482
f 13461 13482 13462
f 13462 13482 13483
f 13462 13483 13463
f 13463 13483 13484
f 13463 13484 13464
f 13464 13484 13485
f 13464 13485 13465
f 13465 13485 13486
f 13466 13487 13467
f 13467 13487 13488
f 13467 13488 13468
f 13468 13488 13489
f 13468 13489 13469
f 13469 13489 13490
f 13469 13490 13470
f 13470 13490 13491
f 13470 13491 13471
f 13471 13491 13492
f 13471 13492 13472
f 13472 13492 13493
f 13472 13493 13473
f 13473 13493 13494
f 13473 13494 13474
f 13474 13494 13495
f 13474 13495 13475
f 13475 13495 13496
f 13475 13496 13476
f 13476 13496 13497
f 13476 13497 13477
f 13477 13497 13498
f 13477 13498 13478
f 13478 13498 13499
f 13478 13499 13479
f 13479 13499 13500
f 13479 13500 13480
f 13480 13500 13501
f 13480 13501 13481
f 13481 13501 13502
f 13481 13502 13482
f 13482 13502 13503
f 13482 13503 13483
f 13483 13503 13504
f 13483 13504 13484
f 13484 13504 13505
f 13484 13505 13485
f 13485 13505 13506
f 13485 13506 13486
f 13486 13506 13507
f 13487 13508 13488
f 13488 13508 13509
f 13488 13509 13489
f 13489 13509 13510
f 13489 13510 13490
f 13490 13510 13511
f 13490 13511 13491
f 13491 13511 13512
f 13491 13512 13492
f 13492 13512 13513
f 13492 13513 13493
f 13493 13513 13514
f 13493 13514 13494
f 13494 13514 13515
f 13494 13515 13495
f 13495 13515 13516
f 13495 13516 13496
f 13496 13516 13517
f 13496 13517 13497
f 13497 13517 13518
f 13497 13518 13498
f 13498 13518 13519
f 13498 13519 13499
f 13499 13519 13520
f 13499 13520 13500
f 13500 13520 13521
f 13500 13521 13501
f 13501 13521 13522
f 13501 13522 13502
f 13502 13522 13523
f 13502 13523 13503
f 13503 13523 13524
f 13503 13524 13504
f 13504 13524 13525
f 13504 13525 13505
f 13505 13525 13526
f 13505 13526 13506
f 13506 13526 13527
f 13506 13527 13507
f 13507 13527 13528
f 13508 13529 13509
f 13509 13529 13530
f 13509 13530 13510
f 13510 13530 13531
f 13510 13531 13511
f 13511 13531 13532
f 13511 13532 13512
f 13512 13532 13533
f 13512 13533 13513
f 13513 13533 13534
f 13513 13534 13514
f 13514 13534 13535
f 13514 13535 13515
f 13515 13535 13536
f 13515 13536 13516
f 13516 13536 13537
f 13516 13537 13517
f 13517 13537 13538
f 13517 13538 13518
f 13518 13538 13539
f 13518 13539 13519
f 13519 13539 13540
f 13519 13540 13520
f 13520 13540 13541
f 13520 13541 13521
f 13521 13541 13542
f 13521 13542 13522
f 13522 13542 13543
f 13522 13543 13523
f 13523 13543 13544
f 13523 13544 13524
f 13524 13544 13545
f 13524 13545 13525
f 13525 13545 13546
f 13525 13546 13526
f 13526 13546 13547
f 13526 13547 13527
f 13527 13547 13548
f 13527 13548 13528
f 13528 13548 13549
f 13529 13550 13530
f 13530 13550 13551
f 13530 13551 13531
f 13531 13551 13552
f 13531 13552 13532
f 13532 13552 13553
f 13532 13553 13533
f 13533 13553 13554
f 13533 13554 13534
f 13534 13554 13555
f 13534 13555 13535
f 13535 13555 13556
f 13535 13556 13536
f 13536 13556 13557
f 13536 13557 13537
f 13537 13557 13558
f 13537 13558 13538
f 13538 13558 13559
f 13538 13559 13539
f 13539 13559 13560
f 13539 13560 13540
f 13540 13560 13561
f 13540 13561 13541
f 13541 13561 13562
f 13541 13562 13542
f 13542 13562 13563
f 13542 13563 13543
f 13543 13563 13564
f 13543 13564 13544
f 13544 13564 13565
f 13544 13565 13545
f 13545 13565 13566
f 13545 13566 13546
f 13546 13566 13567
f 13546 13567 13547
f 13547 13567 13568
f 13547 13568 13548
f 13548 13568 13569
f 13548 13569 13549
f 13549 13569 13570
f 13550 13571 13551
f 13551 13572 13552
f 13552 13573 13553
f 13553 13574 13554
f 13554 13575 13555
f 13555 13576 13556
f 13556 13577 13557
f 13557 13578 13558
f 13558 13579 13559
f 13559 13580 13560
f 13560 13581 13561
f 13561 13582 13562
f 13562 13583 13563
f 13563 13584 13564
f 13564 13585 13565
f 13565 13586 13566
f 13566 13587 13567
f 13567 13588 13568
f 13568 13589 13569
f 13569 13590 13570
usemtl body_mid
f 13592 13594 13593
f 13593 13594 13595
f 13594 13596 13595
f 13595 13596 13597
f 13596 13598 13597
f 13597 13598 13599
f 13598 13600 13599
f 13599 13600 13601
f 13600 13602 13601
f 13601 13602 13603
f 13602 13604 13603
f 13603 13604 13605
f 13604 13606 13605
f 13605 13606 13607
f 13606 13608 13607
f 13607 13608 13609
f 13610 13592 13594
f 13611 13595 13593
f 13610 13594 13596
f 13611 13597 13595
f 13610 13596 13598
f 13611 13599 13597
f 13610 13598 13600
f 13611 13601 13599
f 13610 13600 13602
f 13611 13603 13601
f 13610 13602 13604
f 13611 13605 13603
f 13610 13604 13606
f 13611 13607 13605
f 13610 13606 13608
f 13611 13609 13607
usemtl body_dark
f 13613 13633 13634
f 13614 13634 13635
f 13615 13635 13636
f 13616 13636 13637
f 13617 13637 13638
f 13618 13638 13639
f 13619 13639 13640
f 13620 13640 13641
f 13621 13641 13642
f 13622 13642 13643
f 13623 13643 13644
f 13624 13644 13645
f 13625 13645 13646
f 13626 13646 13647
f 13627 13647 13648
f 13628 13648 13649
f 13629 13649 13650
f 13630 13650 13651
f 13631 13651 13652
f 13632 13652 13653
f 13633 13654 13634
f 13634 13654 13655
f 13634 13655 13635
f 13635 13655 13656
f 13635 13656 13636
f 13636 13656 13657
f 13636 13657 13637
f 13637 13657 13658
f 13637 13658 13638
f 13638 13658 13659
f 13638 13659 13639
f 13639 13659 13660
f 13639 13660 13640
f 13640 13660 13661
f 13640 13661 13641
f 13641 13661 13662
f 13641 13662 13642
f 13642 13662 13663
f 13642 13663 13643
f 13643 13663 13664
f 13643 13664 13644
f 13644 13664 13665
f 13644 13665 13645
f 13645 13665 13666
f 13645 13666 13646
f 13646 13666 13667
f 13646 13667 13647
f 13647 13667 13668
f 13647 13668 13648
f 13648 13668 13669
f 13648 13669 13649
f 13649 13669 13670
f 13649 13670 13650
f 13650 13670 13671
f 13650 13671 13651
f 13651 13671 13672
f 13651 13672 13652
f 13652 13672 13673
f 13652 13673 13653
f 13653 13673 13674
f 13654 13675 13655
f 13655 13675 13676
f 13655 13676 13656
f 13656 13676 13677
f 13656 13677 13657
f 13657 13677 13678
f 13657 13678 13658
f 13658 13678 13679
f 13658 13679 13659
f 13659 13679 13680
f 13659 13680 13660
f 13660 13680 13681
f 13660 13681 13661
f 13661 13681 13682
f 13661 13682 13662
f 13662 13682 13683
f 13662 13683 13663
f 13663 13683 13684
f 13663 13684 13664
f 13664 13684 13685
f 13664 13685 13665
f 13665 13685 13686
f 13665 13686 13666
f 13666 13686 13687
f 13666 13687 13667
f 13667 13687 13688
f 13667 13688 13668
f 13668 13688 13689
f 13668 13689 13669
f 13669 13689 13690
f 13669 13690 13670
f 13670 13690 13691
f 13670 13691 13671
f 13671 13691 13692
f 13671 13692 13672
f 13672 13692 13693
f 13672 13693 13673
f 13673 13693 13694
f 13673 13694 13674
f 13674 13694 13695
f 13675 13696 13676
f 13676 13696 13697
f 13676 13697 13677
f 13677 13697 13698
f 13677 13698 13678
f 13678 13698 13699
f 13678 13699 13679
f 13679 13699 13700
f 13679 13700 13680
f 13680 13700 13701
f 13680 13701 13681
f 13681 13701 13702
f 13681 13702 13682
f 13682 13702 13703
f 13682 13703 13683
f 13683 13703 13704
f 13683 13704 13684
f 13684 13704 13705
f 13684 13705 13685
f 13685 13705 13706
f 13685 13706 13686
f 13686 13706 13707
f 13686 13707 13687
f 13687 13707 13708
f 13687 13708 13688
f 13688 13708 13709
f 13688 13709 13689
f 13689 13709 13710
f 13689 13710 13690
f 13690 13710 13711
f 13690 13711 13691
f 13691 13711 13712
f 13691 13712 13692
f 13692 13712 13713
f 13692 13713 13693
f 13693 13713 13714
f 13693 13714 13694
f 13694 13714 13715
f 13694 13715 13695
f 13695 13715 13716
f 13696 13717 13697
f 13697 13717 13718
f 13697 13718 13698
f 13698 13718 13719
f 13698 13719 13699
f 13699 13719 13720
f 13699 13720 13700
f 13700 13720 13721
f 13700 13721 13701
f 13701 13721 13722
f 13701 13722 13702
f 13702 13722 13723
f 13702 13723 13703
f 13703 13723 13724
f 13703 13724 13704
f 13704 13724 13725
f 13704 13725 13705
f 13705 13725 13726
f 13705 13726 13706
f 13706 13726 13727
f 13706 13727 13707
f 13707 13727 13728
f 13707 13728 13708
f 13708 13728 13729
f 13708 13729 13709
f 13709 13729 13730
f 13709 13730 13710
f 13710 13730 13731
f 13710 13731 13711
f 13711 13731 13732
f 13711 13732 13712
f 13712 13732 13733
f 13712 13733 13713
f 13713 13733 13734
f 13713 13734 13714
f 13714 13734 13735
f 13714 13735 13715
f 13715 13735 13736
f 13715 13736 13716
f 13716 13736 13737
f 13717 13738 13718
f 13718 13738 13739
f 13718 13739 13719
f 13719 13739 13740
f 13719 13740 13720
f 13720 13740 13741
f 13720 13741 13721
f 13721 13741 13742
f 13721 13742 13722
f 13722 13742 13743
f 13722 13743 13723
f 13723 13743 13744
f 13723 13744 13724
f 13724 13744 13745
f 13724 13745 13725
f 13725 13745 13746
f 13725 13746 13726
f 13726 13746 13747
f 13726 13747 13727
f 13727 13747 13748
f 13727 13748 13728
f 13728 13748 13749
f 13728 13749 13729
f 13729 13749 13750
f 13729 13750 13730
f 13730 13750 13751
f 13730 13751 13731
f 13731 13751 13752
f 13731 13752 13732
f 13732 13752 13753
f 13732 13753 13733
f 13733 13753 13754
f 13733 13754 13734
f 13734 13754 13755
f 13734 13755 13735
f 13735 13755 13756
f 13735 13756 13736
f 13736 13756 13757
f 13736 13757 13737
f 13737 13757 13758
f 13738 13759 13739
f 13739 13759 13760
f 13739 13760 13740
f 13740 13760 13761
f 13740 13761 13741
f 13741 13761 13762
f 13741 13762 13742
f 13742 13762 13763
f 13742 13763 13743
f 13743 13763 13764
f 13743 13764 13744
f 13744 13764 13765
f 13744 13765 13745
f 13745 13765 13766
f 13745 13766 13746
f 13746 13766 13767
f 13746 13767 13747
f 13747 13767 13768
f 13747 13768 13748
f 13748 13768 13769
f 13748 13769 13749
f 13749 13769 13770
f 13749 13770 13750
f 13750 13770 13771
f 13750 13771 13751
f 13751 13771 13772
f 13751 13772 13752
f 13752 13772 13773
f 13752 13773 13753
f 13753 13773 13774
f 13753 13774 13754
f 13754 13774 13775
f 13754 13775 13755
f 13755 13775 13776
f 13755 13776 13756
f 13756 13776 13777
f 13756 13777 13757
f 13757 13777 13778
f 13757 13778 13758
f 13758 13778 13779
f 13759 13780 13760
f 13760 13780 13781
f 13760 13781 13761
f 13761 13781 13782
f 13761 13782 13762
f 13762 13782 13783
f 13762 13783 13763
f 13763 13783 13784
f 13763 13784 13764
f 13764 13784 13785
f 13764 13785 13765
f 13765 13785 13786
f 13765 13786 13766
f 13766 13786 13787
f 13766 13787 13767
f 13767 13787 13788
f 13767 13788 13768
f 13768 13788 13789
f 13768 13789 13769
f 13769 13789 13790
f 13769 13790 13770
f 13770 13790 13791
f 13770 13791 13771
f 13771 13791 13792
f 13771 13792 13772
f 13772 13792 13793
f 13772 13793 13773
f 13773 13793 13794
f 13773 13794 13774
f 13774 13794 13795
f 13774 13795 13775
f 13775 13795 13796
f 13775 13796 13776
f 13776 13796 13797
f 13776 13797 13777
f 13777 13797 13798
f 13777 13798 13778
f 13778 13798 13799
f 13778 13799 13779
f 13779 13799 13800
f 13780 13801 13781
f 13781 13801 13802
f 13781 13802 13782
f 13782 13802 13803
f 13782 13803 13783
f 13783 13803 13804
f 13783 13804 13784
f 13784 13804 13805
f 13784 13805 13785
f 13785 13805 13806
f 13785 13806 13786
f 13786 13806 13807
f 13786 13807 13787
f 13787 13807 13808
f 13787 13808 13788
f 13788 13808 13809
f 13788 13809 13789
f 13789 13809 13810
f 13789 13810 13790
f 13790 13810 13811
f 13790 13811 13791
f 13791 13811 13812
f 13791 13812 13792
f 13792 13812 13813
f 13792 13813 13793
f 13793 13813 13814
f 13793 13814 13794
f 13794 13814 13815
f 13794 13815 13795
f 13795 13815 13816
f 13795 13816 13796
f 13796 13816 13817
f 13796 13817 13797
f 13797 13817 13818
f 13797 13818 13798
f 13798 13818 13819
f 13798 13819 13799
f 13799 13819 13820
f 13799 13820 13800
f 13800 13820 13821
f 13801 13822 13802
f 13802 13822 13823
f 13802 13823 13803
f 13803 13823 13824
f 13803 13824 13804
f 13804 13824 13825
f 13804 13825 13805
f 13805 13825 13826
f 13805 13826 13806
f 13806 13826 13827
f 13806 13827 13807
f 13807 13827 13828
f 13807 13828 13808
f 13808 13828 13829
f 13808 13829 13809
f 13809 13829 13830
f 13809 13830 13810
f 13810 13830 13831
f 13810 13831 13811
f 13811 13831 13832
f 13811 13832 13812
f 13812 13832 13833
f 13812 13833 13813
f 13813 13833 13834
f 13813 13834 13814
f 13814 13834 13835
f 13814 13835 13815
f 13815 13835 13836
f 13815 13836 13816
f 13816 13836 13837
f 13816 13837 13817
f 13817 13837 13838
f 13817 13838 13818
f 13818 13838 13839
f 13818 13839 13819
f 13819 13839 13840
f 13819 13840 13820
f 13820 13840 13841
f 13820 13841 13821
f 13821 13841 13842
f 13822 13843 13823
f 13823 13843 13844
f 13823 13844 13824
f 13824 13844 13845
f 13824 13845 13825
f 13825 13845 13846
f 13825 13846 13826
f 13826 13846 13847
f 13826 13847 13827
f 13827 13847 13848
f 13827 13848 13828
f 13828 13848 13849
f 13828 13849 13829
f 13829 13849 13850
f 13829 13850 13830
f 13830 13850 13851
f 13830 13851 13831
f 13831 13851 13852
f 13831 13852 13832
f 13832 13852 13853
f 13832 13853 13833
f 13833 13853 13854
f 13833 13854 13834
f 13834 13854 13855
f 13834 13855 13835
f 13835 13855 13856
f 13835 13856 13836
f 13836 13856 13857
f 13836 13857 13837
f 13837 13857 13858
f 13837 13858 13838
f 13838 13858 13859
f 13838 13859 13839
f 13839 13859 13860
f 13839 13860 13840
f 13840 13860 13861
f 13840 13861 13841
f 13841 13861 13862
f 13841 13862 13842
f 13842 13862 13863
f 13843 13864 13844
f 13844 13864 13865
f 13844 13865 13845
f 13845 13865 13866
f 13845 13866 13846
f 13846 13866 13867
f 13846 13867 13847
f 13847 13867 13868
f 13847 13868 13848
f 13848 13868 13869
f 13848 13869 13849
f 13849 13869 13870
f 13849 13870 13850
f 13850 13870 13871
f 13850 13871 13851
f 13851 13871 13872
f 13851 13872 13852
f 13852 13872 13873
f 13852 13873 13853
f 13853 13873 13874
f 13853 13874 13854
f 13854 13874 13875
f 13854 13875 13855
f 13855 13875 13876
f 13855 13876 13856
f 13856 13876 13877
f 13856 13877 13857
f 13857 13877 13878
f 13857 13878 13858
f 13858 13878 13879
f 13858 13879 13859
f 13859 13879 13880
f 13859 13880 13860
f 13860 13880 13881
f 13860 13881 13861
f 13861 13881 13882
f 13861 13882 13862
f 13862 13882 13883
f 13862 13883 13863
f 13863 13883 13884
f 13864 13885 13865
f 13865 13885 13886
f 13865 13886 13866
f 13866 13886 13887
f 13866 13887 13867
f 13867 13887 13888
f 13867 13888 13868
f 13868 13888 13889
f 13868 13889 13869
f 13869 13889 13890
f 13869 13890 13870
f 13870 13890 13891
f 13870 13891 13871
f 13871 13891 13892
f 13871 13892 13872
f 13872 13892 13893
f 13872 13893 13873
f 13873 13893 13894
f 13873 13894 13874
f 13874 13894 13895
f 13874 13895 13875
f 13875 13895 13896
f 13875 13896 13876
f 13876 13896 13897
f 13876 13897 13877
f 13877 13897 13898
f 13877 13898 13878
f 13878 13898 13899
f 13878 13899 13879
f 13879 13899 13900
f 13879 13900 13880
f 13880 13900 13901
f 13880 13901 13881
f 13881 13901 13902
f 13881 13902 13882
f 13882 13902 13903
f 13882 13903 13883
f 13883 13903 13904
f 13883 13904 13884
f 13884 13904 13905
f 13885 13906 13886
f 13886 13907 13887
f 13887 13908 13888
f 13888 13909 13889
f 13889 13910 13890
f 13890 13911 13891
f 13891 13912 13892
f 13892 13913 13893
f 13893 13914 13894
f 13894 13915 13895
f 13895 13916 13896
f 13896 13917 13897
f 13897 13918 13898
f 13898 13919 13899
f 13899 13920 13900
f 13900 13921 13901
f 13901 13922 13902
f 13902 13923 13903
f 13903 13924 13904
f 13904 13925 13905
f 13928 13948 13949
f 13929 13949 13950
f 13930 13950 13951
f 13931 13951 13952
f 13932 13952 13953
f 13933 13953 13954
f 13934 13954 13955
f 13935 13955 13956
f 13936 13956 13957
f 13937 13957 13958
f 13938 13958 13959
f 13939 13959 13960
f 13940 13960 13961
f 13941 13961 13962
f 13942 13962 13963
f 13943 13963 13964
f 13944 13964 13965
f 13945 13965 13966
f 13946 13966 13967
f 13947 13967 13968
f 13948 13969 13949
f 13949 13969 13970
f 13949 13970 13950
f 13950 13970 13971
f 13950 13971 13951
f 13951 13971 13972
f 13951 13972 13952
f 13952 13972 13973
f 13952 13973 13953
f 13953 13973 13974
f 13953 13974 13954
f 13954 13974 13975
f 13954 13975 13955
f 13955 13975 13976
f 13955 13976 13956
f 13956 13976 13977
f 13956 13977 13957
f 13957 13977 13978
f 13957 13978 13958
f 13958 13978 13979
f 13958 13979 13959
f 13959 13979 13980
f 13959 13980 13960
f 13960 13980 13981
f 13960 13981 13961
f 13961 13981 13982
f 13961 13982 13962
f 13962 13982 13983
f 13962 13983 13963
f 13963 13983 13984
f 13963 13984 13964
f 13964 13984 13985
f 13964 13985 13965
f 13965 13985 13986
f 13965 13986 13966
f 13966 13986 13987
f 13966 13987 13967
f 13967 13987 13988
f 13967 13988 13968
f 13968 13988 13989
f 13969 13990 13970
f 13970 13990 13991
f 13970 13991 13971
f 13971 13991 13992
f 13971 13992 13972
f 13972 13992 13993
f 13972 13993 13973
f 13973 13993 13994
f 13973 13994 13974
f 13974 13994 13995
f 13974 13995 13975
f 13975 13995 13996
f 13975 13996 13976
f 13976 13996 13997
f 13976 13997 13977
f 13977 13997 13998
f 13977 13998 13978
f 13978 13998 13999
f 13978 13999 13979
f 13979 13999 14000
f 13979 14000 13980
f 13980 14000 14001
f 13980 14001 13981
f 13981 14001 14002
f 13981 14002 13982
f 13982 14002 14003
f 13982 14003 13983
f 13983 14003 14004
f 13983 14004 13984
f 13984 14004 14005
f 13984 14005 13985
f 13985 14005 14006
f 13985 14006 13986
f 13986 14006 14007
f 13986 14007 13987
f 13987 14007 14008
f 13987 14008 13988
f 13988 14008 14009
f 13988 14009 13989
f 13989 14009 14010
f 13990 14011 13991
f 13991 14011 14012
f 13991 14012 13992
f 13992 14012 14013
f 13992 14013 13993
f 13993 14013 14014
f 13993 14014 13994
f 13994 14014 14015
f 13994 14015 13995
f 13995 14015 14016
f 13995 14016 13996
f 13996 14016 14017
f 13996 14017 13997
f 13997 14017 14018
f 13997 14018 13998
f 13998 14018 14019
f 13998 14019 13999
f 13999 14019 14020
f 13999 14020 14000
f 14000 14020 14021
f 14000 14021 14001
f 14001 14021 14022
f 14001 14022 14002
f 14002 14022 14023
f 14002 14023 14003
f 14003 14023 14024
f 14003 14024 14004
f 14004 14024 14025
f 14004 14025 14005
f 14005 14025 14026
f 14005 14026 14006
f 14006 14026 14027
f 14006 14027 14007
f 14007 14027 14028
f 14007 14028 14008
f 14008 14028 14029
f 14008 14029 14009
f 14009 14029 14030
f 14009 14030 14010
f 14010 14030 14031
f 14011 14032 14012
f 14012 14032 14033
f 14012 14033 14013
f 14013 14033 14034
f 14013 14034 14014
f 14014 14034 14035
f 14014 14035 14015
f 14015 14035 14036
f 14015 14036 14016
f 14016 14036 14037
f 14016 14037 14017
f 14017 14037 14038
f 14017 14038 14018
f 14018 14038 14039
f 14018 14039 14019
f 14019 14039 14040
f 14019 14040 14020
f 14020 14040 14041
f 14020 14041 14021
f 14021 14041 14042
f 14021 14042 14022
f 14022 14042 14043
f 14022 14043 14023
f 14023 14043 14044
f 14023 14044 14024
f 14024 14044 14045
f 14024 14045 14025
f 14025 14045 14046
f 14025 14046 14026
f 14026 14046 14047
f 14026 14047 14027
f 14027 14047 14048
f 14027 14048 14028
f 14028 14048 14049
f 14028 14049 14029
f 14029 14049 14050
f 14029 14050 14030
f 14030 14050 14051
f 14030 14051 14031
f 14031 14051 14052
f 14032 14053 14033
f 14033 14053 14054
f 14033 14054 14034
f 14034 14054 14055
f 14034 14055 14035
f 14035 14055 14056
f 14035 14056 14036
f 14036 14056 14057
f 14036 14057 14037
f 14037 14057 14058
f 14037 14058 14038
f 14038 14058 14059
f 14038 14059 14039
f 14039 14059 14060
f 14039 14060 14040
f 14040 14060 14061
f 14040 14061 14041
f 14041 14061 14062
f 14041 14062 14042
f 14042 14062 14063
f 14042 14063 14043
f 14043 14063 14064
f 14043 14064 14044
f 14044 14064 14065
f 14044 14065 14045
f 14045 14065 14066
f 14045 14066 14046
f 14046 14066 14067
f 14046 14067 14047
f 14047 14067 14068
f 14047 14068 14048
f 14048 14068 14069
f 14048 14069 14049
f 14049 14069 14070
f 14049 14070 14050
f 14050 14070 14071
f 14050 14071 14051
f 14051 14071 14072
f 14051 14072 14052
f 14052 14072 14073
f 14053 14074 14054
f 14054 14074 14075
f 14054 14075 14055
f 14055 14075 14076
f 14055 14076 14056
f 14056 14076 14077
f 14056 14077 14057
f 14057 14077 14078
f 14057 14078 14058
f 14058 14078 14079
f 14058 14079 14059
f 14059 14079 14080
f 14059 14080 14060
f 14060 14080 14081
f 14060 14081 14061
f 14061 14081 14082
f 14061 14082 14062
f 14062 14082 14083
f 14062 14083 14063
f 14063 14083 14084
f 14063 14084 14064
f 14064 14084 14085
f 14064 14085 14065
f 14065 14085 14086
f 14065 14086 14066
f 14066 14086 14087
f 14066 14087 14067
f 14067 14087 14088
f 14067 14088 14068
f 14068 14088 14089
f 14068 14089 14069
f 14069 14089 14090
f 14069 14090 14070
f 14070 14090 14091
f 14070 14091 14071
f 14071 14091 14092
f 14071 14092 14072
f 14072 14092 14093
f 14072 14093 14073
f 14073 14093 14094
f 14074 14095 14075
f 14075 14095 14096
f 14075 14096 14076
f 14076 14096 14097
f 14076 14097 14077
f 14077 14097 14098
f 14077 14098 14078
f 14078 14098 14099
f 14078 14099 14079
f 14079 14099 14100
f 14079 14100 14080
f 14080 14100 14101
f 14080 14101 14081
f 14081 14101 14102
f 14081 14102 14082
f 14082 14102 14103
f 14082 14103 14083
f 14083 14103 14104
f 14083 14104 14084
f 14084 14104 14105
f 14084 14105 14085
f 14085 14105 14106
f 14085 14106 14086
f 14086 14106 14107
f 14086 14107 14087
f 14087 14107 14108
f 14087 14108 14088
f 14088 14108 14109
f 14088 14109 14089
f 14089 14109 14110
f 14089 14110 14090
f 14090 14110 14111
f 14090 14111 14091
f 14091 14111 14112
f 14091 14112 14092
f 14092 14112 14113
f 14092 14113 14093
f 14093 14113 14114
f 14093 14114 14094
f 14094 14114 14115
f 14095 14116 14096
f 14096 14116 14117
f 14096 14117 14097
f 14097 14117 14118
f 14097 14118 14098
f 14098 14118 14119
f 14098 14119 14099
f 14099 14119 14120
f 14099 14120 14100
f 14100 14120 14121
f 14100 14121 14101
f 14101 14121 14122
f 14101 14122 14102
f 14102 14122 14123
f 14102 14123 14103
f 14103 14123 14124
f 14103 14124 14104
f 14104 14124 14125
f 14104 14125 14105
f 14105 14125 14126
f 14105 14126 14106
f 14106 14126 14127
f 14106 14127 14107
f 14107 14127 14128
f 14107 14128 14108
f 14108 14128 14129
f 14108 14129 14109
f 14109 14129 14130
f 14109 14130 14110
f 14110 14130 14131
f 14110 14131 14111
f 14111 14131 14132
f 14111 14132 14112
f 14112 14132 14133
f 14112 14133 14113
f 14113 14133 14134
f 14113 14134 14114
f 14114 14134 14135
f 14114 14135 14115
f 14115 14135 14136
f 14116 14137 14117
f 14117 14137 14138
f 14117 14138 14118
f 14118 14138 14139
f 14118 14139 14119
f 14119 14139 14140
f 14119 14140 14120
f 14120 14140 14141
f 14120 14141 14121
f 14121 14141 14142
f 14121 14142 14122
f 14122 14142 14143
f 14122 14143 14123
f 14123 14143 14144
f 14123 14144 14124
f 14124 14144 14145
f 14124 14145 14125
f 14125 14145 14146
f 14125 14146 14126
f 14126 14146 14147
f 14126 14147 14127
f 14127 14147 14148
f 14127 14148 14128
f 14128 14148 14149
f 14128 14149 14129
f 14129 14149 14150
f 14129 14150 14130
f 14130 14150 14151
f 14130 14151 14131
f 14131 14151 14152
f 14131 14152 14132
f 14132 14152 14153
f 14132 14153 14133
f 14133 14153 14154
f 14133 14154 14134
f 14134 14154 14155
f 14134 14155 14135
f 14135 14155 14156
f 14135 14156 14136
f 14136 14156 14157
f 14137 14158 14138
f 14138 14158 14159
f 14138 14159 14139
f 14139 14159 14160
f 14139 14160 14140
f 14140 14160 14161
f 14140 14161 14141
f 14141 14161 14162
f 14141 14162 14142
f 14142 14162 14163
f 14142 14163 14143
f 14143 14163 14164
f 14143 14164 14144
f 14144 14164 14165
f 14144 14165 14145
f 14145 14165 14166
f 14145 14166 14146
f 14146 14166 14167
f 14146 14167 14147
f 14147 14167 14168
f 14147 14168 14148
f 14148 14168 14169
f 14148 14169 14149
f 14149 14169 14170
f 14149 14170 14150
f 14150 14170 14171
f 14150 14171 14151
f 14151 14171 14172
f 14151 14172 14152
f 14152 14172 14173
f 14152 14173 14153
f 14153 14173 14174
f 14153 14174 14154
f 14154 14174 14175
f 14154 14175 14155
f 14155 14175 14176
f 14155 14176 14156
f 14156 14176 14177
f 14156 14177 14157
f 14157 14177 14178
f 14158 14179 14159
f 14159 14179 14180
f 14159 14180 14160
f 14160 14180 14181
f 14160 14181 14161
f 14161 14181 14182
f 14161 14182 14162
f 14162 14182 14183
f 14162 14183 14163
f 14163 14183 14184
f 14163 14184 14164
f 14164 14184 14185
f 14164 14185 14165
f 14165 14185 14186
f 14165 14186 14166
f 14166 14186 14187
f 14166 14187 14167
f 14167 14187 14188
f 14167 14188 14168
f 14168 14188 14189
f 14168 14189 14169
f 14169 14189 14190
f 14169 14190 14170
f 14170 14190 14191
f 14170 14191 14171
f 14171 14191 14192
f 14171 14192 14172
f 14172 14192 14193
f 14172 14193 14173
f 14173 14193 14194
f 14173 14194 14174
f 14174 14194 14195
f 14174 14195 14175
f 14175 14195 14196
f 14175 14196 14176
f 14176 14196 14197
f 14176 14197 14177
f 14177 14197 14198
f 14177 14198 14178
f 14178 14198 14199
f 14179 14200 14180
f 14180 14200 14201
f 14180 14201 14181
f 14181 14201 14202
f 14181 14202 14182
f 14182 14202 14203
f 14182 14203 14183
f 14183 14203 14204
f 14183 14204 14184
f 14184 14204 14205
f 14184 14205 14185
f 14185 14205 14206
f 14185 14206 14186
f 14186 14206 14207
f 14186 14207 14187
f 14187 14207 14208
f 14187 14208 14188
f 14188 14208 14209
f 14188 14209 14189
f 14189 14209 14210
f 14189 14210 14190
f 14190 14210 14211
f 14190 14211 14191
f 14191 14211 14212
f 14191 14212 14192
f 14192 14212 14213
f 14192 14213 14193
f 14193 14213 14214
f 14193 14214 14194
f 14194 14214 14215
f 14194 14215 14195
f 14195 14215 14216
f 14195 14216 14196
f 14196 14216 14217
f 14196 14217 14197
f 14197 14217 14218
f 14197 14218 14198
f 14198 14218 14219
f 14198 14219 14199
f 14199 14219 14220
f 14200 14221 14201
f 14201 14222 14202
f 14202 14223 14203
f 14203 14224 14204
f 14204 14225 14205
f 14205 14226 14206
f 14206 14227 14207
f 14207 14228 14208
f 14208 14229 14209
f 14209 14230 14210
f 14210 14231 14211
f 14211 14232 14212
f 14212 14233 14213
f 14213 14234 14214
f 14214 14235 14215
f 14215 14236 14216
f 14216 14237 14217
f 14217 14238 14218
f 14218 14239 14219
f 14219 14240 14220
usemtl body_light
f 14242 14244 14243
f 14243 14244 14245
f 14244 14246 14245
f 14245 14246 14247
f 14246 14248 14247
f 14247 14248 14249
f 14248 14250 14249
f 14249 14250 14251
f 14250 14252 14251
f 14251 14252 14253
f 14252 14254 14253
f 14253 14254 14255
f 14254 14256 14255
f 14255 14256 14257
f 14256 14258 14257
f 14257 14258 14259
f 14258 14260 14259
f 14259 14260 14261
f 14260 14262 14261
f 14261 14262 14263
f 14262 14264 14263
f 14263 14264 14265
f 14264 14266 14265
f 14265 14266 14267
f 14266 14268 14267
f 14267 14268 14269
f 14268 14270 14269
f 14269 14270 14271
f 14270 14272 14271
f 14271 14272 14273
f 14272 14274 14273
f 14273 14274 14275
f 14274 14276 14275
f 14275 14276 14277
f 14276 14278 14277
f 14277 14278 14279
f 14280 14242 14244
f 14281 14245 14243
f 14280 14244 14246
f 14281 14247 14245
f 14280 14246 14248
f 14281 14249 14247
f 14280 14248 14250
f 14281 14251 14249
f 14280 14250 14252
f 14281 14253 14251
f 14280 14252 14254
f 14281 14255 14253
f 14280 14254 14256
f 14281 14257 14255
f 14280 14256 14258
f 14281 14259 14257
f 14280 14258 14260
f 14281 14261 14259
f 14280 14260 14262
f 14281 14263 14261
f 14280 14262 14264
f 14281 14265 14263
f 14280 14264 14266
f 14281 14267 14265
f 14280 14266 14268
f 14281 14269 14267
f 14280 14268 14270
f 14281 14271 14269
f 14280 14270 14272
f 14281 14273 14271
f 14280 14272 14274
f 14281 14275 14273
f 14280 14274 14276
f 14281 14277 14275
f 14280 14276 14278
f 14281 14279 14277
usemtl body_dark
f 14283 14303 14304
f 14284 14304 14305
f 14285 14305 14306
f 14286 14306 14307
f 14287 14307 14308
f 14288 14308 14309
f 14289 14309 14310
f 14290 14310 14311
f 14291 14311 14312
f 14292 14312 14313
f 14293 14313 14314
f 14294 14314 14315
f 14295 14315 14316
f 14296 14316 14317
f 14297 14317 14318
f 14298 14318 14319
f 14299 14319 14320
f 14300 14320 14321
f 14301 14321 14322
f 14302 14322 14323
f 14303 14324 14304
f 14304 14324 14325
f 14304 14325 14305
f 14305 14325 14326
f 14305 14326 14306
f 14306 14326 14327
f 14306 14327 14307
f 14307 14327 14328
f 14307 14328 14308
f 14308 14328 14329
f 14308 14329 14309
f 14309 14329 14330
f 14309 14330 14310
f 14310 14330 14331
f 14310 14331 14311
f 14311 14331 14332
f 14311 14332 14312
f 14312 14332 14333
f 14312 14333 14313
f 14313 14333 14334
f 14313 14334 14314
f 14314 14334 14335
f 14314 14335 14315
f 14315 14335 14336
f 14315 14336 14316
f 14316 14336 14337
f 14316 14337 14317
f 14317 14337 14338
f 14317 14338 14318
f 14318 14338 14339
f 14318 14339 14319
f 14319 14339 14340
f 14319 14340 14320
f 14320 14340 14341
f 14320 14341 14321
f 14321 14341 14342
f 14321 14342 14322
f 14322 14342 14343
f 14322 14343 14323
f 14323 14343 14344
f 14324 14345 14325
f 14325 14345 14346
f 14325 14346 14326
f 14326 14346 14347
f 14326 14347 14327
f 14327 14347 14348
f 14327 14348 14328
f 14328 14348 14349
f 14328 14349 14329
f 14329 14349 14350
f 14329 14350 14330
f 14330 14350 14351
f 14330 14351 14331
f 14331 14351 14352
f 14331 14352 14332
f 14332 14352 14353
f 14332 14353 14333
f 14333 14353 14354
f 14333 14354 14334
f 14334 14354 14355
f 14334 14355 14335
f 14335 14355 14356
f 14335 14356 14336
f 14336 14356 14357
f 14336 14357 14337
f 14337 14357 14358
f 14337 14358 14338
f 14338 14358 14359
f 14338 14359 14339
f 14339 14359 14360
f 14339 14360 14340
f 14340 14360 14361
f 14340 14361 14341
f 14341 14361 14362
f 14341 14362 14342
f 14342 14362 14363
f 14342 14363 14343
f 14343 14363 14364
f 14343 14364 14344
f 14344 14364 14365
f 14345 14366 14346
f 14346 14366 14367
f 14346 14367 14347
f 14347 14367 14368
f 14347 14368 14348
f 14348 14368 14369
f 14348 14369 14349
f 14349 14369 14370
f 14349 14370 14350
f 14350 14370 14371
f 14350 14371 14351
f 14351 14371 14372
f 14351 14372 14352
f 14352 14372 14373
f 14352 14373 14353
f 14353 14373 14374
f 14353 14374 14354
f 14354 14374 14375
f 14354 14375 14355
f 14355 14375 14376
f 14355 14376 14356
f 14356 14376 14377
f 14356 14377 14357
f 14357 14377 14378
f 14357 14378 14358
f 14358 14378 14379
f 14358 14379 14359
f 14359 14379 14380
f 14359 14380 14360
f 14360 14380 14381
f 14360 14381 14361
f 14361 14381 14382
f 14361 14382 14362
f 14362 14382 14383
f 14362 14383 14363
f 14363 14383 14384
f 14363 14384 14364
f 14364 14384 14385
f 14364 14385 14365
f 14365 14385 14386
f 14366 14387 14367
f 14367 14387 14388
f 14367 14388 14368
f 14368 14388 14389
f 14368 14389 14369
f 14369 14389 14390
f 14369 14390 14370
f 14370 14390 14391
f 14370 14391 14371
f 14371 14391 14392
f 14371 14392 14372
f 14372 14392 14393
f 14372 14393 14373
f 14373 14393 14394
f 14373 14394 14374
f 14374 14394 14395
f 14374 14395 14375
f 14375 14395 14396
f 14375 14396 14376
f 14376 14396 14397
f 14376 14397 14377
f 14377 14397 14398
f 14377 14398 14378
f 14378 14398 14399
f 14378 14399 14379
f 14379 14399 14400
f 14379 14400 14380
f 14380 14400 14401
f 14380 14401 14381
f 14381 14401 14402
f 14381 14402 14382
f 14382 14402 14403
f 14382 14403 14383
f 14383 14403 14404
f 14383 14404 14384
f 14384 14404 14405
f 14384 14405 14385
f 14385 14405 14406
f 14385 14406 14386
f 14386 14406 14407
f 14387 14408 14388
f 14388 14408 14409
f 14388 14409 14389
f 14389 14409 14410
f 14389 14410 14390
f 14390 14410 14411
f 14390 14411 14391
f 14391 14411 14412
f 14391 14412 14392
f 14392 14412 14413
f 14392 14413 14393
f 14393 14413 14414
f 14393 14414 14394
f 14394 14414 14415
f 14394 14415 14395
f 14395 14415 14416
f 14395 14416 14396
f 14396 14416 14417
f 14396 14417 14397
f 14397 14417 14418
f 14397 14418 14398
f 14398 14418 14419
f 14398 14419 14399
f 14399 14419 14420
f 14399 14420 14400
f 14400 14420 14421
f 14400 14421 14401
f 14401 14421 14422
f 14401 14422 14402
f 14402 14422 14423
f 14402 14423 14403
f 14403 14423 14424
f 14403 14424 14404
f 14404 14424 14425
f 14404 14425 14405
f 14405 14425 14426
f 14405 14426 14406
f 14406 14426 14427
f 14406 14427 14407
f 14407 14427 14428
f 14408 14429 14409
f 14409 14429 14430
f 14409 14430 14410
f 14410 14430 14431
f 14410 14431 14411
f 14411 14431 14432
f 14411 14432 14412
f 14412 14432 14433
f 14412 14433 14413
f 14413 14433 14434
f 14413 14434 14414
f 14414 14434 14435
f 14414 14435 14415
f 14415 14435 14436
f 14415 14436 14416
f 14416 14436 14437
f 14416 14437 14417
f 14417 14437 14438
f 14417 14438 14418
f 14418 14438 14439
f 14418 14439 14419
f 14419 14439 14440
f 14419 14440 14420
f 14420 14440 14441
f 14420 14441 14421
f 14421 14441 14442
f 14421 14442 14422
f 14422 14442 14443
f 14422 14443 14423
f 14423 14443 14444
f 14423 14444 14424
f 14424 14444 14445
f 14424 14445 14425
f 14425 14445 14446
f 14425 14446 14426
f 14426 14446 14447
f 14426 14447 14427
f 14427 14447 14448
f 14427 14448 14428
f 14428 14448 14449
f 14429 14450 14430
f 14430 14450 14451
f 14430 14451 14431
f 14431 14451 14452
f 14431 14452 14432
f 14432 14452 14453
f 14432 14453 14433
f 14433 14453 14454
f 14433 14454 14434
f 14434 14454 14455
f 14434 14455 14435
f 14435 14455 14456
f 14435 14456 14436
f 14436 14456 14457
f 14436 14457 14437
f 14437 14457 14458
f 14437 14458 14438
f 14438 14458 14459
f 14438 14459 14439
f 14439 14459 14460
f 14439 14460 14440
f 14440 14460 14461
f 14440 14461 14441
f 14441 14461 14462
f 14441 14462 14442
f 14442 14462 14463
f 14442 14463 14443
f 14443 14463 14464
f 14443 14464 14444
f 14444 14464 14465
f 14444 14465 14445
f 14445 14465 14466
f 14445 14466 14446
f 14446 14466 14467
f 14446 14467 14447
f 14447 14467 14468
f 14447 14468 14448
f 14448 14468 14469
f 14448 14469 14449
f 14449 14469 14470
f 14450 14471 14451
f 14451 14471 14472
f 14451 14472 14452
f 14452 14472 14473
f 14452 14473 14453
f 14453 14473 14474
f 14453 14474 14454
f 14454 14474 14475
f 14454 14475 14455
f 14455 14475 14476
f 14455 14476 14456
f 14456 14476 14477
f 14456 14477 14457
f 14457 14477 14478
f 14457 14478 14458
f 14458 14478 14479
f 14458 14479 14459
f 14459 14479 14480
f 14459 14480 14460
f 14460 14480 14481
f 14460 14481 14461
f 14461 14481 14482
f 14461 14482 14462
f 14462 14482 14483
f 14462 14483 14463
f 14463 14483 14484
f 14463 14484 14464
f 14464 14484 14485
f 14464 14485 14465
f 14465 14485 14486
f 14465 14486 14466
f 14466 14486 14487
f 14466 14487 14467
f 14467 14487 14488
f 14467 14488 14468
f 14468 14488 14489
f 14468 14489 14469
f 14469 14489 14490
f 14469 14490 14470
f 14470 14490 14491
f 14471 14492 14472
f 14472 14492 14493
f 14472 14493 14473
f 14473 14493 14494
f 14473 14494 14474
f 14474 14494 14495
f 14474 14495 14475
f 14475 14495 14496
f 14475 14496 14476
f 14476 14496 14497
f 14476 14497 14477
f 14477 14497 14498
f 14477 14498 14478
f 14478 14498 14499
f 14478 14499 14479
f 14479 14499 14500
f 14479 14500 14480
f 14480 14500 14501
f 14480 14501 14481
f 14481 14501 14502
f 14481 14502 14482
f 14482 14502 14503
f 14482 14503 14483
f 14483 14503 14504
f 14483 14504 14484
f 14484 14504 14505
f 14484 14505 14485
f 14485 14505 14506
f 14485 14506 14486
f 14486 14506 14507
f 14486 14507 14487
f 14487 14507 14508
f 14487 14508 14488
f 14488 14508 14509
f 14488 14509 14489
f 14489 14509 14510
f 14489 14510 14490
f 14490 14510 14511
f 14490 14511 14491
f 14491 14511 14512
f 14492 14513 14493
f 14493 14513 14514
f 14493 14514 14494
f 14494 14514 14515
f 14494 14515 14495
f 14495 14515 14516
f 14495 14516 14496
f 14496 14516 14517
f 14496 14517 14497
f 14497 14517 14518
f 14497 14518 14498
f 14498 14518 14519
f 14498 14519 14499
f 14499 14519 14520
f 14499 14520 14500
f 14500 14520 14521
f 14500 14521 14501
f 14501 14521 14522
f 14501 14522 14502
f 14502 14522 14523
f 14502 14523 14503
f 14503 14523 14524
f 14503 14524 14504
f 14504 14524 14525
f 14504 14525 14505
f 14505 14525 14526
f 14505 14526 14506
f 14506 14526 14527
f 14506 14527 14507
f 14507 14527 14528
f 14507 14528 14508
f 14508 14528 14529
f 14508 14529 14509
f 14509 14529 14530
f 14509 14530 14510
f 14510 14530 14531
f 14510 14531 14511
f 14511 14531 14532
f 14511 14532 14512
f 14512 14532 14533
f 14513 14534 14514
f 14514 14534 14535
f 14514 14535 14515
f 14515 14535 14536
f 14515 14536 14516
f 14516 14536 14537
f 14516 14537 14517
f 14517 14537 14538
f 14517 14538 14518
f 14518 14538 14539
f 14518 14539 14519
f 14519 14539 14540
f 14519 14540 14520
f 14520 14540 14541
f 14520 14541 14521
f 14521 14541 14542
f 14521 14542 14522
f 14522 14542 14543
f 14522 14543 14523
f 14523 14543 14544
f 14523 14544 14524
f 14524 14544 14545
f 14524 14545 14525
f 14525 14545 14546
f 14525 14546 14526
f 14526 14546 14547
f 14526 14547 14527
f 14527 14547 14548
f 14527 14548 14528
f 14528 14548 14549
f 14528 14549 14529
f 14529 14549 14550
f 14529 14550 14530
f 14530 14550 14551
f 14530 14551 14531
f 14531 14551 14552
f 14531 14552 14532
f 14532 14552 14553
f 14532 14553 14533
f 14533 14553 14554
f 14534 14555 14535
f 14535 14555 14556
f 14535 14556 14536
f 14536 14556 14557
f 14536 14557 14537
f 14537 14557 14558
f 14537 14558 14538
f 14538 14558 14559
f 14538 14559 14539
f 14539 14559 14560
f 14539 14560 14540
f 14540 14560 14561
f 14540 14561 14541
f 14541 14561 14562
f 14541 14562 14542
f 14542 14562 14563
f 14542 14563 14543
f 14543 14563 14564
f 14543 14564 14544
f 14544 14564 14565
f 14544 14565 14545
f 14545 14565 14566
f 14545 14566 14546
f 14546 14566 14567
f 14546 14567 14547
f 14547 14567 14568
f 14547 14568 14548
f 14548 14568 14569
f 14548 14569 14549
f 14549 14569 14570
f 14549 14570 14550
f 14550 14570 14571
f 14550 14571 14551
f 14551 14571 14572
f 14551 14572 14552
f 14552 14572 14573
f 14552 14573 14553
f 14553 14573 14574
f 14553 14574 14554
f 14554 14574 14575
f 14555 14576 14556
f 14556 14577 14557
f 14557 14578 14558
f 14558 14579 14559
f 14559 14580 14560
f 14560 14581 14561
f 14561 14582 14562
f 14562 14583 14563
f 14563 14584 14564
f 14564 14585 14565
f 14565 14586 14566
f 14566 14587 14567
f 14567 14588 14568
f 14568 14589 14569
f 14569 14590 14570
f 14570 14591 14571
f 14571 14592 14572
f 14572 14593 14573
f 14573 14594 14574
f 14574 14595 14575
usemtl body_mid
f 14597 14599 14598
f 14598 14599 14600
f 14599 14601 14600
f 14600 14601 14602
f 14601 14603 14602
f 14602 14603 14604
f 14603 14605 14604
f 14604 14605 14606
f 14605 14607 14606
f 14606 14607 14608
f 14607 14609 14608
f 14608 14609 14610
f 14609 14611 14610
f 14610 14611 14612
f 14611 14613 14612
f 14612 14613 14614
f 14613 14615 14614
f 14614 14615 14616
f 14615 14617 14616
f 14616 14617 14618
f 14617 14619 14618
f 14618 14619 14620
f 14619 14621 14620
f 14620 14621 14622
f 14621 14623 14622
f 14622 14623 14624
f 14623 14625 14624
f 14624 14625 14626
f 14625 14627 14626
f 14626 14627 14628
f 14627 14629 14628
f 14628 14629 14630
f 14629 14631 14630
f 14630 14631 14632
f 14631 14633 14632
f 14632 14633 14634
f 14635 14597 14599
f 14636 14600 14598
f 14635 14599 14601
f 14636 14602 14600
f 14635 14601 14603
f 14636 14604 14602
f 14635 14603 14605
f 14636 14606 14604
f 14635 14605 14607
f 14636 14608 14606
f 14635 14607 14609
f 14636 14610 14608
f 14635 14609 14611
f 14636 14612 14610
f 14635 14611 14613
f 14636 14614 14612
f 14635 14613 14615
f 14636 14616 14614
f 14635 14615 14617
f 14636 14618 14616
f 14635 14617 14619
f 14636 14620 14618
f 14635 14619 14621
f 14636 14622 14620
f 14635 14621 14623
f 14636 14624 14622
f 14635 14623 14625
f 14636 14626 14624
f 14635 14625 14627
f 14636 14628 14626
f 14635 14627 14629
f 14636 14630 14628
f 14635 14629 14631
f 14636 14632 14630
f 14635 14631 14633
f 14636 14634 14632
usemtl body_dark
f 14638 14658 14659
f 14639 14659 14660
f 14640 14660 14661
f 14641 14661 14662
f 14642 14662 14663
f 14643 14663 14664
f 14644 14664 14665
f 14645 14665 14666
f 14646 14666 14667
f 14647 14667 14668
f 14648 14668 14669
f 14649 14669 14670
f 14650 14670 14671
f 14651 14671 14672
f 14652 14672 14673
f 14653 14673 14674
f 14654 14674 14675
f 14655 14675 14676
f 14656 14676 14677
f 14657 14677 14678
f 14658 14679 14659
f 14659 14679 14680
f 14659 14680 14660
f 14660 14680 14681
f 14660 14681 14661
f 14661 14681 14682
f 14661 14682 14662
f 14662 14682 14683
f 14662 14683 14663
f 14663 14683 14684
f 14663 14684 14664
f 14664 14684 14685
f 14664 14685 14665
f 14665 14685 14686
f 14665 14686 14666
f 14666 14686 14687
f 14666 14687 14667
f 14667 14687 14688
f 14667 14688 14668
f 14668 14688 14689
f 14668 14689 14669
f 14669 14689 14690
f 14669 14690 14670
f 14670 14690 14691
f 14670 14691 14671
f 14671 14691 14692
f 14671 14692 14672
f 14672 14692 14693
f 14672 14693 14673
f 14673 14693 14694
f 14673 14694 14674
f 14674 14694 14695
f 14674 14695 14675
f 14675 14695 14696
f 14675 14696 14676
f 14676 14696 14697
f 14676 14697 14677
f 14677 14697 14698
f 14677 14698 14678
f 14678 14698 14699
f 14679 14700 14680
f 14680 14700 14701
f 14680 14701 14681
f 14681 14701 14702
f 14681 14702 14682
f 14682 14702 14703
f 14682 14703 14683
f 14683 14703 14704
f 14683 14704 14684
f 14684 14704 14705
f 14684 14705 14685
f 14685 14705 14706
f 14685 14706 14686
f 14686 14706 14707
f 14686 14707 14687
f 14687 14707 14708
f 14687 14708 14688
f 14688 14708 14709
f 14688 14709 14689
f 14689 14709 14710
f 14689 14710 14690
f 14690 14710 14711
f 14690 14711 14691
f 14691 14711 14712
f 14691 14712 14692
f 14692 14712 14713
f 14692 14713 14693
f 14693 14713 14714
f 14693 14714 14694
f 14694 14714 14715
f 14694 14715 14695
f 14695 14715 14716
f 14695 14716 14696
f 14696 14716 14717
f 14696 14717 14697
f 14697 14717 14718
f 14697 14718 14698
f 14698 14718 14719
f 14698 14719 14699
f 14699 14719 14720
f 14700 14721 14701
f 14701 14721 14722
f 14701 14722 14702
f 14702 14722 14723
f 14702 14723 14703
f 14703 14723 14724
f 14703 14724 14704
f 14704 14724 14725
f 14704 14725 14705
f 14705 14725 14726
f 14705 14726 14706
f 14706 14726 14727
f 14706 14727 14707
f 14707 14727 14728
f 14707 14728 14708
f 14708 14728 14729
f 14708 14729 14709
f 14709 14729 14730
f 14709 14730 14710
f 14710 14730 14731
f 14710 14731 14711
f 14711 14731 14732
f 14711 14732 14712
f 14712 14732 14733
f 14712 14733 14713
f 14713 14733 14734
f 14713 14734 14714
f 14714 14734 14735
f 14714 14735 14715
f 14715 14735 14736
f 14715 14736 14716
f 14716 14736 14737
f 14716 14737 14717
f 14717 14737 14738
f 14717 14738 14718
f 14718 14738 14739
f 14718 14739 14719
f 14719 14739 14740
f 14719 14740 14720
f 14720 14740 14741
f 14721 14742 14722
f 14722 14742 14743
f 14722 14743 14723
f 14723 14743 14744
f 14723 14744 14724
f 14724 14744 14745
f 14724 14745 14725
f 14725 14745 14746
f 14725 14746 14726
f 14726 14746 14747
f 14726 14747 14727
f 14727 14747 14748
f 14727 14748 14728
f 14728 14748 14749
f 14728 14749 14729
f 14729 14749 14750
f 14729 14750 14730
f 14730 14750 14751
f 14730 14751 14731
f 14731 14751 14752
f 14731 14752 14732
f 14732 14752 14753
f 14732 14753 14733
f 14733 14753 14754
f 14733 14754 14734
f 14734 14754 14755
f 14734 14755 14735
f 14735 14755 14756
f 14735 14756 14736
f 14736 14756 14757
f 14736 14757 14737
f 14737 14757 14758
f 14737 14758 14738
f 14738 14758 14759
f 14738 14759 14739
f 14739 14759 14760
f 14739 14760 14740
f 14740 14760 14761
f 14740 14761 14741
f 14741 14761 14762
f 14742 14763 14743
f 14743 14763 14764
f 14743 14764 14744
f 14744 14764 14765
f 14744 14765 14745
f 14745 14765 14766
f 14745 14766 14746
f 14746 14766 14767
f 14746 14767 14747
f 14747 14767 14768
f 14747 14768 14748
f 14748 14768 14769
f 14748 14769 14749
f 14749 14769 14770
f 14749 14770 14750
f 14750 14770 14771
f 14750 14771 14751
f 14751 14771 14772
f 14751 14772 14752
f 14752 14772 14773
f 14752 14773 14753
f 14753 14773 14774
f 14753 14774 14754
f 14754 14774 14775
f 14754 14775 14755
f 14755 14775 14776
f 14755 14776 14756
f 14756 14776 14777
f 14756 14777 14757
f 14757 14777 14778
f 14757 14778 14758
f 14758 14778 14779
f 14758 14779 14759
f 14759 14779 14780
f 14759 14780 14760
f 14760 14780 14781
f 14760 14781 14761
f 14761 14781 14782
f 14761 14782 14762
f 14762 14782 14783
f 14763 14784 14764
f 14764 14784 14785
f 14764 14785 14765
f 14765 14785 14786
f 14765 14786 14766
f 14766 14786 14787
f 14766 14787 14767
f 14767 14787 14788
f 14767 14788 14768
f 14768 14788 14789
f 14768 14789 14769
f 14769 14789 14790
f 14769 14790 14770
f 14770 14790 14791
f 14770 14791 14771
f 14771 14791 14792
f 14771 14792 14772
f 14772 14792 14793
f 14772 14793 14773
f 14773 14793 14794
f 14773 14794 14774
f 14774 14794 14795
f 14774 14795 14775
f 14775 14795 14796
f 14775 14796 14776
f 14776 14796 14797
f 14776 14797 14777
f 14777 14797 14798
f 14777 14798 14778
f 14778 14798 14799
f 14778 14799 14779
f 14779 14799 14800
f 14779 14800 14780
f 14780 14800 14801
f 14780 14801 14781
f 14781 14801 14802
f 14781 14802 14782
f 14782 14802 14803
f 14782 14803 14783
f 14783 14803 14804
f 14784 14805 14785
f 14785 14805 14806
f 14785 14806 14786
f 14786 14806 14807
f 14786 14807 14787
f 14787 14807 14808
f 14787 14808 14788
f 14788 14808 14809
f 14788 14809 14789
f 14789 14809 14810
f 14789 14810 14790
f 14790 14810 14811
f 14790 14811 14791
f 14791 14811 14812
f 14791 14812 14792
f 14792 14812 14813
f 14792 14813 14793
f 14793 14813 14814
f 14793 14814 14794
f 14794 14814 14815
f 14794 14815 14795
f 14795 14815 14816
f 14795 14816 14796
f 14796 14816 14817
f 14796 14817 14797
f 14797 14817 14818
f 14797 14818 14798
f 14798 14818 14819
f 14798 14819 14799
f 14799 14819 14820
f 14799 14820 14800
f 14800 14820 14821
f 14800 14821 14801
f 14801 14821 14822
f 14801 14822 14802
f 14802 14822 14823
f 14802 14823 14803
f 14803 14823 14824
f 14803 14824 14804
f 14804 14824 14825
f 14805 14826 14806
f 14806 14826 14827
f 14806 14827 14807
f 14807 14827 14828
f 14807 14828 14808
f 14808 14828 14829
f 14808 14829 14809
f 14809 14829 14830
f 14809 14830 14810
f 14810 14830 14831
f 14810 14831 14811
f 14811 14831 14832
f 14811 14832 14812
f 14812 14832 14833
f 14812 14833 14813
f 14813 14833 14834
f 14813 14834 14814
f 14814 14834 14835
f 14814 14835 14815
f 14815 14835 14836
f 14815 14836 14816
f 14816 14836 14837
f 14816 14837 14817
f 14817 14837 14838
f 14817 14838 14818
f 14818 14838 14839
f 14818 14839 14819
f 14819 14839 14840
f 14819 14840 14820
f 14820 14840 14841
f 14820 14841 14821
f 14821 14841 14842
f 14821 14842 14822
f 14822 14842 14843
f 14822 14843 14823
f 14823 14843 14844
f 14823 14844 14824
f 14824 14844 14845
f 14824 14845 14825
f 14825 14845 14846
f 14826 14847 14827
f 14827 14847 14848
f 14827 14848 14828
f 14828 14848 14849
f 14828 14849 14829
f 14829 14849 14850
f 14829 14850 14830
f 14830 14850 14851
f 14830 14851 14831
f 14831 14851 14852
f 14831 14852 14832
f 14832 14852 14853
f 14832 14853 14833
f 14833 14853 14854
f 14833 14854 14834
f 14834 14854 14855
f 14834 14855 14835
f 14835 14855 14856
f 14835 14856 14836
f 14836 14856 14857
f 14836 14857 14837
f 14837 14857 14858
f 14837 14858 14838
f 14838 14858 14859
f 14838 14859 14839
f 14839 14859 14860
f 14839 14860 14840
f 14840 14860 14861
f 14840 14861 14841
f 14841 14861 14862
f 14841 14862 14842
f 14842 14862 14863
f 14842 14863 14843
f 14843 14863 14864
f 14843 14864 14844
f 14844 14864 14865
f 14844 14865 14845
f 14845 14865 14866
f 14845 14866 14846
f 14846 14866 14867
f 14847 14868 14848
f 14848 14868 14869
f 14848 14869 14849
f 14849 14869 14870
f 14849 14870 14850
f 14850 14870 14871
f 14850 14871 14851
f 14851 14871 14872
f 14851 14872 14852
f 14852 14872 14873
f 14852 14873 14853
f 14853 14873 14874
f 14853 14874 14854
f 14854 14874 14875
f 14854 14875 14855
f 14855 14875 14876
f 14855 14876 14856
f 14856 14876 14877
f 14856 14877 14857
f 14857 14877 14878
f 14857 14878 14858
f 14858 14878 14879
f 14858 14879 14859
f 14859 14879 14880
f 14859 14880 14860
f 14860 14880 14881
f 14860 14881 14861
f 14861 14881 14882
f 14861 14882 14862
f 14862 14882 14883
f 14862 14883 14863
f 14863 14883 14884
f 14863 14884 14864
f 14864 14884 14885
f 14864 14885 14865
f 14865 14885 14886
f 14865 14886 14866
f 14866 14886 14887
f 14866 14887 14867
f 14867 14887 14888
f 14868 14889 14869
f 14869 14889 14890
f 14869 14890 14870
f 14870 14890 14891
f 14870 14891 14871
f 14871 14891 14892
f 14871 14892 14872
f 14872 14892 14893
f 14872 14893 14873
f 14873 14893 14894
f 14873 14894 14874
f 14874 14894 14895
f 14874 14895 14875
f 14875 14895 14896
f 14875 14896 14876
f 14876 14896 14897
f 14876 14897 14877
f 14877 14897 14898
f 14877 14898 14878
f 14878 14898 14899
f 14878 14899 14879
f 14879 14899 14900
f 14879 14900 14880
f 14880 14900 14901
f 14880 14901 14881
f 14881 14901 14902
f 14881 14902 14882
f 14882 14902 14903
f 14882 14903 14883
f 14883 14903 14904
f 14883 14904 14884
f 14884 14904 14905
f 14884 14905 14885
f 14885 14905 14906
f 14885 14906 14886
f 14886 14906 14907
f 14886 14907 14887
f 14887 14907 14908
f 14887 14908 14888
f 14888 14908 14909
f 14889 14910 14890
f 14890 14910 14911
f 14890 14911 14891
f 14891 14911 14912
f 14891 14912 14892
f 14892 14912 14913
f 14892 14913 14893
f 14893 14913 14914
f 14893 14914 14894
f 14894 14914 14915
f 14894 14915 14895
f 14895 14915 14916
f 14895 14916 14896
f 14896 14916 14917
f 14896 14917 14897
f 14897 14917 14918
f 14897 14918 14898
f 14898 14918 14919
f 14898 14919 14899
f 14899 14919 14920
f 14899 14920 14900
f 14900 14920 14921
f 14900 14921 14901
f 14901 14921 14922
f 14901 14922 14902
f 14902 14922 14923
f 14902 14923 14903
f 14903 14923 14924
f 14903 14924 14904
f 14904 14924 14925
f 14904 14925 14905
f 14905 14925 14926
f 14905 14926 14906
f 14906 14926 14927
f 14906 14927 14907
f 14907 14927 14928
f 14907 14928 14908
f 14908 14928 14929
f 14908 14929 14909
f 14909 14929 14930
f 14910 14931 14911
f 14911 14932 14912
f 14912 14933 14913
f 14913 14934 14914
f 14914 14935 14915
f 14915 14936 14916
f 14916 14937 14917
f 14917 14938 14918
f 14918 14939 14919
f 14919 14940 14920
f 14920 14941 14921
f 14921 14942 14922
f 14922 14943 14923
f 14923 14944 14924
f 14924 14945 14925
f 14925 14946 14926
f 14926 14947 14927
f 14927 14948 14928
f 14928 14949 14929
f 14929 14950 14930
usemtl accent_cyan
f 14952 14954 14953
f 14953 14954 14955
f 14954 14956 14955
f 14955 14956 14957
f 14956 14958 14957
f 14957 14958 14959
f 14958 14960 14959
f 14959 14960 14961
f 14960 14962 14961
f 14961 14962 14963
f 14962 14964 14963
f 14963 14964 14965
f 14964 14966 14965
f 14965 14966 14967
f 14966 14968 14967
f 14967 14968 14969
f 14970 14952 14954
f 14971 14955 14953
f 14970 14954 14956
f 14971 14957 14955
f 14970 14956 14958
f 14971 14959 14957
f 14970 14958 14960
f 14971 14961 14959
f 14970 14960 14962
f 14971 14963 14961
f 14970 14962 14964
f 14971 14965 14963
f 14970 14964 14966
f 14971 14967 14965
f 14970 14966 14968
f 14971 14969 14967
usemtl body_light
f 14972 14973 14974
f 14972 14974 14975
f 14977 14976 14979
f 14977 14979 14978
f 14976 14972 14975
f 14976 14975 14979
f 14973 14977 14978
f 14973 14978 14974
f 14975 14974 14978
f 14975 14978 14979
f 14976 14977 14973
f 14976 14973 14972
f 14980 14981 14982
f 14980 14982 14983
f 14985 14984 14987
f 14985 14987 14986
f 14984 14980 14983
f 14984 14983 14987
f 14981 14985 14986
f 14981 14986 14982
f 14983 14982 14986
f 14983 14986 14987
f 14984 14985 14981
f 14984 14981 14980
usemtl body_dark
f 14988 14989 14990
f 14988 14990 14991
f 14993 14992 14995
f 14993 14995 14994
f 14992 14988 14991
f 14992 14991 14995
f 14989 14993 14994
f 14989 14994 14990
f 14991 14990 14994
f 14991 14994 14995
f 14992 14993 14989
f 14992 14989 14988
f 14997 15017 15018
f 14998 15018 15019
f 14999 15019 15020
f 15000 15020 15021
f 15001 15021 15022
f 15002 15022 15023
f 15003 15023 15024
f 15004 15024 15025
f 15005 15025 15026
f 15006 15026 15027
f 15007 15027 15028
f 15008 15028 15029
f 15009 15029 15030
f 15010 15030 15031
f 15011 15031 15032
f 15012 15032 15033
f 15013 15033 15034
f 15014 15034 15035
f 15015 15035 15036
f 15016 15036 15037
f 15017 15038 15018
f 15018 15038 15039
f 15018 15039 15019
f 15019 15039 15040
f 15019 15040 15020
f 15020 15040 15041
f 15020 15041 15021
f 15021 15041 15042
f 15021 15042 15022
f 15022 15042 15043
f 15022 15043 15023
f 15023 15043 15044
f 15023 15044 15024
f 15024 15044 15045
f 15024 15045 15025
f 15025 15045 15046
f 15025 15046 15026
f 15026 15046 15047
f 15026 15047 15027
f 15027 15047 15048
f 15027 15048 15028
f 15028 15048 15049
f 15028 15049 15029
f 15029 15049 15050
f 15029 15050 15030
f 15030 15050 15051
f 15030 15051 15031
f 15031 15051 15052
f 15031 15052 15032
f 15032 15052 15053
f 15032 15053 15033
f 15033 15053 15054
f 15033 15054 15034
f 15034 15054 15055
f 15034 15055 15035
f 15035 15055 15056
f 15035 15056 15036
f 15036 15056 15057
f 15036 15057 15037
f 15037 15057 15058
f 15038 15059 15039
f 15039 15059 15060
f 15039 15060 15040
f 15040 15060 15061
f 15040 15061 15041
f 15041 15061 15062
f 15041 15062 15042
f 15042 15062 15063
f 15042 15063 15043
f 15043 15063 15064
f 15043 15064 15044
f 15044 15064 15065
f 15044 15065 15045
f 15045 15065 15066
f 15045 15066 15046
f 15046 15066 15067
f 15046 15067 15047
f 15047 15067 15068
f 15047 15068 15048
f 15048 15068 15069
f 15048 15069 15049
f 15049 15069 15070
f 15049 15070 15050
f 15050 15070 15071
f 15050 15071 15051
f 15051 15071 15072
f 15051 15072 15052
f 15052 15072 15073
f 15052 15073 15053
f 15053 15073 15074
f 15053 15074 15054
f 15054 15074 15075
f 15054 15075 15055
f 15055 15075 15076
f 15055 15076 15056
f 15056 15076 15077
f 15056 15077 15057
f 15057 15077 15078
f 15057 15078 15058
f 15058 15078 15079
f 15059 15080 15060
f 15060 15080 15081
f 15060 15081 15061
f 15061 15081 15082
f 15061 15082 15062
f 15062 15082 15083
f 15062 15083 15063
f 15063 15083 15084
f 15063 15084 15064
f 15064 15084 15085
f 15064 15085 15065
f 15065 15085 15086
f 15065 15086 15066
f 15066 15086 15087
f 15066 15087 15067
f 15067 15087 15088
f 15067 15088 15068
f 15068 15088 15089
f 15068 15089 15069
f 15069 15089 15090
f 15069 15090 15070
f 15070 15090 15091
f 15070 15091 15071
f 15071 15091 15092
f 15071 15092 15072
f 15072 15092 15093
f 15072 15093 15073
f 15073 15093 15094
f 15073 15094 15074
f 15074 15094 15095
f 15074 15095 15075
f 15075 15095 15096
f 15075 15096 15076
f 15076 15096 15097
f 15076 15097 15077
f 15077 15097 15098
f 15077 15098 15078
f 15078 15098 15099
f 15078 15099 15079
f 15079 15099 15100
f 15080 15101 15081
f 15081 15101 15102
f 15081 15102 15082
f 15082 15102 15103
f 15082 15103 15083
f 15083 15103 15104
f 15083 15104 15084
f 15084 15104 15105
f 15084 15105 15085
f 15085 15105 15106
f 15085 15106 15086
f 15086 15106 15107
f 15086 15107 15087
f 15087 15107 15108
f 15087 15108 15088
f 15088 15108 15109
f 15088 15109 15089
f 15089 15109 15110
f 15089 15110 15090
f 15090 15110 15111
f 15090 15111 15091
f 15091 15111 15112
f 15091 15112 15092
f 15092 15112 15113
f 15092 15113 15093
f 15093 15113 15114
f 15093 15114 15094
f 15094 15114 15115
f 15094 15115 15095
f 15095 15115 15116
f 15095 15116 15096
f 15096 15116 15117
f 15096 15117 15097
f 15097 15117 15118
f 15097 15118 15098
f 15098 15118 15119
f 15098 15119 15099
f 15099 15119 15120
f 15099 15120 15100
f 15100 15120 15121
f 15101 15122 15102
f 15102 15122 15123
f 15102 15123 15103
f 15103 15123 15124
f 15103 15124 15104
f 15104 15124 15125
f 15104 15125 15105
f 15105 15125 15126
f 15105 15126 15106
f 15106 15126 15127
f 15106 15127 15107
f 15107 15127 15128
f 15107 15128 15108
f 15108 15128 15129
f 15108 15129 15109
f 15109 15129 15130
f 15109 15130 15110
f 15110 15130 15131
f 15110 15131 15111
f 15111 15131 15132
f 15111 15132 15112
f 15112 15132 15133
f 15112 15133 15113
f 15113 15133 15134
f 15113 15134 15114
f 15114 15134 15135
f 15114 15135 15115
f 15115 15135 15136
f 15115 15136 15116
f 15116 15136 15137
f 15116 15137 15117
f 15117 15137 15138
f 15117 15138 15118
f 15118 15138 15139
f 15118 15139 15119
f 15119 15139 15140
f 15119 15140 15120
f 15120 15140 15141
f 15120 15141 15121
f 15121 15141 15142
f 15122 15143 15123
f 15123 15143 15144
f 15123 15144 15124
f 15124 15144 15145
f 15124 15145 15125
f 15125 15145 15146
f 15125 15146 15126
f 15126 15146 15147
f 15126 15147 15127
f 15127 15147 15148
f 15127 15148 15128
f 15128 15148 15149
f 15128 15149 15129
f 15129 15149 15150
f 15129 15150 15130
f 15130 15150 15151
f 15130 15151 15131
f 15131 15151 15152
f 15131 15152 15132
f 15132 15152 15153
f 15132 15153 15133
f 15133 15153 15154
f 15133 15154 15134
f 15134 15154 15155
f 15134 15155 15135
f 15135 15155 15156
f 15135 15156 15136
f 15136 15156 15157
f 15136 15157 15137
f 15137 15157 15158
f 15137 15158 15138
f 15138 15158 15159
f 15138 15159 15139
f 15139 15159 15160
f 15139 15160 15140
f 15140 15160 15161
f 15140 15161 15141
f 15141 15161 15162
f 15141 15162 15142
f 15142 15162 15163
f 15143 15164 15144
f 15144 15164 15165
f 15144 15165 15145
f 15145 15165 15166
f 15145 15166 15146
f 15146 15166 15167
f 15146 15167 15147
f 15147 15167 15168
f 15147 15168 15148
f 15148 15168 15169
f 15148 15169 15149
f 15149 15169 15170
f 15149 15170 15150
f 15150 15170 15171
f 15150 15171 15151
f 15151 15171 15172
f 15151 15172 15152
f 15152 15172 15173
f 15152 15173 15153
f 15153 15173 15174
f 15153 15174 15154
f 15154 15174 15175
f 15154 15175 15155
f 15155 15175 15176
f 15155 15176 15156
f 15156 15176 15177
f 15156 15177 15157
f 15157 15177 15178
f 15157 15178 15158
f 15158 15178 15179
f 15158 15179 15159
f 15159 15179 15180
f 15159 15180 15160
f 15160 15180 15181
f 15160 15181 15161
f 15161 15181 15182
f 15161 15182 15162
f 15162 15182 15183
f 15162 15183 15163
f 15163 15183 15184
f 15164 15185 15165
f 15165 15185 15186
f 15165 15186 15166
f 15166 15186 15187
f 15166 15187 15167
f 15167 15187 15188
f 15167 15188 15168
f 15168 15188 15189
f 15168 15189 15169
f 15169 15189 15190
f 15169 15190 15170
f 15170 15190 15191
f 15170 15191 15171
f 15171 15191 15192
f 15171 15192 15172
f 15172 15192 15193
f 15172 15193 15173
f 15173 15193 15194
f 15173 15194 15174
f 15174 15194 15195
f 15174 15195 15175
f 15175 15195 15196
f 15175 15196 15176
f 15176 15196 15197
f 15176 15197 15177
f 15177 15197 15198
f 15177 15198 15178
f 15178 15198 15199
f 15178 15199 15179
f 15179 15199 15200
f 15179 15200 15180
f 15180 15200 15201
f 15180 15201 15181
f 15181 15201 15202
f 15181 15202 15182
f 15182 15202 15203
f 15182 15203 15183
f 15183 15203 15204
f 15183 15204 15184
f 15184 15204 15205
f 15185 15206 15186
f 15186 15206 15207
f 15186 15207 15187
f 15187 15207 15208
f 15187 15208 15188
f 15188 15208 15209
f 15188 15209 15189
f 15189 15209 15210
f 15189 15210 15190
f 15190 15210 15211
f 15190 15211 15191
f 15191 15211 15212
f 15191 15212 15192
f 15192 15212 15213
f 15192 15213 15193
f 15193 15213 15214
f 15193 15214 15194
f 15194 15214 15215
f 15194 15215 15195
f 15195 15215 15216
f 15195 15216 15196
f 15196 15216 15217
f 15196 15217 15197
f 15197 15217 15218
f 15197 15218 15198
f 15198 15218 15219
f 15198 15219 15199
f 15199 15219 15220
f 15199 15220 15200
f 15200 15220 15221
f 15200 15221 15201
f 15201 15221 15222
f 15201 15222 15202
f 15202 15222 15223
f 15202 15223 15203
f 15203 15223 15224
f 15203 15224 15204
f 15204 15224 15225
f 15204 15225 15205
f 15205 15225 15226
f 15206 15227 15207
f 15207 15227 15228
f 15207 15228 15208
f 15208 15228 15229
f 15208 15229 15209
f 15209 15229 15230
f 15209 15230 15210
f 15210 15230 15231
f 15210 15231 15211
f 15211 15231 15232
f 15211 15232 15212
f 15212 15232 15233
f 15212 15233 15213
f 15213 15233 15234
f 15213 15234 15214
f 15214 15234 15235
f 15214 15235 15215
f 15215 15235 15236
f 15215 15236 15216
f 15216 15236 15237
f 15216 15237 15217
f 15217 15237 15238
f 15217 15238 15218
f 15218 15238 15239
f 15218 15239 15219
f 15219 15239 15240
f 15219 15240 15220
f 15220 15240 15241
f 15220 15241 15221
f 15221 15241 15242
f 15221 15242 15222
f 15222 15242 15243
f 15222 15243 15223
f 15223 15243 15244
f 15223 15244 15224
f 15224 15244 15245
f 15224 15245 15225
f 15225 15245 15246
f 15225 15246 15226
f 15226 15246 15247
f 15227 15248 15228
f 15228 15248 15249
f 15228 15249 15229
f 15229 15249 15250
f 15229 15250 15230
f 15230 15250 15251
f 15230 15251 15231
f 15231 15251 15252
f 15231 15252 15232
f 15232 15252 15253
f 15232 15253 15233
f 15233 15253 15254
f 15233 15254 15234
f 15234 15254 15255
f 15234 15255 15235
f 15235 15255 15256
f 15235 15256 15236
f 15236 15256 15257
f 15236 15257 15237
f 15237 15257 15258
f 15237 15258 15238
f 15238 15258 15259
f 15238 15259 15239
f 15239 15259 15260
f 15239 15260 15240
f 15240 15260 15261
f 15240 15261 15241
f 15241 15261 15262
f 15241 15262 15242
f 15242 15262 15263
f 15242 15263 15243
f 15243 15263 15264
f 15243 15264 15244
f 15244 15264 15265
f 15244 15265 15245
f 15245 15265 15266
f 15245 15266 15246
f 15246 15266 15267
f 15246 15267 15247
f 15247 15267 15268
f 15248 15269 15249
f 15249 15269 15270
f 15249 15270 15250
f 15250 15270 15271
f 15250 15271 15251
f 15251 15271 15272
f 15251 15272 15252
f 15252 15272 15273
f 15252 15273 15253
f 15253 15273 15274
f 15253 15274 15254
f 15254 15274 15275
f 15254 15275 15255
f 15255 15275 15276
f 15255 15276 15256
f 15256 15276 15277
f 15256 15277 15257
f 15257 15277 15278
f 15257 15278 15258
f 15258 15278 15279
f 15258 15279 15259
f 15259 15279 15280
f 15259 15280 15260
f 15260 15280 15281
f 15260 15281 15261
f 15261 15281 15282
f 15261 15282 15262
f 15262 15282 15283
f 15262 15283 15263
f 15263 15283 15284
f 15263 15284 15264
f 15264 15284 15285
f 15264 15285 15265
f 15265 15285 15286
f 15265 15286 15266
f 15266 15286 15287
f 15266 15287 15267
f 15267 15287 15288
f 15267 15288 15268
f 15268 15288 15289
f 15269 15290 15270
f 15270 15291 15271
f 15271 15292 15272
f 15272 15293 15273
f 15273 15294 15274
f 15274 15295 15275
f 15275 15296 15276
f 15276 15297 15277
f 15277 15298 15278
f 15278 15299 15279
f 15279 15300 15280
f 15280 15301 15281
f 15281 15302 15282
f 15282 15303 15283
f 15283 15304 15284
f 15284 15305 15285
f 15285 15306 15286
f 15286 15307 15287
f 15287 15308 15288
f 15288 15309 15289
usemtl body_light
f 15311 15313 15312
f 15312 15313 15314
f 15313 15315 15314
f 15314 15315 15316
f 15315 15317 15316
f 15316 15317 15318
f 15317 15319 15318
f 15318 15319 15320
f 15319 15321 15320
f 15320 15321 15322
f 15321 15323 15322
f 15322 15323 15324
f 15323 15325 15324
f 15324 15325 15326
f 15325 15327 15326
f 15326 15327 15328
f 15327 15329 15328
f 15328 15329 15330
f 15329 15331 15330
f 15330 15331 15332
f 15331 15333 15332
f 15332 15333 15334
f 15333 15335 15334
f 15334 15335 15336
f 15335 15337 15336
f 15336 15337 15338
f 15337 15339 15338
f 15338 15339 15340
f 15339 15341 15340
f 15340 15341 15342
f 15341 15343 15342
f 15342 15343 15344
f 15343 15345 15344
f 15344 15345 15346
f 15345 15347 15346
f 15346 15347 15348
f 15349 15311 15313
f 15350 15314 15312
f 15349 15313 15315
f 15350 15316 15314
f 15349 15315 15317
f 15350 15318 15316
f 15349 15317 15319
f 15350 15320 15318
f 15349 15319 15321
f 15350 15322 15320
f 15349 15321 15323
f 15350 15324 15322
f 15349 15323 15325
f 15350 15326 15324
f 15349 15325 15327
f 15350 15328 15326
f 15349 15327 15329
f 15350 15330 15328
f 15349 15329 15331
f 15350 15332 15330
f 15349 15331 15333
f 15350 15334 15332
f 15349 15333 15335
f 15350 15336 15334
f 15349 15335 15337
f 15350 15338 15336
f 15349 15337 15339
f 15350 15340 15338
f 15349 15339 15341
f 15350 15342 15340
f 15349 15341 15343
f 15350 15344 15342
f 15349 15343 15345
f 15350 15346 15344
f 15349 15345 15347
f 15350 15348 15346
usemtl body_dark
f 15352 15372 15373
f 15353 15373 15374
f 15354 15374 15375
f 15355 15375 15376
f 15356 15376 15377
f 15357 15377 15378
f 15358 15378 15379
f 15359 15379 15380
f 15360 15380 15381
f 15361 15381 15382
f 15362 15382 15383
f 15363 15383 15384
f 15364 15384 15385
f 15365 15385 15386
f 15366 15386 15387
f 15367 15387 15388
f 15368 15388 15389
f 15369 15389 15390
f 15370 15390 15391
f 15371 15391 15392
f 15372 15393 15373
f 15373 15393 15394
f 15373 15394 15374
f 15374 15394 15395
f 15374 15395 15375
f 15375 15395 15396
f 15375 15396 15376
f 15376 15396 15397
f 15376 15397 15377
f 15377 15397 15398
f 15377 15398 15378
f 15378 15398 15399
f 15378 15399 15379
f 15379 15399 15400
f 15379 15400 15380
f 15380 15400 15401
f 15380 15401 15381
f 15381 15401 15402
f 15381 15402 15382
f 15382 15402 15403
f 15382 15403 15383
f 15383 15403 15404
f 15383 15404 15384
f 15384 15404 15405
f 15384 15405 15385
f 15385 15405 15406
f 15385 15406 15386
f 15386 15406 15407
f 15386 15407 15387
f 15387 15407 15408
f 15387 15408 15388
f 15388 15408 15409
f 15388 15409 15389
f 15389 15409 15410
f 15389 15410 15390
f 15390 15410 15411
f 15390 15411 15391
f 15391 15411 15412
f 15391 15412 15392
f 15392 15412 15413
f 15393 15414 15394
f 15394 15414 15415
f 15394 15415 15395
f 15395 15415 15416
f 15395 15416 15396
f 15396 15416 15417
f 15396 15417 15397
f 15397 15417 15418
f 15397 15418 15398
f 15398 15418 15419
f 15398 15419 15399
f 15399 15419 15420
f 15399 15420 15400
f 15400 15420 15421
f 15400 15421 15401
f 15401 15421 15422
f 15401 15422 15402
f 15402 15422 15423
f 15402 15423 15403
f 15403 15423 15424
f 15403 15424 15404
f 15404 15424 15425
f 15404 15425 15405
f 15405 15425 15426
f 15405 15426 15406
f 15406 15426 15427
f 15406 15427 15407
f 15407 15427 15428
f 15407 15428 15408
f 15408 15428 15429
f 15408 15429 15409
f 15409 15429 15430
f 15409 15430 15410
f 15410 15430 15431
f 15410 15431 15411
f 15411 15431 15432
f 15411 15432 15412
f 15412 15432 15433
f 15412 15433 15413
f 15413 15433 15434
f 15414 15435 15415
f 15415 15435 15436
f 15415 15436 15416
f 15416 15436 15437
f 15416 15437 15417
f 15417 15437 15438
f 15417 15438 15418
f 15418 15438 15439
f 15418 15439 15419
f 15419 15439 15440
f 15419 15440 15420
f 15420 15440 15441
f 15420 15441 15421
f 15421 15441 15442
f 15421 15442 15422
f 15422 15442 15443
f 15422 15443 15423
f 15423 15443 15444
f 15423 15444 15424
f 15424 15444 15445
f 15424 15445 15425
f 15425 15445 15446
f 15425 15446 15426
f 15426 15446 15447
f 15426 15447 15427
f 15427 15447 15448
f 15427 15448 15428
f 15428 15448 15449
f 15428 15449 15429
f 15429 15449 15450
f 15429 15450 15430
f 15430 15450 15451
f 15430 15451 15431
f 15431 15451 15452
f 15431 15452 15432
f 15432 15452 15453
f 15432 15453 15433
f 15433 15453 15454
f 15433 15454 15434
f 15434 15454 15455
f 15435 15456 15436
f 15436 15456 15457
f 15436 15457 15437
f 15437 15457 15458
f 15437 15458 15438
f 15438 15458 15459
f 15438 15459 15439
f 15439 15459 15460
f 15439 15460 15440
f 15440 15460 15461
f 15440 15461 15441
f 15441 15461 15462
f 15441 15462 15442
f 15442 15462 15463
f 15442 15463 15443
f 15443 15463 15464
f 15443 15464 15444
f 15444 15464 15465
f 15444 15465 15445
f 15445 15465 15466
f 15445 15466 15446
f 15446 15466 15467
f 15446 15467 15447
f 15447 15467 15468
f 15447 15468 15448
f 15448 15468 15469
f 15448 15469 15449
f 15449 15469 15470
f 15449 15470 15450
f 15450 15470 15471
f 15450 15471 15451
f 15451 15471 15472
f 15451 15472 15452
f 15452 15472 15473
f 15452 15473 15453
f 15453 15473 15474
f 15453 15474 15454
f 15454 15474 15475
f 15454 15475 15455
f 15455 15475 15476
f 15456 15477 15457
f 15457 15477 15478
f 15457 15478 15458
f 15458 15478 15479
f 15458 15479 15459
f 15459 15479 15480
f 15459 15480 15460
f 15460 15480 15481
f 15460 15481 15461
f 15461 15481 15482
f 15461 15482 15462
f 15462 15482 15483
f 15462 15483 15463
f 15463 15483 15484
f 15463 15484 15464
f 15464 15484 15485
f 15464 15485 15465
f 15465 15485 15486
f 15465 15486 15466
f 15466 15486 15487
f 15466 15487 15467
f 15467 15487 15488
f 15467 15488 15468
f 15468 15488 15489
f 15468 15489 15469
f 15469 15489 15490
f 15469 15490 15470
f 15470 15490 15491
f 15470 15491 15471
f 15471 15491 15492
f 15471 15492 15472
f 15472 15492 15493
f 15472 15493 15473
f 15473 15493 15494
f 15473 15494 15474
f 15474 15494 15495
f 15474 15495 15475
f 15475 15495 15496
f 15475 15496 15476
f 15476 15496 15497
f 15477 15498 15478
f 15478 15498 15499
f 15478 15499 15479
f 15479 15499 15500
f 15479 15500 15480
f 15480 15500 15501
f 15480 15501 15481
f 15481 15501 15502
f 15481 15502 15482
f 15482 15502 15503
f 15482 15503 15483
f 15483 15503 15504
f 15483 15504 15484
f 15484 15504 15505
f 15484 15505 15485
f 15485 15505 15506
f 15485 15506 15486
f 15486 15506 15507
f 15486 15507 15487
f 15487 15507 15508
f 15487 15508 15488
f 15488 15508 15509
f 15488 15509 15489
f 15489 15509 15510
f 15489 15510 15490
f 15490 15510 15511
f 15490 15511 15491
f 15491 15511 15512
f 15491 15512 15492
f 15492 15512 15513
f 15492 15513 15493
f 15493 15513 15514
f 15493 15514 15494
f 15494 15514 15515
f 15494 15515 15495
f 15495 15515 15516
f 15495 15516 15496
f 15496 15516 15517
f 15496 15517 15497
f 15497 15517 15518
f 15498 15519 15499
f 15499 15519 15520
f 15499 15520 15500
f 15500 15520 15521
f 15500 15521 15501
f 15501 15521 15522
f 15501 15522 15502
f 15502 15522 15523
f 15502 15523 15503
f 15503 15523 15524
f 15503 15524 15504
f 15504 15524 15525
f 15504 15525 15505
f 15505 15525 15526
f 15505 15526 15506
f 15506 15526 15527
f 15506 15527 15507
f 15507 15527 15528
f 15507 15528 15508
f 15508 15528 15529
f 15508 15529 15509
f 15509 15529 15530
f 15509 15530 15510
f 15510 15530 15531
f 15510 15531 15511
f 15511 15531 15532
f 15511 15532 15512
f 15512 15532 15533
f 15512 15533 15513
f 15513 15533 15534
f 15513 15534 15514
f 15514 15534 15535
f 15514 15535 15515
f 15515 15535 15536
f 15515 15536 15516
f 15516 15536 15537
f 15516 15537 15517
f 15517 15537 15538
f 15517 15538 15518
f 15518 15538 15539
f 15519 15540 15520
f 15520 15540 15541
f 15520 15541 15521
f 15521 15541 15542
f 15521 15542 15522
f 15522 15542 15543
f 15522 15543 15523
f 15523 15543 15544
f 15523 15544 15524
f 15524 15544 15545
f 15524 15545 15525
f 15525 15545 15546
f 15525 15546 15526
f 15526 15546 15547
f 15526 15547 15527
f 15527 15547 15548
f 15527 15548 15528
f 15528 15548 15549
f 15528 15549 15529
f 15529 15549 15550
f 15529 15550 15530
f 15530 15550 15551
f 15530 15551 15531
f 15531 15551 15552
f 15531 15552 15532
f 15532 15552 15553
f 15532 15553 15533
f 15533 15553 15554
f 15533 15554 15534
f 15534 15554 15555
f 15534 15555 15535
f 15535 15555 15556
f 15535 15556 15536
f 15536 15556 15557
f 15536 15557 15537
f 15537 15557 15558
f 15537 15558 15538
f 15538 15558 15559
f 15538 15559 15539
f 15539 15559 15560
f 15540 15561 15541
f 15541 15561 15562
f 15541 15562 15542
f 15542 15562 15563
f 15542 15563 15543
f 15543 15563 15564
f 15543 15564 15544
f 15544 15564 15565
f 15544 15565 15545
f 15545 15565 15566
f 15545 15566 15546
f 15546 15566 15567
f 15546 15567 15547
f 15547 15567 15568
f 15547 15568 15548
f 15548 15568 15569
f 15548 15569 15549
f 15549 15569 15570
f 15549 15570 15550
f 15550 15570 15571
f 15550 15571 15551
f 15551 15571 15572
f 15551 15572 15552
f 15552 15572 15573
f 15552 15573 15553
f 15553 15573 15574
f 15553 15574 15554
f 15554 15574 15575
f 15554 15575 15555
f 15555 15575 15576
f 15555 15576 15556
f 15556 15576 15577
f 15556 15577 15557
f 15557 15577 15578
f 15557 15578 15558
f 15558 15578 15579
f 15558 15579 15559
f 15559 15579 15580
f 15559 15580 15560
f 15560 15580 15581
f 15561 15582 15562
f 15562 15582 15583
f 15562 15583 15563
f 15563 15583 15584
f 15563 15584 15564
f 15564 15584 15585
f 15564 15585 15565
f 15565 15585 15586
f 15565 15586 15566
f 15566 15586 15587
f 15566 15587 15567
f 15567 15587 15588
f 15567 15588 15568
f 15568 15588 15589
f 15568 15589 15569
f 15569 15589 15590
f 15569 15590 15570
f 15570 15590 15591
f 15570 15591 15571
f 15571 15591 15592
f 15571 15592 15572
f 15572 15592 15593
f 15572 15593 15573
f 15573 15593 15594
f 15573 15594 15574
f 15574 15594 15595
f 15574 15595 15575
f 15575 15595 15596
f 15575 15596 15576
f 15576 15596 15597
f 15576 15597 15577
f 15577 15597 15598
f 15577 15598 15578
f 15578 15598 15599
f 15578 15599 15579
f 15579 15599 15600
f 15579 15600 15580
f 15580 15600 15601
f 15580 15601 15581
f 15581 15601 15602
f 15582 15603 15583
f 15583 15603 15604
f 15583 15604 15584
f 15584 15604 15605
f 15584 15605 15585
f 15585 15605 15606
f 15585 15606 15586
f 15586 15606 15607
f 15586 15607 15587
f 15587 15607 15608
f 15587 15608 15588
f 15588 15608 15609
f 15588 15609 15589
f 15589 15609 15610
f 15589 15610 15590
f 15590 15610 15611
f 15590 15611 15591
f 15591 15611 15612
f 15591 15612 15592
f 15592 15612 15613
f 15592 15613 15593
f 15593 15613 15614
f 15593 15614 15594
f 15594 15614 15615
f 15594 15615 15595
f 15595 15615 15616
f 15595 15616 15596
f 15596 15616 15617
f 15596 15617 15597
f 15597 15617 15618
f 15597 15618 15598
f 15598 15618 15619
f 15598 15619 15599
f 15599 15619 15620
f 15599 15620 15600
f 15600 15620 15621
f 15600 15621 15601
f 15601 15621 15622
f 15601 15622 15602
f 15602 15622 15623
f 15603 15624 15604
f 15604 15624 15625
f 15604 15625 15605
f 15605 15625 15626
f 15605 15626 15606
f 15606 15626 15627
f 15606 15627 15607
f 15607 15627 15628
f 15607 15628 15608
f 15608 15628 15629
f 15608 15629 15609
f 15609 15629 15630
f 15609 15630 15610
f 15610 15630 15631
f 15610 15631 15611
f 15611 15631 15632
f 15611 15632 15612
f 15612 15632 15633
f 15612 15633 15613
f 15613 15633 15634
f 15613 15634 15614
f 15614 15634 15635
f 15614 15635 15615
f 15615 15635 15636
f 15615 15636 15616
f 15616 15636 15637
f 15616 15637 15617
f 15617 15637 15638
f 15617 15638 15618
f 15618 15638 15639
f 15618 15639 15619
f 15619 15639 15640
f 15619 15640 15620
f 15620 15640 15641
f 15620 15641 15621
f 15621 15641 15642
f 15621 15642 15622
f 15622 15642 15643
f 15622 15643 15623
f 15623 15643 15644
f 15624 15645 15625
f 15625 15646 15626
f 15626 15647 15627
f 15627 15648 15628
f 15628 15649 15629
f 15629 15650 15630
f 15630 15651 15631
f 15631 15652 15632
f 15632 15653 15633
f 15633 15654 15634
f 15634 15655 15635
f 15635 15656 15636
f 15636 15657 15637
f 15637 15658 15638
f 15638 15659 15639
f 15639 15660 15640
f 15640 15661 15641
f 15641 15662 15642
f 15642 15663 15643
f 15643 15664 15644
usemtl body_mid
f 15666 15668 15667
f 15667 15668 15669
f 15668 15670 15669
f 15669 15670 15671
f 15670 15672 15671
f 15671 15672 15673
f 15672 15674 15673
f 15673 15674 15675
f 15674 15676 15675
f 15675 15676 15677
f 15676 15678 15677
f 15677 15678 15679
f 15678 15680 15679
f 15679 15680 15681
f 15680 15682 15681
f 15681 15682 15683
f 15682 15684 15683
f 15683 15684 15685
f 15684 15686 15685
f 15685 15686 15687
f 15686 15688 15687
f 15687 15688 15689
f 15688 15690 15689
f 15689 15690 15691
f 15690 15692 15691
f 15691 15692 15693
f 15692 15694 15693
f 15693 15694 15695
f 15694 15696 15695
f 15695 15696 15697
f 15696 15698 15697
f 15697 15698 15699
f 15698 15700 15699
f 15699 15700 15701
f 15700 15702 15701
f 15701 15702 15703
f 15704 15666 15668
f 15705 15669 15667
f 15704 15668 15670
f 15705 15671 15669
f 15704 15670 15672
f 15705 15673 15671
f 15704 15672 15674
f 15705 15675 15673
f 15704 15674 15676
f 15705 15677 15675
f 15704 15676 15678
f 15705 15679 15677
f 15704 15678 15680
f 15705 15681 15679
f 15704 15680 15682
f 15705 15683 15681
f 15704 15682 15684
f 15705 15685 15683
f 15704 15684 15686
f 15705 15687 15685
f 15704 15686 15688
f 15705 15689 15687
f 15704 15688 15690
f 15705 15691 15689
f 15704 15690 15692
f 15705 15693 15691
f 15704 15692 15694
f 15705 15695 15693
f 15704 15694 15696
f 15705 15697 15695
f 15704 15696 15698
f 15705 15699 15697
f 15704 15698 15700
f 15705 15701 15699
f 15704 15700 15702
f 15705 15703 15701
usemtl body_dark
f 15707 15727 15728
f 15708 15728 15729
f 15709 15729 15730
f 15710 15730 15731
f 15711 15731 15732
f 15712 15732 15733
f 15713 15733 15734
f 15714 15734 15735
f 15715 15735 15736
f 15716 15736 15737
f 15717 15737 15738
f 15718 15738 15739
f 15719 15739 15740
f 15720 15740 15741
f 15721 15741 15742
f 15722 15742 15743
f 15723 15743 15744
f 15724 15744 15745
f 15725 15745 15746
f 15726 15746 15747
f 15727 15748 15728
f 15728 15748 15749
f 15728 15749 15729
f 15729 15749 15750
f 15729 15750 15730
f 15730 15750 15751
f 15730 15751 15731
f 15731 15751 15752
f 15731 15752 15732
f 15732 15752 15753
f 15732 15753 15733
f 15733 15753 15754
f 15733 15754 15734
f 15734 15754 15755
f 15734 15755 15735
f 15735 15755 15756
f 15735 15756 15736
f 15736 15756 15757
f 15736 15757 15737
f 15737 15757 15758
f 15737 15758 15738
f 15738 15758 15759
f 15738 15759 15739
f 15739 15759 15760
f 15739 15760 15740
f 15740 15760 15761
f 15740 15761 15741
f 15741 15761 15762
f 15741 15762 15742
f 15742 15762 15763
f 15742 15763 15743
f 15743 15763 15764
f 15743 15764 15744
f 15744 15764 15765
f 15744 15765 15745
f 15745 15765 15766
f 15745 15766 15746
f 15746 15766 15767
f 15746 15767 15747
f 15747 15767 15768
f 15748 15769 15749
f 15749 15769 15770
f 15749 15770 15750
f 15750 15770 15771
f 15750 15771 15751
f 15751 15771 15772
f 15751 15772 15752
f 15752 15772 15773
f 15752 15773 15753
f 15753 15773 15774
f 15753 15774 15754
f 15754 15774 15775
f 15754 15775 15755
f 15755 15775 15776
f 15755 15776 15756
f 15756 15776 15777
f 15756 15777 15757
f 15757 15777 15778
f 15757 15778 15758
f 15758 15778 15779
f 15758 15779 15759
f 15759 15779 15780
f 15759 15780 15760
f 15760 15780 15781
f 15760 15781 15761
f 15761 15781 15782
f 15761 15782 15762
f 15762 15782 15783
f 15762 15783 15763
f 15763 15783 15784
f 15763 15784 15764
f 15764 15784 15785
f 15764 15785 15765
f 15765 15785 15786
f 15765 15786 15766
f 15766 15786 15787
f 15766 15787 15767
f 15767 15787 15788
f 15767 15788 15768
f 15768 15788 15789
f 15769 15790 15770
f 15770 15790 15791
f 15770 15791 15771
f 15771 15791 15792
f 15771 15792 15772
f 15772 15792 15793
f 15772 15793 15773
f 15773 15793 15794
f 15773 15794 15774
f 15774 15794 15795
f 15774 15795 15775
f 15775 15795 15796
f 15775 15796 15776
f 15776 15796 15797
f 15776 15797 15777
f 15777 15797 15798
f 15777 15798 15778
f 15778 15798 15799
f 15778 15799 15779
f 15779 15799 15800
f 15779 15800 15780
f 15780 15800 15801
f 15780 15801 15781
f 15781 15801 15802
f 15781 15802 15782
f 15782 15802 15803
f 15782 15803 15783
f 15783 15803 15804
f 15783 15804 15784
f 15784 15804 15805
f 15784 15805 15785
f 15785 15805 15806
f 15785 15806 15786
f 15786 15806 15807
f 15786 15807 15787
f 15787 15807 15808
f 15787 15808 15788
f 15788 15808 15809
f 15788 15809 15789
f 15789 15809 15810
f 15790 15811 15791
f 15791 15811 15812
f 15791 15812 15792
f 15792 15812 15813
f 15792 15813 15793
f 15793 15813 15814
f 15793 15814 15794
f 15794 15814 15815
f 15794 15815 15795
f 15795 15815 15816
f 15795 15816 15796
f 15796 15816 15817
f 15796 15817 15797
f 15797 15817 15818
f 15797 15818 15798
f 15798 15818 15819
f 15798 15819 15799
f 15799 15819 15820
f 15799 15820 15800
f 15800 15820 15821
f 15800 15821 15801
f 15801 15821 15822
f 15801 15822 15802
f 15802 15822 15823
f 15802 15823 15803
f 15803 15823 15824
f 15803 15824 15804
f 15804 15824 15825
f 15804 15825 15805
f 15805 15825 15826
f 15805 15826 15806
f 15806 15826 15827
f 15806 15827 15807
f 15807 15827 15828
f 15807 15828 15808
f 15808 15828 15829
f 15808 15829 15809
f 15809 15829 15830
f 15809 15830 15810
f 15810 15830 15831
f 15811 15832 15812
f 15812 15832 15833
f 15812 15833 15813
f 15813 15833 15834
f 15813 15834 15814
f 15814 15834 15835
f 15814 15835 15815
f 15815 15835 15836
f 15815 15836 15816
f 15816 15836 15837
f 15816 15837 15817
f 15817 15837 15838
f 15817 15838 15818
f 15818 15838 15839
f 15818 15839 15819
f 15819 15839 15840
f 15819 15840 15820
f 15820 15840 15841
f 15820 15841 15821
f 15821 15841 15842
f 15821 15842 15822
f 15822 15842 15843
f 15822 15843 15823
f 15823 15843 15844
f 15823 15844 15824
f 15824 15844 15845
f 15824 15845 15825
f 15825 15845 15846
f 15825 15846 15826
f 15826 15846 15847
f 15826 15847 15827
f 15827 15847 15848
f 15827 15848 15828
f 15828 15848 15849
f 15828 15849 15829
f 15829 15849 15850
f 15829 15850 15830
f 15830 15850 15851
f 15830 15851 15831
f 15831 15851 15852
f 15832 15853 15833
f 15833 15853 15854
f 15833 15854 15834
f 15834 15854 15855
f 15834 15855 15835
f 15835 15855 15856
f 15835 15856 15836
f 15836 15856 15857
f 15836 15857 15837
f 15837 15857 15858
f 15837 15858 15838
f 15838 15858 15859
f 15838 15859 15839
f 15839 15859 15860
f 15839 15860 15840
f 15840 15860 15861
f 15840 15861 15841
f 15841 15861 15862
f 15841 15862 15842
f 15842 15862 15863
f 15842 15863 15843
f 15843 15863 15864
f 15843 15864 15844
f 15844 15864 15865
f 15844 15865 15845
f 15845 15865 15866
f 15845 15866 15846
f 15846 15866 15867
f 15846 15867 15847
f 15847 15867 15868
f 15847 15868 15848
f 15848 15868 15869
f 15848 15869 15849
f 15849 15869 15870
f 15849 15870 15850
f 15850 15870 15871
f 15850 15871 15851
f 15851 15871 15872
f 15851 15872 15852
f 15852 15872 15873
f 15853 15874 15854
f 15854 15874 15875
f 15854 15875 15855
f 15855 15875 15876
f 15855 15876 15856
f 15856 15876 15877
f 15856 15877 15857
f 15857 15877 15878
f 15857 15878 15858
f 15858 15878 15879
f 15858 15879 15859
f 15859 15879 15880
f 15859 15880 15860
f 15860 15880 15881
f 15860 15881 15861
f 15861 15881 15882
f 15861 15882 15862
f 15862 15882 15883
f 15862 15883 15863
f 15863 15883 15884
f 15863 15884 15864
f 15864 15884 15885
f 15864 15885 15865
f 15865 15885 15886
f 15865 15886 15866
f 15866 15886 15887
f 15866 15887 15867
f 15867 15887 15888
f 15867 15888 15868
f 15868 15888 15889
f 15868 15889 15869
f 15869 15889 15890
f 15869 15890 15870
f 15870 15890 15891
f 15870 15891 15871
f 15871 15891 15892
f 15871 15892 15872
f 15872 15892 15893
f 15872 15893 15873
f 15873 15893 15894
f 15874 15895 15875
f 15875 15895 15896
f 15875 15896 15876
f 15876 15896 15897
f 15876 15897 15877
f 15877 15897 15898
f 15877 15898 15878
f 15878 15898 15899
f 15878 15899 15879
f 15879 15899 15900
f 15879 15900 15880
f 15880 15900 15901
f 15880 15901 15881
f 15881 15901 15902
f 15881 15902 15882
f 15882 15902 15903
f 15882 15903 15883
f 15883 15903 15904
f 15883 15904 15884
f 15884 15904 15905
f 15884 15905 15885
f 15885 15905 15906
f 15885 15906 15886
f 15886 15906 15907
f 15886 15907 15887
f 15887 15907 15908
f 15887 15908 15888
f 15888 15908 15909
f 15888 15909 15889
f 15889 15909 15910
f 15889 15910 15890
f 15890 15910 15911
f 15890 15911 15891
f 15891 15911 15912
f 15891 15912 15892
f 15892 15912 15913
f 15892 15913 15893
f 15893 15913 15914
f 15893 15914 15894
f 15894 15914 15915
f 15895 15916 15896
f 15896 15916 15917
f 15896 15917 15897
f 15897 15917 15918
f 15897 15918 15898
f 15898 15918 15919
f 15898 15919 15899
f 15899 15919 15920
f 15899 15920 15900
f 15900 15920 15921
f 15900 15921 15901
f 15901 15921 15922
f 15901 15922 15902
f 15902 15922 15923
f 15902 15923 15903
f 15903 15923 15924
f 15903 15924 15904
f 15904 15924 15925
f 15904 15925 15905
f 15905 15925 15926
f 15905 15926 15906
f 15906 15926 15927
f 15906 15927 15907
f 15907 15927 15928
f 15907 15928 15908
f 15908 15928 15929
f 15908 15929 15909
f 15909 15929 15930
f 15909 15930 15910
f 15910 15930 15931
f 15910 15931 15911
f 15911 15931 15932
f 15911 15932 15912
f 15912 15932 15933
f 15912 15933 15913
f 15913 15933 15934
f 15913 15934 15914
f 15914 15934 15935
f 15914 15935 15915
f 15915 15935 15936
f 15916 15937 15917
f 15917 15937 15938
f 15917 15938 15918
f 15918 15938 15939
f 15918 15939 15919
f 15919 15939 15940
f 15919 15940 15920
f 15920 15940 15941
f 15920 15941 15921
f 15921 15941 15942
f 15921 15942 15922
f 15922 15942 15943
f 15922 15943 15923
f 15923 15943 15944
f 15923 15944 15924
f 15924 15944 15945
f 15924 15945 15925
f 15925 15945 15946
f 15925 15946 15926
f 15926 15946 15947
f 15926 15947 15927
f 15927 15947 15948
f 15927 15948 15928
f 15928 15948 15949
f 15928 15949 15929
f 15929 15949 15950
f 15929 15950 15930
f 15930 15950 15951
f 15930 15951 15931
f 15931 15951 15952
f 15931 15952 15932
f 15932 15952 15953
f 15932 15953 15933
f 15933 15953 15954
f 15933 15954 15934
f 15934 15954 15955
f 15934 15955 15935
f 15935 15955 15956
f 15935 15956 15936
f 15936 15956 15957
f 15937 15958 15938
f 15938 15958 15959
f 15938 15959 15939
f 15939 15959 15960
f 15939 15960 15940
f 15940 15960 15961
f 15940 15961 15941
f 15941 15961 15962
f 15941 15962 15942
f 15942 15962 15963
f 15942 15963 15943
f 15943 15963 15964
f 15943 15964 15944
f 15944 15964 15965
f 15944 15965 15945
f 15945 15965 15966
f 15945 15966 15946
f 15946 15966 15967
f 15946 15967 15947
f 15947 15967 15968
f 15947 15968 15948
f 15948 15968 15969
f 15948 15969 15949
f 15949 15969 15970
f 15949 15970 15950
f 15950 15970 15971
f 15950 15971 15951
f 15951 15971 15972
f 15951 15972 15952
f 15952 15972 15973
f 15952 15973 15953
f 15953 15973 15974
f 15953 15974 15954
f 15954 15974 15975
f 15954 15975 15955
f 15955 15975 15976
f 15955 15976 15956
f 15956 15976 15977
f 15956 15977 15957
f 15957 15977 15978
f 15958 15979 15959
f 15959 15979 15980
f 15959 15980 15960
f 15960 15980 15981
f 15960 15981 15961
f 15961 15981 15982
f 15961 15982 15962
f 15962 15982 15983
f 15962 15983 15963
f 15963 15983 15984
f 15963 15984 15964
f 15964 15984 15985
f 15964 15985 15965
f 15965 15985 15986
f 15965 15986 15966
f 15966 15986 15987
f 15966 15987 15967
f 15967 15987 15988
f 15967 15988 15968
f 15968 15988 15989
f 15968 15989 15969
f 15969 15989 15990
f 15969 15990 15970
f 15970 15990 15991
f 15970 15991 15971
f 15971 15991 15992
f 15971 15992 15972
f 15972 15992 15993
f 15972 15993 15973
f 15973 15993 15994
f 15973 15994 15974
f 15974 15994 15995
f 15974 15995 15975
f 15975 15995 15996
f 15975 15996 15976
f 15976 15996 15997
f 15976 15997 15977
f 15977 15997 15998
f 15977 15998 15978
f 15978 15998 15999
f 15979 16000 15980
f 15980 16001 15981
f 15981 16002 15982
f 15982 16003 15983
f 15983 16004 15984
f 15984 16005 15985
f 15985 16006 15986
f 15986 16007 15987
f 15987 16008 15988
f 15988 16009 15989
f 15989 16010 15990
f 15990 16011 15991
f 15991 16012 15992
f 15992 16013 15993
f 15993 16014 15994
f 15994 16015 15995
f 15995 16016 15996
f 15996 16017 15997
f 15997 16018 15998
f 15998 16019 15999
usemtl accent_cyan
f 16021 16023 16022
f 16022 16023 16024
f 16023 16025 16024
f 16024 16025 16026
f 16025 16027 16026
f 16026 16027 16028
f 16027 16029 16028
f 16028 16029 16030
f 16029 16031 16030
f 16030 16031 16032
f 16031 16033 16032
f 16032 16033 16034
f 16033 16035 16034
f 16034 16035 16036
f 16035 16037 16036
f 16036 16037 16038
f 16039 16021 16023
f 16040 16024 16022
f 16039 16023 16025
f 16040 16026 16024
f 16039 16025 16027
f 16040 16028 16026
f 16039 16027 16029
f 16040 16030 16028
f 16039 16029 16031
f 16040 16032 16030
f 16039 16031 16033
f 16040 16034 16032
f 16039 16033 16035
f 16040 16036 16034
f 16039 16035 16037
f 16040 16038 16036
usemtl body_light
f 16041 16042 16043
f 16041 16043 16044
f 16046 16045 16048
f 16046 16048 16047
f 16045 16041 16044
f 16045 16044 16048
f 16042 16046 16047
f 16042 16047 16043
f 16044 16043 16047
f 16044 16047 16048
f 16045 16046 16042
f 16045 16042 16041
f 16049 16050 16051
f 16049 16051 16052
f 16054 16053 16056
f 16054 16056 16055
f 16053 16049 16052
f 16053 16052 16056
f 16050 16054 16055
f 16050 16055 16051
f 16052 16051 16055
f 16052 16055 16056
f 16053 16054 16050
f 16053 16050 16049
usemtl body_dark
f 16057 16058 16059
f 16057 16059 16060
f 16062 16061 16064
f 16062 16064 16063
f 16061 16057 16060
f 16061 16060 16064
f 16058 16062 16063
f 16058 16063 16059
f 16060 16059 16063
f 16060 16063 16064
f 16061 16062 16058
f 16061 16058 16057
